match_id,season,date,venue,city,team1,team2,toss_winner,toss_decision,winner,team1_win,match_status,team1_orig,team2_orig,toss_winner_orig,winner_orig,eliminator,player_of_match
335982,2007/08,2008-04-18,M Chinnaswamy Stadium,Bangalore,Royal Challengers Bangalore,Kolkata Knight Riders,Royal Challengers Bangalore,field,Kolkata Knight Riders,0,completed,Royal Challengers Bangalore,Kolkata Knight Riders,Royal Challengers Bangalore,Kolkata Knight Riders,,BB McCullum
335983,2007/08,2008-04-19,"Punjab Cricket Association Stadium, Mohali",Chandigarh,Punjab Kings,Chennai Super Kings,Chennai Super Kings,bat,Chennai Super Kings,0,completed,Kings XI Punjab,Chennai Super Kings,Chennai Super Kings,Chennai Super Kings,,MEK Hussey
335984,2007/08,2008-04-19,Feroz Shah Kotla,Delhi,Delhi Capitals,Rajasthan Royals,Rajasthan Royals,bat,Delhi Capitals,1,completed,Delhi Daredevils,Rajasthan Royals,Rajasthan Royals,Delhi Daredevils,,MF Maharoof
335985,2007/08,2008-04-20,Wankhede Stadium,Mumbai,Mumbai Indians,Royal Challengers Bangalore,Mumbai Indians,bat,Royal Challengers Bangalore,0,completed,Mumbai Indians,Royal Challengers Bangalore,Mumbai Indians,Royal Challengers Bangalore,,MV Boucher
335986,2007/08,2008-04-20,Eden Gardens,Kolkata,Kolkata Knight Riders,Deccan Chargers,Deccan Chargers,bat,Kolkata Knight Riders,1,completed,Kolkata Knight Riders,Deccan Chargers,Deccan Chargers,Kolkata Knight Riders,,DJ Hussey
335987,2007/08,2008-04-21,Sawai Mansingh Stadium,Jaipur,Rajasthan Royals,Punjab Kings,Punjab Kings,bat,Rajasthan Royals,1,completed,Rajasthan Royals,Kings XI Punjab,Kings XI Punjab,Rajasthan Royals,,SR Watson
335988,2007/08,2008-04-22,"Rajiv Gandhi International Stadium, Uppal",Hyderabad,Deccan Chargers,Delhi Capitals,Deccan Chargers,bat,Delhi Capitals,0,completed,Deccan Chargers,Delhi Daredevils,Deccan Chargers,Delhi Daredevils,,V Sehwag
335989,2007/08,2008-04-23,"MA Chidambaram Stadium, Chepauk",Chennai,Chennai Super Kings,Mumbai Indians,Mumbai Indians,field,Chennai Super Kings,1,completed,Chennai Super Kings,Mumbai Indians,Mumbai Indians,Chennai Super Kings,,ML Hayden
335990,2007/08,2008-04-24,"Rajiv Gandhi International Stadium, Uppal",Hyderabad,Deccan Chargers,Rajasthan Royals,Rajasthan Royals,field,Rajasthan Royals,0,completed,Deccan Chargers,Rajasthan Royals,Rajasthan Royals,Rajasthan Royals,,YK Pathan
335991,2007/08,2008-04-25,"Punjab Cricket Association Stadium, Mohali",Chandigarh,Punjab Kings,Mumbai Indians,Mumbai Indians,field,Punjab Kings,1,completed,Kings XI Punjab,Mumbai Indians,Mumbai Indians,Kings XI Punjab,,KC Sangakkara
335992,2007/08,2008-04-26,M Chinnaswamy Stadium,Bangalore,Royal Challengers Bangalore,Rajasthan Royals,Rajasthan Royals,field,Rajasthan Royals,0,completed,Royal Challengers Bangalore,Rajasthan Royals,Rajasthan Royals,Rajasthan Royals,,SR Watson
335993,2007/08,2008-04-26,"MA Chidambaram Stadium, Chepauk",Chennai,Chennai Super Kings,Kolkata Knight Riders,Kolkata Knight Riders,bat,Chennai Super Kings,1,completed,Chennai Super Kings,Kolkata Knight Riders,Kolkata Knight Riders,Chennai Super Kings,,JDP Oram
335994,2007/08,2008-04-27,Dr DY Patil Sports Academy,Mumbai,Mumbai Indians,Deccan Chargers,Deccan Chargers,field,Deccan Chargers,0,completed,Mumbai Indians,Deccan Chargers,Deccan Chargers,Deccan Chargers,,AC Gilchrist
335995,2007/08,2008-04-27,"Punjab Cricket Association Stadium, Mohali",Chandigarh,Punjab Kings,Delhi Capitals,Delhi Capitals,bat,Punjab Kings,1,completed,Kings XI Punjab,Delhi Daredevils,Delhi Daredevils,Kings XI Punjab,,SM Katich
335996,2007/08,2008-04-28,M Chinnaswamy Stadium,Bangalore,Royal Challengers Bangalore,Chennai Super Kings,Chennai Super Kings,bat,Chennai Super Kings,0,completed,Royal Challengers Bangalore,Chennai Super Kings,Chennai Super Kings,Chennai Super Kings,,MS Dhoni
335997,2007/08,2008-04-29,Eden Gardens,Kolkata,Kolkata Knight Riders,Mumbai Indians,Kolkata Knight Riders,bat,Mumbai Indians,0,completed,Kolkata Knight Riders,Mumbai Indians,Kolkata Knight Riders,Mumbai Indians,,ST Jayasuriya
335998,2007/08,2008-04-30,Feroz Shah Kotla,Delhi,Delhi Capitals,Royal Challengers Bangalore,Royal Challengers Bangalore,field,Delhi Capitals,1,completed,Delhi Daredevils,Royal Challengers Bangalore,Royal Challengers Bangalore,Delhi Daredevils,,GD McGrath
335999,2007/08,2008-05-01,"Rajiv Gandhi International Stadium, Uppal",Hyderabad,Deccan Chargers,Punjab Kings,Punjab Kings,field,Punjab Kings,0,completed,Deccan Chargers,Kings XI Punjab,Kings XI Punjab,Kings XI Punjab,,SE Marsh
336000,2007/08,2008-05-01,Sawai Mansingh Stadium,Jaipur,Rajasthan Royals,Kolkata Knight Riders,Rajasthan Royals,bat,Rajasthan Royals,1,completed,Rajasthan Royals,Kolkata Knight Riders,Rajasthan Royals,Rajasthan Royals,,SA Asnodkar
336001,2007/08,2008-05-02,"MA Chidambaram Stadium, Chepauk",Chennai,Chennai Super Kings,Delhi Capitals,Chennai Super Kings,bat,Delhi Capitals,0,completed,Chennai Super Kings,Delhi Daredevils,Chennai Super Kings,Delhi Daredevils,,V Sehwag
336003,2007/08,2008-05-03,"Punjab Cricket Association Stadium, Mohali",Chandigarh,Punjab Kings,Kolkata Knight Riders,Punjab Kings,bat,Punjab Kings,1,completed,Kings XI Punjab,Kolkata Knight Riders,Kings XI Punjab,Kings XI Punjab,,IK Pathan
336034,2007/08,2008-05-03,M Chinnaswamy Stadium,Bangalore,Royal Challengers Bangalore,Deccan Chargers,Deccan Chargers,field,Royal Challengers Bangalore,1,completed,Royal Challengers Bangalore,Deccan Chargers,Deccan Chargers,Royal Challengers Bangalore,,P Kumar
336004,2007/08,2008-05-04,Dr DY Patil Sports Academy,Mumbai,Mumbai Indians,Delhi Capitals,Delhi Capitals,field,Mumbai Indians,1,completed,Mumbai Indians,Delhi Daredevils,Delhi Daredevils,Mumbai Indians,,SM Pollock
336005,2007/08,2008-05-04,Sawai Mansingh Stadium,Jaipur,Rajasthan Royals,Chennai Super Kings,Chennai Super Kings,bat,Rajasthan Royals,1,completed,Rajasthan Royals,Chennai Super Kings,Chennai Super Kings,Rajasthan Royals,,Sohail Tanvir
336006,2007/08,2008-05-05,M Chinnaswamy Stadium,Bangalore,Royal Challengers Bangalore,Punjab Kings,Punjab Kings,field,Punjab Kings,0,completed,Royal Challengers Bangalore,Kings XI Punjab,Kings XI Punjab,Kings XI Punjab,,S Sreesanth
336007,2007/08,2008-05-06,"MA Chidambaram Stadium, Chepauk",Chennai,Chennai Super Kings,Deccan Chargers,Deccan Chargers,field,Deccan Chargers,0,completed,Chennai Super Kings,Deccan Chargers,Deccan Chargers,Deccan Chargers,,AC Gilchrist
336008,2007/08,2008-05-07,Dr DY Patil Sports Academy,Mumbai,Mumbai Indians,Rajasthan Royals,Mumbai Indians,field,Mumbai Indians,1,completed,Mumbai Indians,Rajasthan Royals,Mumbai Indians,Mumbai Indians,,A Nehra
336009,2007/08,2008-05-08,Feroz Shah Kotla,Delhi,Delhi Capitals,Chennai Super Kings,Chennai Super Kings,field,Chennai Super Kings,0,completed,Delhi Daredevils,Chennai Super Kings,Chennai Super Kings,Chennai Super Kings,,MS Dhoni
336010,2007/08,2008-05-08,Eden Gardens,Kolkata,Kolkata Knight Riders,Royal Challengers Bangalore,Kolkata Knight Riders,bat,Kolkata Knight Riders,1,completed,Kolkata Knight Riders,Royal Challengers Bangalore,Kolkata Knight Riders,Kolkata Knight Riders,,SC Ganguly
336011,2007/08,2008-05-09,Sawai Mansingh Stadium,Jaipur,Rajasthan Royals,Deccan Chargers,Rajasthan Royals,field,Rajasthan Royals,1,completed,Rajasthan Royals,Deccan Chargers,Rajasthan Royals,Rajasthan Royals,,YK Pathan
336013,2007/08,2008-05-10,"MA Chidambaram Stadium, Chepauk",Chennai,Chennai Super Kings,Punjab Kings,Punjab Kings,field,Chennai Super Kings,1,completed,Chennai Super Kings,Kings XI Punjab,Kings XI Punjab,Chennai Super Kings,,L Balaji
336014,2007/08,2008-05-11,"Rajiv Gandhi International Stadium, Uppal",Hyderabad,Deccan Chargers,Kolkata Knight Riders,Kolkata Knight Riders,bat,Kolkata Knight Riders,0,completed,Deccan Chargers,Kolkata Knight Riders,Kolkata Knight Riders,Kolkata Knight Riders,,SC Ganguly
336015,2007/08,2008-05-11,Sawai Mansingh Stadium,Jaipur,Rajasthan Royals,Delhi Capitals,Rajasthan Royals,field,Rajasthan Royals,1,completed,Rajasthan Royals,Delhi Daredevils,Rajasthan Royals,Rajasthan Royals,,SR Watson
336016,2007/08,2008-05-12,"Punjab Cricket Association Stadium, Mohali",Chandigarh,Punjab Kings,Royal Challengers Bangalore,Royal Challengers Bangalore,bat,Punjab Kings,1,completed,Kings XI Punjab,Royal Challengers Bangalore,Royal Challengers Bangalore,Kings XI Punjab,,SE Marsh
336017,2007/08,2008-05-13,Eden Gardens,Kolkata,Kolkata Knight Riders,Delhi Capitals,Kolkata Knight Riders,bat,Kolkata Knight Riders,1,completed,Kolkata Knight Riders,Delhi Daredevils,Kolkata Knight Riders,Kolkata Knight Riders,,Shoaib Akhtar
336018,2007/08,2008-05-14,Wankhede Stadium,Mumbai,Mumbai Indians,Chennai Super Kings,Mumbai Indians,field,Mumbai Indians,1,completed,Mumbai Indians,Chennai Super Kings,Mumbai Indians,Mumbai Indians,,ST Jayasuriya
336020,2007/08,2008-05-15,Feroz Shah Kotla,Delhi,Delhi Capitals,Deccan Chargers,Deccan Chargers,field,Delhi Capitals,1,completed,Delhi Daredevils,Deccan Chargers,Deccan Chargers,Delhi Daredevils,,A Mishra
336021,2007/08,2008-05-16,Wankhede Stadium,Mumbai,Mumbai Indians,Kolkata Knight Riders,Mumbai Indians,field,Mumbai Indians,1,completed,Mumbai Indians,Kolkata Knight Riders,Mumbai Indians,Mumbai Indians,,SM Pollock
336022,2007/08,2008-05-17,Feroz Shah Kotla,Delhi,Delhi Capitals,Punjab Kings,Delhi Capitals,bat,Punjab Kings,0,completed,Delhi Daredevils,Kings XI Punjab,Delhi Daredevils,Kings XI Punjab,,DPMD Jayawardene
336023,2007/08,2008-05-17,Sawai Mansingh Stadium,Jaipur,Rajasthan Royals,Royal Challengers Bangalore,Royal Challengers Bangalore,field,Rajasthan Royals,1,completed,Rajasthan Royals,Royal Challengers Bangalore,Royal Challengers Bangalore,Rajasthan Royals,,GC Smith
336024,2007/08,2008-05-18,"Rajiv Gandhi International Stadium, Uppal",Hyderabad,Deccan Chargers,Mumbai Indians,Deccan Chargers,field,Mumbai Indians,0,completed,Deccan Chargers,Mumbai Indians,Deccan Chargers,Mumbai Indians,,DJ Bravo
336025,2007/08,2008-05-18,Eden Gardens,Kolkata,Kolkata Knight Riders,Chennai Super Kings,Kolkata Knight Riders,bat,Chennai Super Kings,0,completed,Kolkata Knight Riders,Chennai Super Kings,Kolkata Knight Riders,Chennai Super Kings,,M Ntini
336026,2007/08,2008-05-19,M Chinnaswamy Stadium,Bangalore,Royal Challengers Bangalore,Delhi Capitals,Delhi Capitals,field,Delhi Capitals,0,completed,Royal Challengers Bangalore,Delhi Daredevils,Delhi Daredevils,Delhi Daredevils,,SP Goswami
336027,2007/08,2008-05-20,Eden Gardens,Kolkata,Kolkata Knight Riders,Rajasthan Royals,Rajasthan Royals,field,Rajasthan Royals,0,completed,Kolkata Knight Riders,Rajasthan Royals,Rajasthan Royals,Rajasthan Royals,,YK Pathan
336028,2007/08,2008-05-21,Wankhede Stadium,Mumbai,Mumbai Indians,Punjab Kings,Mumbai Indians,field,Punjab Kings,0,completed,Mumbai Indians,Kings XI Punjab,Mumbai Indians,Kings XI Punjab,,SE Marsh
336029,2007/08,2008-05-21,"MA Chidambaram Stadium, Chepauk",Chennai,Chennai Super Kings,Royal Challengers Bangalore,Royal Challengers Bangalore,bat,Royal Challengers Bangalore,0,completed,Chennai Super Kings,Royal Challengers Bangalore,Royal Challengers Bangalore,Royal Challengers Bangalore,,A Kumble
336031,2007/08,2008-05-23,"Punjab Cricket Association Stadium, Mohali",Chandigarh,Punjab Kings,Deccan Chargers,Punjab Kings,field,Punjab Kings,1,completed,Kings XI Punjab,Deccan Chargers,Kings XI Punjab,Kings XI Punjab,,SE Marsh
336032,2007/08,2008-05-24,Feroz Shah Kotla,Delhi,Delhi Capitals,Mumbai Indians,Delhi Capitals,field,Delhi Capitals,1,completed,Delhi Daredevils,Mumbai Indians,Delhi Daredevils,Delhi Daredevils,,KD Karthik
336033,2007/08,2008-05-24,"MA Chidambaram Stadium, Chepauk",Chennai,Chennai Super Kings,Rajasthan Royals,Rajasthan Royals,bat,Rajasthan Royals,0,completed,Chennai Super Kings,Rajasthan Royals,Rajasthan Royals,Rajasthan Royals,,JA Morkel
336002,2007/08,2008-05-25,"Rajiv Gandhi International Stadium, Uppal",Hyderabad,Deccan Chargers,Royal Challengers Bangalore,Deccan Chargers,bat,Royal Challengers Bangalore,0,completed,Deccan Chargers,Royal Challengers Bangalore,Deccan Chargers,Royal Challengers Bangalore,,R Vinay Kumar
336035,2007/08,2008-05-25,Eden Gardens,Kolkata,Kolkata Knight Riders,Punjab Kings,Punjab Kings,bat,Kolkata Knight Riders,1,completed,Kolkata Knight Riders,Kings XI Punjab,Kings XI Punjab,Kolkata Knight Riders,,Umar Gul
336036,2007/08,2008-05-26,Sawai Mansingh Stadium,Jaipur,Rajasthan Royals,Mumbai Indians,Rajasthan Royals,field,Rajasthan Royals,1,completed,Rajasthan Royals,Mumbai Indians,Rajasthan Royals,Rajasthan Royals,,Sohail Tanvir
336037,2007/08,2008-05-27,"Rajiv Gandhi International Stadium, Uppal",Hyderabad,Deccan Chargers,Chennai Super Kings,Deccan Chargers,bat,Chennai Super Kings,0,completed,Deccan Chargers,Chennai Super Kings,Deccan Chargers,Chennai Super Kings,,SK Raina
336012,2007/08,2008-05-28,M Chinnaswamy Stadium,Bangalore,Royal Challengers Bangalore,Mumbai Indians,Mumbai Indians,field,Mumbai Indians,0,completed,Royal Challengers Bangalore,Mumbai Indians,Mumbai Indians,Mumbai Indians,,CRD Fernando
336019,2007/08,2008-05-28,"Punjab Cricket Association Stadium, Mohali",Chandigarh,Punjab Kings,Rajasthan Royals,Rajasthan Royals,field,Punjab Kings,1,completed,Kings XI Punjab,Rajasthan Royals,Rajasthan Royals,Kings XI Punjab,,SE Marsh
336038,2007/08,2008-05-30,Wankhede Stadium,Mumbai,Delhi Capitals,Rajasthan Royals,Delhi Capitals,field,Rajasthan Royals,0,completed,Delhi Daredevils,Rajasthan Royals,Delhi Daredevils,Rajasthan Royals,,SR Watson
336039,2007/08,2008-05-31,Wankhede Stadium,Mumbai,Chennai Super Kings,Punjab Kings,Punjab Kings,bat,Chennai Super Kings,1,completed,Chennai Super Kings,Kings XI Punjab,Kings XI Punjab,Chennai Super Kings,,M Ntini
336040,2007/08,2008-06-01,Dr DY Patil Sports Academy,Mumbai,Chennai Super Kings,Rajasthan Royals,Rajasthan Royals,field,Rajasthan Royals,0,completed,Chennai Super Kings,Rajasthan Royals,Rajasthan Royals,Rajasthan Royals,,YK Pathan
392181,2009,2009-04-18,Newlands,Cape Town,Chennai Super Kings,Mumbai Indians,Chennai Super Kings,field,Mumbai Indians,0,completed,Chennai Super Kings,Mumbai Indians,Chennai Super Kings,Mumbai Indians,,SR Tendulkar
392182,2009,2009-04-18,Newlands,Cape Town,Royal Challengers Bangalore,Rajasthan Royals,Royal Challengers Bangalore,bat,Royal Challengers Bangalore,1,completed,Royal Challengers Bangalore,Rajasthan Royals,Royal Challengers Bangalore,Royal Challengers Bangalore,,R Dravid
392183,2009,2009-04-19,Newlands,Cape Town,Delhi Capitals,Punjab Kings,Delhi Capitals,field,Delhi Capitals,1,completed,Delhi Daredevils,Kings XI Punjab,Delhi Daredevils,Delhi Daredevils,,DL Vettori
392184,2009,2009-04-19,Newlands,Cape Town,Deccan Chargers,Kolkata Knight Riders,Kolkata Knight Riders,bat,Deccan Chargers,1,completed,Deccan Chargers,Kolkata Knight Riders,Kolkata Knight Riders,Deccan Chargers,,RP Singh
392185,2009,2009-04-20,St George's Park,Port Elizabeth,Royal Challengers Bangalore,Chennai Super Kings,Chennai Super Kings,bat,Chennai Super Kings,0,completed,Royal Challengers Bangalore,Chennai Super Kings,Chennai Super Kings,Chennai Super Kings,,M Muralitharan
392186,2009,2009-04-21,Kingsmead,Durban,Punjab Kings,Kolkata Knight Riders,Kolkata Knight Riders,field,Kolkata Knight Riders,0,completed,Kings XI Punjab,Kolkata Knight Riders,Kolkata Knight Riders,Kolkata Knight Riders,,CH Gayle
392188,2009,2009-04-22,Newlands,Cape Town,Royal Challengers Bangalore,Deccan Chargers,Deccan Chargers,bat,Deccan Chargers,0,completed,Royal Challengers Bangalore,Deccan Chargers,Deccan Chargers,Deccan Chargers,,AC Gilchrist
392189,2009,2009-04-23,Kingsmead,Durban,Chennai Super Kings,Delhi Capitals,Delhi Capitals,bat,Delhi Capitals,0,completed,Chennai Super Kings,Delhi Daredevils,Delhi Daredevils,Delhi Daredevils,,AB de Villiers
392190,2009,2009-04-23,Newlands,Cape Town,Kolkata Knight Riders,Rajasthan Royals,Kolkata Knight Riders,field,Rajasthan Royals,0,tie_with_eliminator,Kolkata Knight Riders,Rajasthan Royals,Kolkata Knight Riders,Rajasthan Royals,Rajasthan Royals,YK Pathan
392191,2009,2009-04-24,Kingsmead,Durban,Royal Challengers Bangalore,Punjab Kings,Royal Challengers Bangalore,bat,Punjab Kings,0,completed,Royal Challengers Bangalore,Kings XI Punjab,Royal Challengers Bangalore,Kings XI Punjab,,RS Bopara
392192,2009,2009-04-25,Kingsmead,Durban,Deccan Chargers,Mumbai Indians,Deccan Chargers,bat,Deccan Chargers,1,completed,Deccan Chargers,Mumbai Indians,Deccan Chargers,Deccan Chargers,,PP Ojha
392194,2009,2009-04-26,St George's Park,Port Elizabeth,Royal Challengers Bangalore,Delhi Capitals,Royal Challengers Bangalore,bat,Delhi Capitals,0,completed,Royal Challengers Bangalore,Delhi Daredevils,Royal Challengers Bangalore,Delhi Daredevils,,TM Dilshan
392195,2009,2009-04-26,Newlands,Cape Town,Punjab Kings,Rajasthan Royals,Punjab Kings,bat,Punjab Kings,1,completed,Kings XI Punjab,Rajasthan Royals,Kings XI Punjab,Kings XI Punjab,,KC Sangakkara
392196,2009,2009-04-27,Kingsmead,Durban,Chennai Super Kings,Deccan Chargers,Deccan Chargers,field,Deccan Chargers,0,completed,Chennai Super Kings,Deccan Chargers,Deccan Chargers,Deccan Chargers,,HH Gibbs
392197,2009,2009-04-27,St George's Park,Port Elizabeth,Kolkata Knight Riders,Mumbai Indians,Mumbai Indians,bat,Mumbai Indians,0,completed,Kolkata Knight Riders,Mumbai Indians,Mumbai Indians,Mumbai Indians,,SR Tendulkar
392198,2009,2009-04-28,SuperSport Park,Centurion,Delhi Capitals,Rajasthan Royals,Delhi Capitals,bat,Rajasthan Royals,0,completed,Delhi Daredevils,Rajasthan Royals,Delhi Daredevils,Rajasthan Royals,,YK Pathan
392199,2009,2009-04-29,Kingsmead,Durban,Royal Challengers Bangalore,Kolkata Knight Riders,Kolkata Knight Riders,bat,Royal Challengers Bangalore,1,completed,Royal Challengers Bangalore,Kolkata Knight Riders,Kolkata Knight Riders,Royal Challengers Bangalore,,MV Boucher
392200,2009,2009-04-29,Kingsmead,Durban,Punjab Kings,Mumbai Indians,Punjab Kings,bat,Punjab Kings,1,completed,Kings XI Punjab,Mumbai Indians,Kings XI Punjab,Kings XI Punjab,,KC Sangakkara
392201,2009,2009-04-30,SuperSport Park,Centurion,Deccan Chargers,Delhi Capitals,Delhi Capitals,field,Delhi Capitals,0,completed,Deccan Chargers,Delhi Daredevils,Delhi Daredevils,Delhi Daredevils,,DP Nannes
392202,2009,2009-04-30,SuperSport Park,Centurion,Chennai Super Kings,Rajasthan Royals,Rajasthan Royals,field,Chennai Super Kings,1,completed,Chennai Super Kings,Rajasthan Royals,Rajasthan Royals,Chennai Super Kings,,SK Raina
392203,2009,2009-05-01,Buffalo Park,East London,Kolkata Knight Riders,Mumbai Indians,Mumbai Indians,bat,Mumbai Indians,0,completed,Kolkata Knight Riders,Mumbai Indians,Mumbai Indians,Mumbai Indians,,JP Duminy
392204,2009,2009-05-01,Kingsmead,Durban,Royal Challengers Bangalore,Punjab Kings,Royal Challengers Bangalore,bat,Royal Challengers Bangalore,1,completed,Royal Challengers Bangalore,Kings XI Punjab,Royal Challengers Bangalore,Royal Challengers Bangalore,,Yuvraj Singh
392205,2009,2009-05-02,St George's Park,Port Elizabeth,Deccan Chargers,Rajasthan Royals,Deccan Chargers,bat,Rajasthan Royals,0,completed,Deccan Chargers,Rajasthan Royals,Deccan Chargers,Rajasthan Royals,,YK Pathan
392206,2009,2009-05-02,New Wanderers Stadium,Johannesburg,Chennai Super Kings,Delhi Capitals,Delhi Capitals,field,Chennai Super Kings,1,completed,Chennai Super Kings,Delhi Daredevils,Delhi Daredevils,Chennai Super Kings,,SB Jakati
392207,2009,2009-05-03,St George's Park,Port Elizabeth,Punjab Kings,Kolkata Knight Riders,Kolkata Knight Riders,bat,Punjab Kings,1,completed,Kings XI Punjab,Kolkata Knight Riders,Kolkata Knight Riders,Kings XI Punjab,,DPMD Jayawardene
392208,2009,2009-05-03,New Wanderers Stadium,Johannesburg,Royal Challengers Bangalore,Mumbai Indians,Mumbai Indians,bat,Royal Challengers Bangalore,1,completed,Royal Challengers Bangalore,Mumbai Indians,Mumbai Indians,Royal Challengers Bangalore,,JH Kallis
392209,2009,2009-05-04,Buffalo Park,East London,Chennai Super Kings,Deccan Chargers,Chennai Super Kings,bat,Chennai Super Kings,1,completed,Chennai Super Kings,Deccan Chargers,Chennai Super Kings,Chennai Super Kings,,MS Dhoni
392210,2009,2009-05-05,Kingsmead,Durban,Punjab Kings,Rajasthan Royals,Punjab Kings,field,Rajasthan Royals,0,completed,Kings XI Punjab,Rajasthan Royals,Kings XI Punjab,Rajasthan Royals,,GC Smith
392211,2009,2009-05-05,Kingsmead,Durban,Delhi Capitals,Kolkata Knight Riders,Kolkata Knight Riders,bat,Delhi Capitals,1,completed,Delhi Daredevils,Kolkata Knight Riders,Kolkata Knight Riders,Delhi Daredevils,,G Gambhir
392212,2009,2009-05-06,SuperSport Park,Centurion,Deccan Chargers,Mumbai Indians,Deccan Chargers,bat,Deccan Chargers,1,completed,Deccan Chargers,Mumbai Indians,Deccan Chargers,Deccan Chargers,,RG Sharma
392213,2009,2009-05-07,SuperSport Park,Centurion,Royal Challengers Bangalore,Rajasthan Royals,Rajasthan Royals,field,Rajasthan Royals,0,completed,Royal Challengers Bangalore,Rajasthan Royals,Rajasthan Royals,Rajasthan Royals,,A Singh
392214,2009,2009-05-07,SuperSport Park,Centurion,Chennai Super Kings,Punjab Kings,Chennai Super Kings,bat,Chennai Super Kings,1,completed,Chennai Super Kings,Kings XI Punjab,Chennai Super Kings,Chennai Super Kings,,ML Hayden
392215,2009,2009-05-08,Buffalo Park,East London,Delhi Capitals,Mumbai Indians,Mumbai Indians,bat,Delhi Capitals,1,completed,Delhi Daredevils,Mumbai Indians,Mumbai Indians,Delhi Daredevils,,A Nehra
392216,2009,2009-05-09,De Beers Diamond Oval,Kimberley,Deccan Chargers,Punjab Kings,Punjab Kings,field,Punjab Kings,0,completed,Deccan Chargers,Kings XI Punjab,Kings XI Punjab,Kings XI Punjab,,DPMD Jayawardene
392217,2009,2009-05-09,De Beers Diamond Oval,Kimberley,Chennai Super Kings,Rajasthan Royals,Rajasthan Royals,bat,Chennai Super Kings,1,completed,Chennai Super Kings,Rajasthan Royals,Rajasthan Royals,Chennai Super Kings,,S Badrinath
392218,2009,2009-05-10,St George's Park,Port Elizabeth,Royal Challengers Bangalore,Mumbai Indians,Mumbai Indians,bat,Mumbai Indians,0,completed,Royal Challengers Bangalore,Mumbai Indians,Mumbai Indians,Mumbai Indians,,JP Duminy
392219,2009,2009-05-10,New Wanderers Stadium,Johannesburg,Delhi Capitals,Kolkata Knight Riders,Delhi Capitals,field,Delhi Capitals,1,completed,Delhi Daredevils,Kolkata Knight Riders,Delhi Daredevils,Delhi Daredevils,,A Mishra
392220,2009,2009-05-11,De Beers Diamond Oval,Kimberley,Deccan Chargers,Rajasthan Royals,Deccan Chargers,bat,Deccan Chargers,1,completed,Deccan Chargers,Rajasthan Royals,Deccan Chargers,Deccan Chargers,,DR Smith
392221,2009,2009-05-12,SuperSport Park,Centurion,Royal Challengers Bangalore,Kolkata Knight Riders,Royal Challengers Bangalore,field,Royal Challengers Bangalore,1,completed,Royal Challengers Bangalore,Kolkata Knight Riders,Royal Challengers Bangalore,Royal Challengers Bangalore,,LRPL Taylor
392222,2009,2009-05-12,SuperSport Park,Centurion,Punjab Kings,Mumbai Indians,Punjab Kings,bat,Mumbai Indians,0,completed,Kings XI Punjab,Mumbai Indians,Kings XI Punjab,Mumbai Indians,,Harbhajan Singh
392223,2009,2009-05-13,Kingsmead,Durban,Deccan Chargers,Delhi Capitals,Deccan Chargers,field,Delhi Capitals,0,completed,Deccan Chargers,Delhi Daredevils,Deccan Chargers,Delhi Daredevils,,R Bhatia
392224,2009,2009-05-14,Kingsmead,Durban,Royal Challengers Bangalore,Chennai Super Kings,Chennai Super Kings,bat,Royal Challengers Bangalore,1,completed,Royal Challengers Bangalore,Chennai Super Kings,Chennai Super Kings,Royal Challengers Bangalore,,LRPL Taylor
392225,2009,2009-05-14,Kingsmead,Durban,Mumbai Indians,Rajasthan Royals,Rajasthan Royals,bat,Rajasthan Royals,0,completed,Mumbai Indians,Rajasthan Royals,Rajasthan Royals,Rajasthan Royals,,SK Warne
392226,2009,2009-05-15,OUTsurance Oval,Bloemfontein,Delhi Capitals,Punjab Kings,Punjab Kings,field,Punjab Kings,0,completed,Delhi Daredevils,Kings XI Punjab,Kings XI Punjab,Kings XI Punjab,,B Lee
392227,2009,2009-05-16,St George's Park,Port Elizabeth,Chennai Super Kings,Mumbai Indians,Mumbai Indians,bat,Chennai Super Kings,1,completed,Chennai Super Kings,Mumbai Indians,Mumbai Indians,Chennai Super Kings,,ML Hayden
392228,2009,2009-05-16,New Wanderers Stadium,Johannesburg,Deccan Chargers,Kolkata Knight Riders,Deccan Chargers,field,Deccan Chargers,1,completed,Deccan Chargers,Kolkata Knight Riders,Deccan Chargers,Deccan Chargers,,RG Sharma
392229,2009,2009-05-17,New Wanderers Stadium,Johannesburg,Deccan Chargers,Punjab Kings,Deccan Chargers,field,Punjab Kings,0,completed,Deccan Chargers,Kings XI Punjab,Deccan Chargers,Kings XI Punjab,,Yuvraj Singh
392230,2009,2009-05-17,OUTsurance Oval,Bloemfontein,Delhi Capitals,Rajasthan Royals,Delhi Capitals,bat,Delhi Capitals,1,completed,Delhi Daredevils,Rajasthan Royals,Delhi Daredevils,Delhi Daredevils,,AB de Villiers
392231,2009,2009-05-18,SuperSport Park,Centurion,Chennai Super Kings,Kolkata Knight Riders,Chennai Super Kings,bat,Kolkata Knight Riders,0,completed,Chennai Super Kings,Kolkata Knight Riders,Chennai Super Kings,Kolkata Knight Riders,,BJ Hodge
392232,2009,2009-05-19,New Wanderers Stadium,Johannesburg,Royal Challengers Bangalore,Delhi Capitals,Delhi Capitals,bat,Royal Challengers Bangalore,1,completed,Royal Challengers Bangalore,Delhi Daredevils,Delhi Daredevils,Royal Challengers Bangalore,,JH Kallis
392233,2009,2009-05-20,Kingsmead,Durban,Kolkata Knight Riders,Rajasthan Royals,Kolkata Knight Riders,field,Kolkata Knight Riders,1,completed,Kolkata Knight Riders,Rajasthan Royals,Kolkata Knight Riders,Kolkata Knight Riders,,LR Shukla
392234,2009,2009-05-20,Kingsmead,Durban,Chennai Super Kings,Punjab Kings,Chennai Super Kings,bat,Chennai Super Kings,1,completed,Chennai Super Kings,Kings XI Punjab,Chennai Super Kings,Chennai Super Kings,,M Muralitharan
392235,2009,2009-05-21,SuperSport Park,Centurion,Delhi Capitals,Mumbai Indians,Delhi Capitals,field,Delhi Capitals,1,completed,Delhi Daredevils,Mumbai Indians,Delhi Daredevils,Delhi Daredevils,,V Sehwag
392236,2009,2009-05-21,SuperSport Park,Centurion,Royal Challengers Bangalore,Deccan Chargers,Royal Challengers Bangalore,bat,Royal Challengers Bangalore,1,completed,Royal Challengers Bangalore,Deccan Chargers,Royal Challengers Bangalore,Royal Challengers Bangalore,,MK Pandey
392237,2009,2009-05-22,SuperSport Park,Centurion,Delhi Capitals,Deccan Chargers,Deccan Chargers,field,Deccan Chargers,0,completed,Delhi Daredevils,Deccan Chargers,Deccan Chargers,Deccan Chargers,,AC Gilchrist
392238,2009,2009-05-23,New Wanderers Stadium,Johannesburg,Royal Challengers Bangalore,Chennai Super Kings,Royal Challengers Bangalore,field,Royal Challengers Bangalore,1,completed,Royal Challengers Bangalore,Chennai Super Kings,Royal Challengers Bangalore,Royal Challengers Bangalore,,MK Pandey
392239,2009,2009-05-24,New Wanderers Stadium,Johannesburg,Royal Challengers Bangalore,Deccan Chargers,Royal Challengers Bangalore,field,Deccan Chargers,0,completed,Royal Challengers Bangalore,Deccan Chargers,Royal Challengers Bangalore,Deccan Chargers,,A Kumble
419106,2009/10,2010-03-12,Dr DY Patil Sports Academy,Mumbai,Deccan Chargers,Kolkata Knight Riders,Deccan Chargers,field,Kolkata Knight Riders,0,completed,Deccan Chargers,Kolkata Knight Riders,Deccan Chargers,Kolkata Knight Riders,,AD Mathews
419107,2009/10,2010-03-13,Brabourne Stadium,Mumbai,Mumbai Indians,Rajasthan Royals,Mumbai Indians,bat,Mumbai Indians,1,completed,Mumbai Indians,Rajasthan Royals,Mumbai Indians,Mumbai Indians,,YK Pathan
419108,2009/10,2010-03-13,"Punjab Cricket Association Stadium, Mohali",Chandigarh,Punjab Kings,Delhi Capitals,Delhi Capitals,field,Delhi Capitals,0,completed,Kings XI Punjab,Delhi Daredevils,Delhi Daredevils,Delhi Daredevils,,G Gambhir
419109,2009/10,2010-03-14,Eden Gardens,Kolkata,Kolkata Knight Riders,Royal Challengers Bangalore,Kolkata Knight Riders,field,Kolkata Knight Riders,1,completed,Kolkata Knight Riders,Royal Challengers Bangalore,Kolkata Knight Riders,Kolkata Knight Riders,,MK Tiwary
419110,2009/10,2010-03-14,"MA Chidambaram Stadium, Chepauk",Chennai,Chennai Super Kings,Deccan Chargers,Deccan Chargers,bat,Deccan Chargers,0,completed,Chennai Super Kings,Deccan Chargers,Deccan Chargers,Deccan Chargers,,WPUJC Vaas
419111,2009/10,2010-03-15,"Sardar Patel Stadium, Motera",Ahmedabad,Rajasthan Royals,Delhi Capitals,Delhi Capitals,field,Delhi Capitals,0,completed,Rajasthan Royals,Delhi Daredevils,Delhi Daredevils,Delhi Daredevils,,V Sehwag
419112,2009/10,2010-03-16,M Chinnaswamy Stadium,Bangalore,Royal Challengers Bangalore,Punjab Kings,Punjab Kings,bat,Royal Challengers Bangalore,1,completed,Royal Challengers Bangalore,Kings XI Punjab,Kings XI Punjab,Royal Challengers Bangalore,,JH Kallis
419113,2009/10,2010-03-16,Eden Gardens,Kolkata,Kolkata Knight Riders,Chennai Super Kings,Chennai Super Kings,bat,Chennai Super Kings,0,completed,Kolkata Knight Riders,Chennai Super Kings,Chennai Super Kings,Chennai Super Kings,,MS Dhoni
419114,2009/10,2010-03-17,Feroz Shah Kotla,Delhi,Delhi Capitals,Mumbai Indians,Delhi Capitals,field,Mumbai Indians,0,completed,Delhi Daredevils,Mumbai Indians,Delhi Daredevils,Mumbai Indians,,SR Tendulkar
419115,2009/10,2010-03-18,M Chinnaswamy Stadium,Bangalore,Royal Challengers Bangalore,Rajasthan Royals,Royal Challengers Bangalore,field,Royal Challengers Bangalore,1,completed,Royal Challengers Bangalore,Rajasthan Royals,Royal Challengers Bangalore,Royal Challengers Bangalore,,JH Kallis
419116,2009/10,2010-03-19,Feroz Shah Kotla,Delhi,Delhi Capitals,Chennai Super Kings,Delhi Capitals,bat,Chennai Super Kings,0,completed,Delhi Daredevils,Chennai Super Kings,Delhi Daredevils,Chennai Super Kings,,ML Hayden
419117,2009/10,2010-03-19,Barabati Stadium,Cuttack,Deccan Chargers,Punjab Kings,Punjab Kings,field,Deccan Chargers,1,completed,Deccan Chargers,Kings XI Punjab,Kings XI Punjab,Deccan Chargers,,A Symonds
419118,2009/10,2010-03-20,"Sardar Patel Stadium, Motera",Ahmedabad,Rajasthan Royals,Kolkata Knight Riders,Rajasthan Royals,bat,Rajasthan Royals,1,completed,Rajasthan Royals,Kolkata Knight Riders,Rajasthan Royals,Rajasthan Royals,,AA Jhunjhunwala
419119,2009/10,2010-03-20,Brabourne Stadium,Mumbai,Mumbai Indians,Royal Challengers Bangalore,Mumbai Indians,bat,Royal Challengers Bangalore,0,completed,Mumbai Indians,Royal Challengers Bangalore,Mumbai Indians,Royal Challengers Bangalore,,JH Kallis
419120,2009/10,2010-03-21,Barabati Stadium,Cuttack,Deccan Chargers,Delhi Capitals,Deccan Chargers,bat,Deccan Chargers,1,completed,Deccan Chargers,Delhi Daredevils,Deccan Chargers,Deccan Chargers,,A Symonds
419121,2009/10,2010-03-21,"MA Chidambaram Stadium, Chepauk",Chennai,Chennai Super Kings,Punjab Kings,Chennai Super Kings,field,Punjab Kings,0,tie_with_eliminator,Chennai Super Kings,Kings XI Punjab,Chennai Super Kings,Kings XI Punjab,Kings XI Punjab,J Theron
419122,2009/10,2010-03-22,Brabourne Stadium,Mumbai,Mumbai Indians,Kolkata Knight Riders,Kolkata Knight Riders,bat,Mumbai Indians,1,completed,Mumbai Indians,Kolkata Knight Riders,Kolkata Knight Riders,Mumbai Indians,,SR Tendulkar
419123,2009/10,2010-03-23,M Chinnaswamy Stadium,Bangalore,Royal Challengers Bangalore,Chennai Super Kings,Chennai Super Kings,field,Royal Challengers Bangalore,1,completed,Royal Challengers Bangalore,Chennai Super Kings,Chennai Super Kings,Royal Challengers Bangalore,,RV Uthappa
419124,2009/10,2010-03-24,"Punjab Cricket Association Stadium, Mohali",Chandigarh,Punjab Kings,Rajasthan Royals,Punjab Kings,field,Rajasthan Royals,0,completed,Kings XI Punjab,Rajasthan Royals,Kings XI Punjab,Rajasthan Royals,,AC Voges
419125,2009/10,2010-03-25,"Brabourne Stadium, Mumbai",Mumbai,Chennai Super Kings,Mumbai Indians,Mumbai Indians,field,Mumbai Indians,0,completed,Chennai Super Kings,Mumbai Indians,Mumbai Indians,Mumbai Indians,,SR Tendulkar
419128,2009/10,2010-03-25,M Chinnaswamy Stadium,Bangalore,Royal Challengers Bangalore,Delhi Capitals,Royal Challengers Bangalore,field,Delhi Capitals,0,completed,Royal Challengers Bangalore,Delhi Daredevils,Royal Challengers Bangalore,Delhi Daredevils,,KM Jadhav
419126,2009/10,2010-03-26,"Sardar Patel Stadium, Motera",Ahmedabad,Rajasthan Royals,Deccan Chargers,Deccan Chargers,bat,Rajasthan Royals,1,completed,Rajasthan Royals,Deccan Chargers,Deccan Chargers,Rajasthan Royals,,YK Pathan
419127,2009/10,2010-03-27,"Punjab Cricket Association Stadium, Mohali",Chandigarh,Punjab Kings,Kolkata Knight Riders,Kolkata Knight Riders,bat,Kolkata Knight Riders,0,completed,Kings XI Punjab,Kolkata Knight Riders,Kolkata Knight Riders,Kolkata Knight Riders,,MK Tiwary
419129,2009/10,2010-03-28,"Sardar Patel Stadium, Motera",Ahmedabad,Rajasthan Royals,Chennai Super Kings,Rajasthan Royals,bat,Rajasthan Royals,1,completed,Rajasthan Royals,Chennai Super Kings,Rajasthan Royals,Rajasthan Royals,,NV Ojha
419130,2009/10,2010-03-28,Dr DY Patil Sports Academy,Mumbai,Deccan Chargers,Mumbai Indians,Deccan Chargers,field,Mumbai Indians,0,completed,Deccan Chargers,Mumbai Indians,Deccan Chargers,Mumbai Indians,,Harbhajan Singh
419131,2009/10,2010-03-29,Feroz Shah Kotla,Delhi,Delhi Capitals,Kolkata Knight Riders,Delhi Capitals,bat,Delhi Capitals,1,completed,Delhi Daredevils,Kolkata Knight Riders,Delhi Daredevils,Delhi Daredevils,,DA Warner
419132,2009/10,2010-03-30,Brabourne Stadium,Mumbai,Mumbai Indians,Punjab Kings,Mumbai Indians,field,Mumbai Indians,1,completed,Mumbai Indians,Kings XI Punjab,Mumbai Indians,Mumbai Indians,,SL Malinga
419133,2009/10,2010-03-31,"MA Chidambaram Stadium, Chepauk",Chennai,Chennai Super Kings,Royal Challengers Bangalore,Royal Challengers Bangalore,bat,Chennai Super Kings,1,completed,Chennai Super Kings,Royal Challengers Bangalore,Royal Challengers Bangalore,Chennai Super Kings,,M Vijay
419134,2009/10,2010-03-31,Feroz Shah Kotla,Delhi,Delhi Capitals,Rajasthan Royals,Delhi Capitals,bat,Delhi Capitals,1,completed,Delhi Daredevils,Rajasthan Royals,Delhi Daredevils,Delhi Daredevils,,KD Karthik
419135,2009/10,2010-04-01,Eden Gardens,Kolkata,Kolkata Knight Riders,Deccan Chargers,Kolkata Knight Riders,bat,Kolkata Knight Riders,1,completed,Kolkata Knight Riders,Deccan Chargers,Kolkata Knight Riders,Kolkata Knight Riders,,SC Ganguly
419136,2009/10,2010-04-02,"Punjab Cricket Association Stadium, Mohali",Chandigarh,Punjab Kings,Royal Challengers Bangalore,Punjab Kings,bat,Royal Challengers Bangalore,0,completed,Kings XI Punjab,Royal Challengers Bangalore,Kings XI Punjab,Royal Challengers Bangalore,,KP Pietersen
419137,2009/10,2010-04-03,"MA Chidambaram Stadium, Chepauk",Chennai,Chennai Super Kings,Rajasthan Royals,Chennai Super Kings,bat,Chennai Super Kings,1,completed,Chennai Super Kings,Rajasthan Royals,Chennai Super Kings,Chennai Super Kings,,M Vijay
419138,2009/10,2010-04-03,Brabourne Stadium,Mumbai,Mumbai Indians,Deccan Chargers,Mumbai Indians,bat,Mumbai Indians,1,completed,Mumbai Indians,Deccan Chargers,Mumbai Indians,Mumbai Indians,,AT Rayudu
419139,2009/10,2010-04-04,Eden Gardens,Kolkata,Kolkata Knight Riders,Punjab Kings,Kolkata Knight Riders,bat,Punjab Kings,0,completed,Kolkata Knight Riders,Kings XI Punjab,Kolkata Knight Riders,Kings XI Punjab,,DPMD Jayawardene
419140,2009/10,2010-04-04,Feroz Shah Kotla,Delhi,Delhi Capitals,Royal Challengers Bangalore,Delhi Capitals,bat,Delhi Capitals,1,completed,Delhi Daredevils,Royal Challengers Bangalore,Delhi Daredevils,Delhi Daredevils,,PD Collingwood
419141,2009/10,2010-04-05,"Vidarbha Cricket Association Stadium, Jamtha",Nagpur,Deccan Chargers,Rajasthan Royals,Rajasthan Royals,bat,Rajasthan Royals,0,completed,Deccan Chargers,Rajasthan Royals,Rajasthan Royals,Rajasthan Royals,,SK Warne
419142,2009/10,2010-04-06,"MA Chidambaram Stadium, Chepauk",Chennai,Chennai Super Kings,Mumbai Indians,Chennai Super Kings,bat,Chennai Super Kings,1,completed,Chennai Super Kings,Mumbai Indians,Chennai Super Kings,Chennai Super Kings,,SK Raina
419143,2009/10,2010-04-07,Sawai Mansingh Stadium,Jaipur,Rajasthan Royals,Punjab Kings,Punjab Kings,bat,Rajasthan Royals,1,completed,Rajasthan Royals,Kings XI Punjab,Kings XI Punjab,Rajasthan Royals,,MJ Lumb
419144,2009/10,2010-04-07,Eden Gardens,Kolkata,Kolkata Knight Riders,Delhi Capitals,Kolkata Knight Riders,bat,Kolkata Knight Riders,1,completed,Kolkata Knight Riders,Delhi Daredevils,Kolkata Knight Riders,Kolkata Knight Riders,,SC Ganguly
419145,2009/10,2010-04-08,M Chinnaswamy Stadium,Bangalore,Royal Challengers Bangalore,Deccan Chargers,Deccan Chargers,field,Deccan Chargers,0,completed,Royal Challengers Bangalore,Deccan Chargers,Deccan Chargers,Deccan Chargers,,TL Suman
419146,2009/10,2010-04-09,"Punjab Cricket Association Stadium, Mohali",Chandigarh,Punjab Kings,Mumbai Indians,Mumbai Indians,bat,Punjab Kings,1,completed,Kings XI Punjab,Mumbai Indians,Mumbai Indians,Kings XI Punjab,,KC Sangakkara
419147,2009/10,2010-04-10,"Vidarbha Cricket Association Stadium, Jamtha",Nagpur,Deccan Chargers,Chennai Super Kings,Chennai Super Kings,bat,Deccan Chargers,1,completed,Deccan Chargers,Chennai Super Kings,Chennai Super Kings,Deccan Chargers,,RJ Harris
419148,2009/10,2010-04-10,M Chinnaswamy Stadium,Bangalore,Royal Challengers Bangalore,Kolkata Knight Riders,Royal Challengers Bangalore,field,Royal Challengers Bangalore,1,completed,Royal Challengers Bangalore,Kolkata Knight Riders,Royal Challengers Bangalore,Royal Challengers Bangalore,,R Vinay Kumar
419149,2009/10,2010-04-11,Feroz Shah Kotla,Delhi,Delhi Capitals,Punjab Kings,Delhi Capitals,bat,Punjab Kings,0,completed,Delhi Daredevils,Kings XI Punjab,Delhi Daredevils,Kings XI Punjab,,PP Chawla
419150,2009/10,2010-04-11,Sawai Mansingh Stadium,Jaipur,Rajasthan Royals,Mumbai Indians,Rajasthan Royals,field,Mumbai Indians,0,completed,Rajasthan Royals,Mumbai Indians,Rajasthan Royals,Mumbai Indians,,SR Tendulkar
419151,2009/10,2010-04-12,"Vidarbha Cricket Association Stadium, Jamtha",Nagpur,Deccan Chargers,Royal Challengers Bangalore,Royal Challengers Bangalore,field,Deccan Chargers,1,completed,Deccan Chargers,Royal Challengers Bangalore,Royal Challengers Bangalore,Deccan Chargers,,Harmeet Singh
419152,2009/10,2010-04-13,Brabourne Stadium,Mumbai,Mumbai Indians,Delhi Capitals,Mumbai Indians,bat,Mumbai Indians,1,completed,Mumbai Indians,Delhi Daredevils,Mumbai Indians,Mumbai Indians,,KA Pollard
419153,2009/10,2010-04-13,"MA Chidambaram Stadium, Chepauk",Chennai,Chennai Super Kings,Kolkata Knight Riders,Kolkata Knight Riders,bat,Chennai Super Kings,1,completed,Chennai Super Kings,Kolkata Knight Riders,Kolkata Knight Riders,Chennai Super Kings,,R Ashwin
419154,2009/10,2010-04-14,Sawai Mansingh Stadium,Jaipur,Rajasthan Royals,Royal Challengers Bangalore,Rajasthan Royals,bat,Royal Challengers Bangalore,0,completed,Rajasthan Royals,Royal Challengers Bangalore,Rajasthan Royals,Royal Challengers Bangalore,,KP Pietersen
419155,2009/10,2010-04-15,"MA Chidambaram Stadium, Chepauk",Chennai,Chennai Super Kings,Delhi Capitals,Chennai Super Kings,bat,Delhi Capitals,0,completed,Chennai Super Kings,Delhi Daredevils,Chennai Super Kings,Delhi Daredevils,,G Gambhir
419156,2009/10,2010-04-16,Himachal Pradesh Cricket Association Stadium,Dharamsala,Punjab Kings,Deccan Chargers,Deccan Chargers,field,Deccan Chargers,0,completed,Kings XI Punjab,Deccan Chargers,Deccan Chargers,Deccan Chargers,,RG Sharma
419157,2009/10,2010-04-17,M Chinnaswamy Stadium,Bangalore,Royal Challengers Bangalore,Mumbai Indians,Royal Challengers Bangalore,field,Mumbai Indians,0,completed,Royal Challengers Bangalore,Mumbai Indians,Royal Challengers Bangalore,Mumbai Indians,,R McLaren
419158,2009/10,2010-04-17,Eden Gardens,Kolkata,Kolkata Knight Riders,Rajasthan Royals,Rajasthan Royals,bat,Kolkata Knight Riders,1,completed,Kolkata Knight Riders,Rajasthan Royals,Rajasthan Royals,Kolkata Knight Riders,,JD Unadkat
419159,2009/10,2010-04-18,Himachal Pradesh Cricket Association Stadium,Dharamsala,Punjab Kings,Chennai Super Kings,Chennai Super Kings,field,Chennai Super Kings,0,completed,Kings XI Punjab,Chennai Super Kings,Chennai Super Kings,Chennai Super Kings,,MS Dhoni
419160,2009/10,2010-04-18,Feroz Shah Kotla,Delhi,Delhi Capitals,Deccan Chargers,Deccan Chargers,bat,Deccan Chargers,0,completed,Delhi Daredevils,Deccan Chargers,Deccan Chargers,Deccan Chargers,,A Symonds
419161,2009/10,2010-04-19,Eden Gardens,Kolkata,Kolkata Knight Riders,Mumbai Indians,Mumbai Indians,bat,Kolkata Knight Riders,1,completed,Kolkata Knight Riders,Mumbai Indians,Mumbai Indians,Kolkata Knight Riders,,M Kartik
419162,2009/10,2010-04-21,Dr DY Patil Sports Academy,Mumbai,Royal Challengers Bangalore,Mumbai Indians,Mumbai Indians,bat,Mumbai Indians,0,completed,Royal Challengers Bangalore,Mumbai Indians,Mumbai Indians,Mumbai Indians,,KA Pollard
419163,2009/10,2010-04-22,Dr DY Patil Sports Academy,Mumbai,Chennai Super Kings,Deccan Chargers,Chennai Super Kings,bat,Chennai Super Kings,1,completed,Chennai Super Kings,Deccan Chargers,Chennai Super Kings,Chennai Super Kings,,DE Bollinger
419164,2009/10,2010-04-24,Dr DY Patil Sports Academy,Mumbai,Royal Challengers Bangalore,Deccan Chargers,Deccan Chargers,bat,Royal Challengers Bangalore,1,completed,Royal Challengers Bangalore,Deccan Chargers,Deccan Chargers,Royal Challengers Bangalore,,A Kumble
419165,2009/10,2010-04-25,Dr DY Patil Sports Academy,Mumbai,Chennai Super Kings,Mumbai Indians,Chennai Super Kings,bat,Chennai Super Kings,1,completed,Chennai Super Kings,Mumbai Indians,Chennai Super Kings,Chennai Super Kings,,SK Raina
501198,2011,2011-04-08,"MA Chidambaram Stadium, Chepauk",Chennai,Chennai Super Kings,Kolkata Knight Riders,Chennai Super Kings,bat,Chennai Super Kings,1,completed,Chennai Super Kings,Kolkata Knight Riders,Chennai Super Kings,Chennai Super Kings,,S Anirudha
501199,2011,2011-04-09,"Rajiv Gandhi International Stadium, Uppal",Hyderabad,Deccan Chargers,Rajasthan Royals,Rajasthan Royals,field,Rajasthan Royals,0,completed,Deccan Chargers,Rajasthan Royals,Rajasthan Royals,Rajasthan Royals,,SK Trivedi
501200,2011,2011-04-09,Nehru Stadium,Kochi,Kochi Tuskers Kerala,Royal Challengers Bangalore,Kochi Tuskers Kerala,bat,Royal Challengers Bangalore,0,completed,Kochi Tuskers Kerala,Royal Challengers Bangalore,Kochi Tuskers Kerala,Royal Challengers Bangalore,,AB de Villiers
501201,2011,2011-04-10,Feroz Shah Kotla,Delhi,Delhi Capitals,Mumbai Indians,Delhi Capitals,bat,Mumbai Indians,0,completed,Delhi Daredevils,Mumbai Indians,Delhi Daredevils,Mumbai Indians,,SL Malinga
501202,2011,2011-04-10,Dr DY Patil Sports Academy,Mumbai,Pune Warriors,Punjab Kings,Punjab Kings,bat,Pune Warriors,1,completed,Pune Warriors,Kings XI Punjab,Kings XI Punjab,Pune Warriors,,SB Wagh
501203,2011,2011-04-11,Eden Gardens,Kolkata,Kolkata Knight Riders,Deccan Chargers,Kolkata Knight Riders,bat,Kolkata Knight Riders,1,completed,Kolkata Knight Riders,Deccan Chargers,Kolkata Knight Riders,Kolkata Knight Riders,,JH Kallis
501204,2011,2011-04-12,Sawai Mansingh Stadium,Jaipur,Rajasthan Royals,Delhi Capitals,Delhi Capitals,bat,Rajasthan Royals,1,completed,Rajasthan Royals,Delhi Daredevils,Delhi Daredevils,Rajasthan Royals,,SK Warne
501205,2011,2011-04-12,M Chinnaswamy Stadium,Bangalore,Royal Challengers Bangalore,Mumbai Indians,Mumbai Indians,field,Mumbai Indians,0,completed,Royal Challengers Bangalore,Mumbai Indians,Mumbai Indians,Mumbai Indians,,SR Tendulkar
501206,2011,2011-04-13,"Punjab Cricket Association Stadium, Mohali",Chandigarh,Punjab Kings,Chennai Super Kings,Punjab Kings,field,Punjab Kings,1,completed,Kings XI Punjab,Chennai Super Kings,Kings XI Punjab,Kings XI Punjab,,PC Valthaty
501207,2011,2011-04-13,Dr DY Patil Sports Academy,Mumbai,Pune Warriors,Kochi Tuskers Kerala,Kochi Tuskers Kerala,bat,Pune Warriors,1,completed,Pune Warriors,Kochi Tuskers Kerala,Kochi Tuskers Kerala,Pune Warriors,,MD Mishra
501208,2011,2011-04-14,"Rajiv Gandhi International Stadium, Uppal",Hyderabad,Deccan Chargers,Royal Challengers Bangalore,Royal Challengers Bangalore,field,Deccan Chargers,1,completed,Deccan Chargers,Royal Challengers Bangalore,Royal Challengers Bangalore,Deccan Chargers,,DW Steyn
501209,2011,2011-04-15,Sawai Mansingh Stadium,Jaipur,Rajasthan Royals,Kolkata Knight Riders,Kolkata Knight Riders,field,Kolkata Knight Riders,0,completed,Rajasthan Royals,Kolkata Knight Riders,Kolkata Knight Riders,Kolkata Knight Riders,,G Gambhir
501210,2011,2011-04-15,Wankhede Stadium,Mumbai,Mumbai Indians,Kochi Tuskers Kerala,Kochi Tuskers Kerala,field,Kochi Tuskers Kerala,0,completed,Mumbai Indians,Kochi Tuskers Kerala,Kochi Tuskers Kerala,Kochi Tuskers Kerala,,BB McCullum
501211,2011,2011-04-16,"MA Chidambaram Stadium, Chepauk",Chennai,Chennai Super Kings,Royal Challengers Bangalore,Chennai Super Kings,bat,Chennai Super Kings,1,completed,Chennai Super Kings,Royal Challengers Bangalore,Chennai Super Kings,Chennai Super Kings,,MEK Hussey
501212,2011,2011-04-16,"Rajiv Gandhi International Stadium, Uppal",Hyderabad,Deccan Chargers,Punjab Kings,Punjab Kings,field,Punjab Kings,0,completed,Deccan Chargers,Kings XI Punjab,Kings XI Punjab,Kings XI Punjab,,PC Valthaty
501213,2011,2011-04-17,Dr DY Patil Sports Academy,Mumbai,Pune Warriors,Delhi Capitals,Delhi Capitals,field,Delhi Capitals,0,completed,Pune Warriors,Delhi Daredevils,Delhi Daredevils,Delhi Daredevils,,Yuvraj Singh
501214,2011,2011-04-17,Eden Gardens,Kolkata,Kolkata Knight Riders,Rajasthan Royals,Kolkata Knight Riders,field,Kolkata Knight Riders,1,completed,Kolkata Knight Riders,Rajasthan Royals,Kolkata Knight Riders,Kolkata Knight Riders,,L Balaji
501215,2011,2011-04-18,Nehru Stadium,Kochi,Kochi Tuskers Kerala,Chennai Super Kings,Kochi Tuskers Kerala,field,Kochi Tuskers Kerala,1,completed,Kochi Tuskers Kerala,Chennai Super Kings,Kochi Tuskers Kerala,Kochi Tuskers Kerala,,BB McCullum
501216,2011,2011-04-19,Feroz Shah Kotla,Delhi,Delhi Capitals,Deccan Chargers,Deccan Chargers,bat,Deccan Chargers,0,completed,Delhi Daredevils,Deccan Chargers,Deccan Chargers,Deccan Chargers,,S Sohal
501218,2011,2011-04-20,Wankhede Stadium,Mumbai,Mumbai Indians,Pune Warriors,Pune Warriors,bat,Mumbai Indians,1,completed,Mumbai Indians,Pune Warriors,Pune Warriors,Mumbai Indians,,MM Patel
501219,2011,2011-04-20,Eden Gardens,Kolkata,Kolkata Knight Riders,Kochi Tuskers Kerala,Kolkata Knight Riders,field,Kochi Tuskers Kerala,0,completed,Kolkata Knight Riders,Kochi Tuskers Kerala,Kolkata Knight Riders,Kochi Tuskers Kerala,,DPMD Jayawardene
501220,2011,2011-04-21,"Punjab Cricket Association Stadium, Mohali",Chandigarh,Punjab Kings,Rajasthan Royals,Rajasthan Royals,field,Punjab Kings,1,completed,Kings XI Punjab,Rajasthan Royals,Rajasthan Royals,Kings XI Punjab,,SE Marsh
501221,2011,2011-04-22,Wankhede Stadium,Mumbai,Mumbai Indians,Chennai Super Kings,Chennai Super Kings,field,Mumbai Indians,1,completed,Mumbai Indians,Chennai Super Kings,Chennai Super Kings,Mumbai Indians,,Harbhajan Singh
501222,2011,2011-04-22,Eden Gardens,Kolkata,Kolkata Knight Riders,Royal Challengers Bangalore,Royal Challengers Bangalore,field,Royal Challengers Bangalore,0,completed,Kolkata Knight Riders,Royal Challengers Bangalore,Royal Challengers Bangalore,Royal Challengers Bangalore,,CH Gayle
501223,2011,2011-04-23,Feroz Shah Kotla,Delhi,Delhi Capitals,Punjab Kings,Punjab Kings,field,Delhi Capitals,1,completed,Delhi Daredevils,Kings XI Punjab,Kings XI Punjab,Delhi Daredevils,,DA Warner
501224,2011,2011-04-24,"Rajiv Gandhi International Stadium, Uppal",Hyderabad,Deccan Chargers,Mumbai Indians,Deccan Chargers,field,Mumbai Indians,0,completed,Deccan Chargers,Mumbai Indians,Deccan Chargers,Mumbai Indians,,SL Malinga
501225,2011,2011-04-24,Sawai Mansingh Stadium,Jaipur,Rajasthan Royals,Kochi Tuskers Kerala,Rajasthan Royals,field,Rajasthan Royals,1,completed,Rajasthan Royals,Kochi Tuskers Kerala,Rajasthan Royals,Rajasthan Royals,,SK Warne
501226,2011,2011-04-25,"MA Chidambaram Stadium, Chepauk",Chennai,Chennai Super Kings,Pune Warriors,Pune Warriors,field,Chennai Super Kings,1,completed,Chennai Super Kings,Pune Warriors,Pune Warriors,Chennai Super Kings,,MEK Hussey
501227,2011,2011-04-26,Feroz Shah Kotla,Delhi,Delhi Capitals,Royal Challengers Bangalore,Royal Challengers Bangalore,field,Royal Challengers Bangalore,0,completed,Delhi Daredevils,Royal Challengers Bangalore,Royal Challengers Bangalore,Royal Challengers Bangalore,,V Kohli
501228,2011,2011-04-27,Dr DY Patil Sports Academy,Mumbai,Pune Warriors,Chennai Super Kings,Pune Warriors,bat,Chennai Super Kings,0,completed,Pune Warriors,Chennai Super Kings,Pune Warriors,Chennai Super Kings,,DE Bollinger
501229,2011,2011-04-27,Nehru Stadium,Kochi,Kochi Tuskers Kerala,Deccan Chargers,Kochi Tuskers Kerala,field,Deccan Chargers,0,completed,Kochi Tuskers Kerala,Deccan Chargers,Kochi Tuskers Kerala,Deccan Chargers,,I Sharma
501230,2011,2011-04-28,Feroz Shah Kotla,Delhi,Delhi Capitals,Kolkata Knight Riders,Delhi Capitals,field,Kolkata Knight Riders,0,completed,Delhi Daredevils,Kolkata Knight Riders,Delhi Daredevils,Kolkata Knight Riders,,MK Tiwary
501231,2011,2011-04-29,Sawai Mansingh Stadium,Jaipur,Rajasthan Royals,Mumbai Indians,Rajasthan Royals,field,Rajasthan Royals,1,completed,Rajasthan Royals,Mumbai Indians,Rajasthan Royals,Rajasthan Royals,,J Botha
501232,2011,2011-04-29,M Chinnaswamy Stadium,Bangalore,Royal Challengers Bangalore,Pune Warriors,Pune Warriors,field,Royal Challengers Bangalore,1,completed,Royal Challengers Bangalore,Pune Warriors,Pune Warriors,Royal Challengers Bangalore,,V Kohli
501233,2011,2011-04-30,Nehru Stadium,Kochi,Kochi Tuskers Kerala,Delhi Capitals,Delhi Capitals,bat,Delhi Capitals,0,completed,Kochi Tuskers Kerala,Delhi Daredevils,Delhi Daredevils,Delhi Daredevils,,V Sehwag
501234,2011,2011-04-30,Eden Gardens,Kolkata,Kolkata Knight Riders,Punjab Kings,Kolkata Knight Riders,field,Kolkata Knight Riders,1,completed,Kolkata Knight Riders,Kings XI Punjab,Kolkata Knight Riders,Kolkata Knight Riders,,Iqbal Abdulla
501235,2011,2011-05-01,Sawai Mansingh Stadium,Jaipur,Rajasthan Royals,Pune Warriors,Rajasthan Royals,field,Rajasthan Royals,1,completed,Rajasthan Royals,Pune Warriors,Rajasthan Royals,Rajasthan Royals,,LRPL Taylor
501236,2011,2011-05-01,"MA Chidambaram Stadium, Chepauk",Chennai,Chennai Super Kings,Deccan Chargers,Chennai Super Kings,bat,Chennai Super Kings,1,completed,Chennai Super Kings,Deccan Chargers,Chennai Super Kings,Chennai Super Kings,,JA Morkel
501237,2011,2011-05-02,Wankhede Stadium,Mumbai,Mumbai Indians,Punjab Kings,Punjab Kings,field,Mumbai Indians,1,completed,Mumbai Indians,Kings XI Punjab,Kings XI Punjab,Mumbai Indians,,KA Pollard
501238,2011,2011-05-02,Feroz Shah Kotla,Delhi,Delhi Capitals,Kochi Tuskers Kerala,Kochi Tuskers Kerala,field,Kochi Tuskers Kerala,0,completed,Delhi Daredevils,Kochi Tuskers Kerala,Kochi Tuskers Kerala,Kochi Tuskers Kerala,,P Parameswaran
501239,2011,2011-05-03,"Rajiv Gandhi International Stadium, Uppal",Hyderabad,Deccan Chargers,Kolkata Knight Riders,Deccan Chargers,field,Kolkata Knight Riders,0,completed,Deccan Chargers,Kolkata Knight Riders,Deccan Chargers,Kolkata Knight Riders,,YK Pathan
501240,2011,2011-05-04,"MA Chidambaram Stadium, Chepauk",Chennai,Chennai Super Kings,Rajasthan Royals,Rajasthan Royals,bat,Chennai Super Kings,1,completed,Chennai Super Kings,Rajasthan Royals,Rajasthan Royals,Chennai Super Kings,,MEK Hussey
501241,2011,2011-05-04,Dr DY Patil Sports Academy,Mumbai,Pune Warriors,Mumbai Indians,Pune Warriors,field,Mumbai Indians,0,completed,Pune Warriors,Mumbai Indians,Pune Warriors,Mumbai Indians,,R Sharma
501242,2011,2011-05-05,Nehru Stadium,Kochi,Kochi Tuskers Kerala,Kolkata Knight Riders,Kolkata Knight Riders,field,Kochi Tuskers Kerala,1,completed,Kochi Tuskers Kerala,Kolkata Knight Riders,Kolkata Knight Riders,Kochi Tuskers Kerala,,BJ Hodge
501243,2011,2011-05-05,"Rajiv Gandhi International Stadium, Uppal",Hyderabad,Deccan Chargers,Delhi Capitals,Delhi Capitals,field,Delhi Capitals,0,completed,Deccan Chargers,Delhi Daredevils,Delhi Daredevils,Delhi Daredevils,,V Sehwag
501244,2011,2011-05-06,M Chinnaswamy Stadium,Bangalore,Royal Challengers Bangalore,Punjab Kings,Punjab Kings,field,Royal Challengers Bangalore,1,completed,Royal Challengers Bangalore,Kings XI Punjab,Kings XI Punjab,Royal Challengers Bangalore,,CH Gayle
501245,2011,2011-05-07,Eden Gardens,Kolkata,Kolkata Knight Riders,Chennai Super Kings,Chennai Super Kings,bat,Kolkata Knight Riders,1,completed,Kolkata Knight Riders,Chennai Super Kings,Chennai Super Kings,Kolkata Knight Riders,,Iqbal Abdulla
501246,2011,2011-05-07,Wankhede Stadium,Mumbai,Mumbai Indians,Delhi Capitals,Delhi Capitals,field,Mumbai Indians,1,completed,Mumbai Indians,Delhi Daredevils,Delhi Daredevils,Mumbai Indians,,AT Rayudu
501247,2011,2011-05-08,M Chinnaswamy Stadium,Bangalore,Royal Challengers Bangalore,Kochi Tuskers Kerala,Kochi Tuskers Kerala,bat,Royal Challengers Bangalore,1,completed,Royal Challengers Bangalore,Kochi Tuskers Kerala,Kochi Tuskers Kerala,Royal Challengers Bangalore,,CH Gayle
501248,2011,2011-05-08,"Punjab Cricket Association Stadium, Mohali",Chandigarh,Punjab Kings,Pune Warriors,Punjab Kings,bat,Pune Warriors,0,completed,Kings XI Punjab,Pune Warriors,Kings XI Punjab,Pune Warriors,,R Sharma
501249,2011,2011-05-09,Sawai Mansingh Stadium,Jaipur,Rajasthan Royals,Chennai Super Kings,Rajasthan Royals,field,Chennai Super Kings,0,completed,Rajasthan Royals,Chennai Super Kings,Rajasthan Royals,Chennai Super Kings,,M Vijay
501250,2011,2011-05-10,"Rajiv Gandhi International Stadium, Uppal",Hyderabad,Deccan Chargers,Pune Warriors,Deccan Chargers,bat,Pune Warriors,0,completed,Deccan Chargers,Pune Warriors,Deccan Chargers,Pune Warriors,,MR Marsh
501251,2011,2011-05-10,"Punjab Cricket Association Stadium, Mohali",Chandigarh,Punjab Kings,Mumbai Indians,Mumbai Indians,field,Punjab Kings,1,completed,Kings XI Punjab,Mumbai Indians,Mumbai Indians,Kings XI Punjab,,BA Bhatt
501252,2011,2011-05-11,Sawai Mansingh Stadium,Jaipur,Rajasthan Royals,Royal Challengers Bangalore,Royal Challengers Bangalore,field,Royal Challengers Bangalore,0,completed,Rajasthan Royals,Royal Challengers Bangalore,Royal Challengers Bangalore,Royal Challengers Bangalore,,S Aravind
501253,2011,2011-05-12,"MA Chidambaram Stadium, Chepauk",Chennai,Chennai Super Kings,Delhi Capitals,Chennai Super Kings,bat,Chennai Super Kings,1,completed,Chennai Super Kings,Delhi Daredevils,Chennai Super Kings,Chennai Super Kings,,MS Dhoni
501254,2011,2011-05-13,Holkar Cricket Stadium,Indore,Kochi Tuskers Kerala,Punjab Kings,Punjab Kings,field,Punjab Kings,0,completed,Kochi Tuskers Kerala,Kings XI Punjab,Kings XI Punjab,Kings XI Punjab,,KD Karthik
501255,2011,2011-05-14,M Chinnaswamy Stadium,Bangalore,Royal Challengers Bangalore,Kolkata Knight Riders,Royal Challengers Bangalore,field,Royal Challengers Bangalore,1,completed,Royal Challengers Bangalore,Kolkata Knight Riders,Royal Challengers Bangalore,Royal Challengers Bangalore,,CH Gayle
501256,2011,2011-05-14,Wankhede Stadium,Mumbai,Mumbai Indians,Deccan Chargers,Deccan Chargers,bat,Deccan Chargers,0,completed,Mumbai Indians,Deccan Chargers,Deccan Chargers,Deccan Chargers,,A Mishra
501257,2011,2011-05-15,Himachal Pradesh Cricket Association Stadium,Dharamsala,Punjab Kings,Delhi Capitals,Delhi Capitals,field,Punjab Kings,1,completed,Kings XI Punjab,Delhi Daredevils,Delhi Daredevils,Kings XI Punjab,,PP Chawla
501258,2011,2011-05-15,Holkar Cricket Stadium,Indore,Kochi Tuskers Kerala,Rajasthan Royals,Kochi Tuskers Kerala,field,Kochi Tuskers Kerala,1,completed,Kochi Tuskers Kerala,Rajasthan Royals,Kochi Tuskers Kerala,Kochi Tuskers Kerala,,BJ Hodge
501259,2011,2011-05-16,Dr DY Patil Sports Academy,Mumbai,Pune Warriors,Deccan Chargers,Deccan Chargers,field,Deccan Chargers,0,completed,Pune Warriors,Deccan Chargers,Deccan Chargers,Deccan Chargers,,A Mishra
501260,2011,2011-05-17,Himachal Pradesh Cricket Association Stadium,Dharamsala,Punjab Kings,Royal Challengers Bangalore,Punjab Kings,bat,Punjab Kings,1,completed,Kings XI Punjab,Royal Challengers Bangalore,Kings XI Punjab,Kings XI Punjab,,AC Gilchrist
501261,2011,2011-05-18,"MA Chidambaram Stadium, Chepauk",Chennai,Chennai Super Kings,Kochi Tuskers Kerala,Chennai Super Kings,bat,Chennai Super Kings,1,completed,Chennai Super Kings,Kochi Tuskers Kerala,Chennai Super Kings,Chennai Super Kings,,WP Saha
501262,2011,2011-05-19,Dr DY Patil Sports Academy,Mumbai,Pune Warriors,Kolkata Knight Riders,Kolkata Knight Riders,field,Kolkata Knight Riders,0,completed,Pune Warriors,Kolkata Knight Riders,Kolkata Knight Riders,Kolkata Knight Riders,,YK Pathan
501263,2011,2011-05-20,Wankhede Stadium,Mumbai,Mumbai Indians,Rajasthan Royals,Mumbai Indians,bat,Rajasthan Royals,0,completed,Mumbai Indians,Rajasthan Royals,Mumbai Indians,Rajasthan Royals,,SR Watson
501264,2011,2011-05-21,Himachal Pradesh Cricket Association Stadium,Dharamsala,Punjab Kings,Deccan Chargers,Punjab Kings,field,Deccan Chargers,0,completed,Kings XI Punjab,Deccan Chargers,Kings XI Punjab,Deccan Chargers,,S Dhawan
501266,2011,2011-05-22,M Chinnaswamy Stadium,Bangalore,Royal Challengers Bangalore,Chennai Super Kings,Royal Challengers Bangalore,field,Royal Challengers Bangalore,1,completed,Royal Challengers Bangalore,Chennai Super Kings,Royal Challengers Bangalore,Royal Challengers Bangalore,,CH Gayle
501267,2011,2011-05-22,Eden Gardens,Kolkata,Kolkata Knight Riders,Mumbai Indians,Mumbai Indians,field,Mumbai Indians,0,completed,Kolkata Knight Riders,Mumbai Indians,Mumbai Indians,Mumbai Indians,,JEC Franklin
501268,2011,2011-05-24,Wankhede Stadium,Mumbai,Royal Challengers Bangalore,Chennai Super Kings,Chennai Super Kings,field,Chennai Super Kings,0,completed,Royal Challengers Bangalore,Chennai Super Kings,Chennai Super Kings,Chennai Super Kings,,SK Raina
501269,2011,2011-05-25,Wankhede Stadium,Mumbai,Mumbai Indians,Kolkata Knight Riders,Mumbai Indians,field,Mumbai Indians,1,completed,Mumbai Indians,Kolkata Knight Riders,Mumbai Indians,Mumbai Indians,,MM Patel
501270,2011,2011-05-27,"MA Chidambaram Stadium, Chepauk",Chennai,Royal Challengers Bangalore,Mumbai Indians,Mumbai Indians,field,Royal Challengers Bangalore,1,completed,Royal Challengers Bangalore,Mumbai Indians,Mumbai Indians,Royal Challengers Bangalore,,CH Gayle
501271,2011,2011-05-28,"MA Chidambaram Stadium, Chepauk",Chennai,Chennai Super Kings,Royal Challengers Bangalore,Chennai Super Kings,bat,Chennai Super Kings,1,completed,Chennai Super Kings,Royal Challengers Bangalore,Chennai Super Kings,Chennai Super Kings,,M Vijay
548306,2012,2012-04-04,"MA Chidambaram Stadium, Chepauk",Chennai,Chennai Super Kings,Mumbai Indians,Mumbai Indians,field,Mumbai Indians,0,completed,Chennai Super Kings,Mumbai Indians,Mumbai Indians,Mumbai Indians,,RE Levi
548307,2012,2012-04-05,Eden Gardens,Kolkata,Kolkata Knight Riders,Delhi Capitals,Delhi Capitals,field,Delhi Capitals,0,completed,Kolkata Knight Riders,Delhi Daredevils,Delhi Daredevils,Delhi Daredevils,,IK Pathan
548308,2012,2012-04-06,Wankhede Stadium,Mumbai,Mumbai Indians,Pune Warriors,Mumbai Indians,field,Pune Warriors,0,completed,Mumbai Indians,Pune Warriors,Mumbai Indians,Pune Warriors,,SPD Smith
548309,2012,2012-04-06,Sawai Mansingh Stadium,Jaipur,Rajasthan Royals,Punjab Kings,Punjab Kings,field,Rajasthan Royals,1,completed,Rajasthan Royals,Kings XI Punjab,Kings XI Punjab,Rajasthan Royals,,AM Rahane
548310,2012,2012-04-07,M Chinnaswamy Stadium,Bangalore,Royal Challengers Bangalore,Delhi Capitals,Delhi Capitals,field,Royal Challengers Bangalore,1,completed,Royal Challengers Bangalore,Delhi Daredevils,Delhi Daredevils,Royal Challengers Bangalore,,AB de Villiers
548311,2012,2012-04-07,Dr. Y.S. Rajasekhara Reddy ACA-VDCA Cricket Stadium,Visakhapatnam,Deccan Chargers,Chennai Super Kings,Deccan Chargers,field,Chennai Super Kings,0,completed,Deccan Chargers,Chennai Super Kings,Deccan Chargers,Chennai Super Kings,,RA Jadeja
548312,2012,2012-04-08,Sawai Mansingh Stadium,Jaipur,Rajasthan Royals,Kolkata Knight Riders,Kolkata Knight Riders,field,Rajasthan Royals,1,completed,Rajasthan Royals,Kolkata Knight Riders,Kolkata Knight Riders,Rajasthan Royals,,BJ Hodge
548313,2012,2012-04-08,Subrata Roy Sahara Stadium,Pune,Pune Warriors,Punjab Kings,Pune Warriors,bat,Pune Warriors,1,completed,Pune Warriors,Kings XI Punjab,Pune Warriors,Pune Warriors,,MN Samuels
548314,2012,2012-04-09,Dr. Y.S. Rajasekhara Reddy ACA-VDCA Cricket Stadium,Visakhapatnam,Deccan Chargers,Mumbai Indians,Deccan Chargers,bat,Mumbai Indians,0,completed,Deccan Chargers,Mumbai Indians,Deccan Chargers,Mumbai Indians,,RG Sharma
548315,2012,2012-04-10,M Chinnaswamy Stadium,Bangalore,Royal Challengers Bangalore,Kolkata Knight Riders,Royal Challengers Bangalore,field,Kolkata Knight Riders,0,completed,Royal Challengers Bangalore,Kolkata Knight Riders,Royal Challengers Bangalore,Kolkata Knight Riders,,L Balaji
548316,2012,2012-04-10,Feroz Shah Kotla,Delhi,Delhi Capitals,Chennai Super Kings,Delhi Capitals,field,Delhi Capitals,1,completed,Delhi Daredevils,Chennai Super Kings,Delhi Daredevils,Delhi Daredevils,,M Morkel
548317,2012,2012-04-11,Wankhede Stadium,Mumbai,Mumbai Indians,Rajasthan Royals,Rajasthan Royals,field,Mumbai Indians,1,completed,Mumbai Indians,Rajasthan Royals,Rajasthan Royals,Mumbai Indians,,KA Pollard
548318,2012,2012-04-12,"MA Chidambaram Stadium, Chepauk",Chennai,Chennai Super Kings,Royal Challengers Bangalore,Royal Challengers Bangalore,bat,Chennai Super Kings,1,completed,Chennai Super Kings,Royal Challengers Bangalore,Royal Challengers Bangalore,Chennai Super Kings,,F du Plessis
548319,2012,2012-04-12,"Punjab Cricket Association Stadium, Mohali",Chandigarh,Punjab Kings,Pune Warriors,Punjab Kings,field,Punjab Kings,1,completed,Kings XI Punjab,Pune Warriors,Kings XI Punjab,Kings XI Punjab,,AD Mascarenhas
548320,2012,2012-04-13,Eden Gardens,Kolkata,Kolkata Knight Riders,Rajasthan Royals,Rajasthan Royals,bat,Kolkata Knight Riders,1,completed,Kolkata Knight Riders,Rajasthan Royals,Rajasthan Royals,Kolkata Knight Riders,,Shakib Al Hasan
548322,2012,2012-04-14,Subrata Roy Sahara Stadium,Pune,Pune Warriors,Chennai Super Kings,Chennai Super Kings,bat,Pune Warriors,1,completed,Pune Warriors,Chennai Super Kings,Chennai Super Kings,Pune Warriors,,JD Ryder
548323,2012,2012-04-15,Eden Gardens,Kolkata,Kolkata Knight Riders,Punjab Kings,Kolkata Knight Riders,field,Punjab Kings,0,completed,Kolkata Knight Riders,Kings XI Punjab,Kolkata Knight Riders,Kings XI Punjab,,SP Narine
548324,2012,2012-04-15,M Chinnaswamy Stadium,Bangalore,Royal Challengers Bangalore,Rajasthan Royals,Rajasthan Royals,bat,Rajasthan Royals,0,completed,Royal Challengers Bangalore,Rajasthan Royals,Rajasthan Royals,Rajasthan Royals,,AM Rahane
548325,2012,2012-04-16,Wankhede Stadium,Mumbai,Mumbai Indians,Delhi Capitals,Delhi Capitals,field,Delhi Capitals,0,completed,Mumbai Indians,Delhi Daredevils,Delhi Daredevils,Delhi Daredevils,,S Nadeem
548326,2012,2012-04-17,Sawai Mansingh Stadium,Jaipur,Rajasthan Royals,Deccan Chargers,Deccan Chargers,bat,Rajasthan Royals,1,completed,Rajasthan Royals,Deccan Chargers,Deccan Chargers,Rajasthan Royals,,BJ Hodge
548327,2012,2012-04-17,M Chinnaswamy Stadium,Bangalore,Royal Challengers Bangalore,Pune Warriors,Pune Warriors,bat,Royal Challengers Bangalore,1,completed,Royal Challengers Bangalore,Pune Warriors,Pune Warriors,Royal Challengers Bangalore,,CH Gayle
548328,2012,2012-04-18,"Punjab Cricket Association Stadium, Mohali",Chandigarh,Punjab Kings,Kolkata Knight Riders,Punjab Kings,bat,Kolkata Knight Riders,0,completed,Kings XI Punjab,Kolkata Knight Riders,Kings XI Punjab,Kolkata Knight Riders,,G Gambhir
548321,2012,2012-04-19,Feroz Shah Kotla,Delhi,Delhi Capitals,Deccan Chargers,Deccan Chargers,bat,Delhi Capitals,1,completed,Delhi Daredevils,Deccan Chargers,Deccan Chargers,Delhi Daredevils,,KP Pietersen
548330,2012,2012-04-19,"MA Chidambaram Stadium, Chepauk",Chennai,Chennai Super Kings,Pune Warriors,Pune Warriors,field,Chennai Super Kings,1,completed,Chennai Super Kings,Pune Warriors,Pune Warriors,Chennai Super Kings,,KMDN Kulasekara
548331,2012,2012-04-20,"Punjab Cricket Association Stadium, Mohali",Chandigarh,Punjab Kings,Royal Challengers Bangalore,Royal Challengers Bangalore,field,Royal Challengers Bangalore,0,completed,Kings XI Punjab,Royal Challengers Bangalore,Royal Challengers Bangalore,Royal Challengers Bangalore,,CH Gayle
548332,2012,2012-04-21,"MA Chidambaram Stadium, Chepauk",Chennai,Chennai Super Kings,Rajasthan Royals,Rajasthan Royals,bat,Chennai Super Kings,1,completed,Chennai Super Kings,Rajasthan Royals,Rajasthan Royals,Chennai Super Kings,,F du Plessis
548333,2012,2012-04-21,Feroz Shah Kotla,Delhi,Delhi Capitals,Pune Warriors,Delhi Capitals,field,Pune Warriors,0,completed,Delhi Daredevils,Pune Warriors,Delhi Daredevils,Pune Warriors,,SC Ganguly
548334,2012,2012-04-22,Wankhede Stadium,Mumbai,Mumbai Indians,Punjab Kings,Mumbai Indians,bat,Punjab Kings,0,completed,Mumbai Indians,Kings XI Punjab,Mumbai Indians,Kings XI Punjab,,SE Marsh
548335,2012,2012-04-22,Barabati Stadium,Cuttack,Deccan Chargers,Kolkata Knight Riders,Kolkata Knight Riders,field,Kolkata Knight Riders,0,completed,Deccan Chargers,Kolkata Knight Riders,Kolkata Knight Riders,Kolkata Knight Riders,,B Lee
548336,2012,2012-04-23,Sawai Mansingh Stadium,Jaipur,Rajasthan Royals,Royal Challengers Bangalore,Rajasthan Royals,field,Royal Challengers Bangalore,0,completed,Rajasthan Royals,Royal Challengers Bangalore,Rajasthan Royals,Royal Challengers Bangalore,,AB de Villiers
548337,2012,2012-04-24,Subrata Roy Sahara Stadium,Pune,Pune Warriors,Delhi Capitals,Pune Warriors,bat,Delhi Capitals,0,completed,Pune Warriors,Delhi Daredevils,Pune Warriors,Delhi Daredevils,,V Sehwag
548339,2012,2012-04-25,"Punjab Cricket Association Stadium, Mohali",Chandigarh,Punjab Kings,Mumbai Indians,Punjab Kings,bat,Mumbai Indians,0,completed,Kings XI Punjab,Mumbai Indians,Kings XI Punjab,Mumbai Indians,,AT Rayudu
548341,2012,2012-04-26,Subrata Roy Sahara Stadium,Pune,Pune Warriors,Deccan Chargers,Deccan Chargers,bat,Deccan Chargers,0,completed,Pune Warriors,Deccan Chargers,Deccan Chargers,Deccan Chargers,,CL White
548342,2012,2012-04-27,Feroz Shah Kotla,Delhi,Delhi Capitals,Mumbai Indians,Mumbai Indians,field,Delhi Capitals,1,completed,Delhi Daredevils,Mumbai Indians,Mumbai Indians,Delhi Daredevils,,V Sehwag
548343,2012,2012-04-28,"MA Chidambaram Stadium, Chepauk",Chennai,Chennai Super Kings,Punjab Kings,Punjab Kings,bat,Punjab Kings,0,completed,Chennai Super Kings,Kings XI Punjab,Kings XI Punjab,Kings XI Punjab,,Mandeep Singh
548344,2012,2012-04-28,Eden Gardens,Kolkata,Kolkata Knight Riders,Royal Challengers Bangalore,Kolkata Knight Riders,bat,Kolkata Knight Riders,1,completed,Kolkata Knight Riders,Royal Challengers Bangalore,Kolkata Knight Riders,Kolkata Knight Riders,,G Gambhir
548345,2012,2012-04-29,Feroz Shah Kotla,Delhi,Delhi Capitals,Rajasthan Royals,Delhi Capitals,bat,Delhi Capitals,1,completed,Delhi Daredevils,Rajasthan Royals,Delhi Daredevils,Delhi Daredevils,,V Sehwag
548346,2012,2012-04-29,Wankhede Stadium,Mumbai,Mumbai Indians,Deccan Chargers,Mumbai Indians,field,Mumbai Indians,1,completed,Mumbai Indians,Deccan Chargers,Mumbai Indians,Mumbai Indians,,DW Steyn
548347,2012,2012-04-30,"MA Chidambaram Stadium, Chepauk",Chennai,Chennai Super Kings,Kolkata Knight Riders,Chennai Super Kings,bat,Kolkata Knight Riders,0,completed,Chennai Super Kings,Kolkata Knight Riders,Chennai Super Kings,Kolkata Knight Riders,,G Gambhir
548348,2012,2012-05-01,Barabati Stadium,Cuttack,Deccan Chargers,Pune Warriors,Deccan Chargers,bat,Deccan Chargers,1,completed,Deccan Chargers,Pune Warriors,Deccan Chargers,Deccan Chargers,,KC Sangakkara
548349,2012,2012-05-01,Sawai Mansingh Stadium,Jaipur,Rajasthan Royals,Delhi Capitals,Rajasthan Royals,bat,Delhi Capitals,0,completed,Rajasthan Royals,Delhi Daredevils,Rajasthan Royals,Delhi Daredevils,,P Negi
548350,2012,2012-05-02,M Chinnaswamy Stadium,Bangalore,Royal Challengers Bangalore,Punjab Kings,Punjab Kings,field,Punjab Kings,0,completed,Royal Challengers Bangalore,Kings XI Punjab,Kings XI Punjab,Kings XI Punjab,,Azhar Mahmood
548351,2012,2012-05-03,Subrata Roy Sahara Stadium,Pune,Pune Warriors,Mumbai Indians,Mumbai Indians,bat,Mumbai Indians,0,completed,Pune Warriors,Mumbai Indians,Mumbai Indians,Mumbai Indians,,SL Malinga
548352,2012,2012-05-04,"MA Chidambaram Stadium, Chepauk",Chennai,Chennai Super Kings,Deccan Chargers,Chennai Super Kings,bat,Chennai Super Kings,1,completed,Chennai Super Kings,Deccan Chargers,Chennai Super Kings,Chennai Super Kings,,SK Raina
548353,2012,2012-05-05,Eden Gardens,Kolkata,Kolkata Knight Riders,Pune Warriors,Kolkata Knight Riders,bat,Kolkata Knight Riders,1,completed,Kolkata Knight Riders,Pune Warriors,Kolkata Knight Riders,Kolkata Knight Riders,,SP Narine
548354,2012,2012-05-05,"Punjab Cricket Association Stadium, Mohali",Chandigarh,Punjab Kings,Rajasthan Royals,Rajasthan Royals,bat,Rajasthan Royals,0,completed,Kings XI Punjab,Rajasthan Royals,Rajasthan Royals,Rajasthan Royals,,SR Watson
548355,2012,2012-05-06,Wankhede Stadium,Mumbai,Mumbai Indians,Chennai Super Kings,Mumbai Indians,field,Mumbai Indians,1,completed,Mumbai Indians,Chennai Super Kings,Mumbai Indians,Mumbai Indians,,DR Smith
548356,2012,2012-05-06,M Chinnaswamy Stadium,Bangalore,Royal Challengers Bangalore,Deccan Chargers,Royal Challengers Bangalore,field,Royal Challengers Bangalore,1,completed,Royal Challengers Bangalore,Deccan Chargers,Royal Challengers Bangalore,Royal Challengers Bangalore,,AB de Villiers
548357,2012,2012-05-07,Feroz Shah Kotla,Delhi,Delhi Capitals,Kolkata Knight Riders,Delhi Capitals,bat,Kolkata Knight Riders,0,completed,Delhi Daredevils,Kolkata Knight Riders,Delhi Daredevils,Kolkata Knight Riders,,JH Kallis
548358,2012,2012-05-08,Subrata Roy Sahara Stadium,Pune,Pune Warriors,Rajasthan Royals,Pune Warriors,bat,Rajasthan Royals,0,completed,Pune Warriors,Rajasthan Royals,Pune Warriors,Rajasthan Royals,,SR Watson
548359,2012,2012-05-08,"Rajiv Gandhi International Stadium, Uppal",Hyderabad,Deccan Chargers,Punjab Kings,Deccan Chargers,field,Punjab Kings,0,completed,Deccan Chargers,Kings XI Punjab,Deccan Chargers,Kings XI Punjab,,Mandeep Singh
548360,2012,2012-05-09,Wankhede Stadium,Mumbai,Mumbai Indians,Royal Challengers Bangalore,Royal Challengers Bangalore,field,Royal Challengers Bangalore,0,completed,Mumbai Indians,Royal Challengers Bangalore,Royal Challengers Bangalore,Royal Challengers Bangalore,,CH Gayle
548329,2012,2012-05-10,"Rajiv Gandhi International Stadium, Uppal",Hyderabad,Deccan Chargers,Delhi Capitals,Deccan Chargers,bat,Delhi Capitals,0,completed,Deccan Chargers,Delhi Daredevils,Deccan Chargers,Delhi Daredevils,,DA Warner
548361,2012,2012-05-10,Sawai Mansingh Stadium,Jaipur,Rajasthan Royals,Chennai Super Kings,Chennai Super Kings,field,Chennai Super Kings,0,completed,Rajasthan Royals,Chennai Super Kings,Chennai Super Kings,Chennai Super Kings,,BW Hilfenhaus
548362,2012,2012-05-11,Subrata Roy Sahara Stadium,Pune,Pune Warriors,Royal Challengers Bangalore,Pune Warriors,field,Royal Challengers Bangalore,0,completed,Pune Warriors,Royal Challengers Bangalore,Pune Warriors,Royal Challengers Bangalore,,CH Gayle
548363,2012,2012-05-12,Eden Gardens,Kolkata,Kolkata Knight Riders,Mumbai Indians,Mumbai Indians,bat,Mumbai Indians,0,completed,Kolkata Knight Riders,Mumbai Indians,Mumbai Indians,Mumbai Indians,,RG Sharma
548364,2012,2012-05-12,"MA Chidambaram Stadium, Chepauk",Chennai,Chennai Super Kings,Delhi Capitals,Chennai Super Kings,field,Chennai Super Kings,1,completed,Chennai Super Kings,Delhi Daredevils,Chennai Super Kings,Chennai Super Kings,,BW Hilfenhaus
548365,2012,2012-05-13,Sawai Mansingh Stadium,Jaipur,Rajasthan Royals,Pune Warriors,Rajasthan Royals,bat,Rajasthan Royals,1,completed,Rajasthan Royals,Pune Warriors,Rajasthan Royals,Rajasthan Royals,,A Chandila
548366,2012,2012-05-13,"Punjab Cricket Association Stadium, Mohali",Chandigarh,Punjab Kings,Deccan Chargers,Deccan Chargers,bat,Punjab Kings,1,completed,Kings XI Punjab,Deccan Chargers,Deccan Chargers,Kings XI Punjab,,DJ Hussey
548367,2012,2012-05-14,M Chinnaswamy Stadium,Bangalore,Royal Challengers Bangalore,Mumbai Indians,Mumbai Indians,field,Mumbai Indians,0,completed,Royal Challengers Bangalore,Mumbai Indians,Mumbai Indians,Mumbai Indians,,AT Rayudu
548368,2012,2012-05-14,Eden Gardens,Kolkata,Kolkata Knight Riders,Chennai Super Kings,Chennai Super Kings,field,Chennai Super Kings,0,completed,Kolkata Knight Riders,Chennai Super Kings,Chennai Super Kings,Chennai Super Kings,,MEK Hussey
548369,2012,2012-05-15,Feroz Shah Kotla,Delhi,Delhi Capitals,Punjab Kings,Punjab Kings,bat,Delhi Capitals,1,completed,Delhi Daredevils,Kings XI Punjab,Kings XI Punjab,Delhi Daredevils,,UT Yadav
548370,2012,2012-05-16,Wankhede Stadium,Mumbai,Mumbai Indians,Kolkata Knight Riders,Mumbai Indians,field,Kolkata Knight Riders,0,completed,Mumbai Indians,Kolkata Knight Riders,Mumbai Indians,Kolkata Knight Riders,,SP Narine
548371,2012,2012-05-17,Himachal Pradesh Cricket Association Stadium,Dharamsala,Punjab Kings,Chennai Super Kings,Punjab Kings,field,Punjab Kings,1,completed,Kings XI Punjab,Chennai Super Kings,Kings XI Punjab,Kings XI Punjab,,AC Gilchrist
548372,2012,2012-05-17,Feroz Shah Kotla,Delhi,Delhi Capitals,Royal Challengers Bangalore,Delhi Capitals,field,Royal Challengers Bangalore,0,completed,Delhi Daredevils,Royal Challengers Bangalore,Delhi Daredevils,Royal Challengers Bangalore,,CH Gayle
548373,2012,2012-05-18,"Rajiv Gandhi International Stadium, Uppal",Hyderabad,Deccan Chargers,Rajasthan Royals,Rajasthan Royals,bat,Deccan Chargers,1,completed,Deccan Chargers,Rajasthan Royals,Rajasthan Royals,Deccan Chargers,,DW Steyn
548374,2012,2012-05-19,Himachal Pradesh Cricket Association Stadium,Dharamsala,Punjab Kings,Delhi Capitals,Delhi Capitals,field,Delhi Capitals,0,completed,Kings XI Punjab,Delhi Daredevils,Delhi Daredevils,Delhi Daredevils,,UT Yadav
548375,2012,2012-05-19,Subrata Roy Sahara Stadium,Pune,Pune Warriors,Kolkata Knight Riders,Kolkata Knight Riders,bat,Kolkata Knight Riders,0,completed,Pune Warriors,Kolkata Knight Riders,Kolkata Knight Riders,Kolkata Knight Riders,,Shakib Al Hasan
548376,2012,2012-05-20,"Rajiv Gandhi International Stadium, Uppal",Hyderabad,Deccan Chargers,Royal Challengers Bangalore,Royal Challengers Bangalore,field,Deccan Chargers,1,completed,Deccan Chargers,Royal Challengers Bangalore,Royal Challengers Bangalore,Deccan Chargers,,DW Steyn
548377,2012,2012-05-20,Sawai Mansingh Stadium,Jaipur,Rajasthan Royals,Mumbai Indians,Rajasthan Royals,bat,Mumbai Indians,0,completed,Rajasthan Royals,Mumbai Indians,Rajasthan Royals,Mumbai Indians,,DR Smith
548378,2012,2012-05-22,Subrata Roy Sahara Stadium,Pune,Delhi Capitals,Kolkata Knight Riders,Kolkata Knight Riders,bat,Kolkata Knight Riders,0,completed,Delhi Daredevils,Kolkata Knight Riders,Kolkata Knight Riders,Kolkata Knight Riders,,YK Pathan
548379,2012,2012-05-23,M Chinnaswamy Stadium,Bangalore,Chennai Super Kings,Mumbai Indians,Mumbai Indians,field,Chennai Super Kings,1,completed,Chennai Super Kings,Mumbai Indians,Mumbai Indians,Chennai Super Kings,,MS Dhoni
548380,2012,2012-05-25,"MA Chidambaram Stadium, Chepauk",Chennai,Delhi Capitals,Chennai Super Kings,Delhi Capitals,field,Chennai Super Kings,0,completed,Delhi Daredevils,Chennai Super Kings,Delhi Daredevils,Chennai Super Kings,,M Vijay
548381,2012,2012-05-27,"MA Chidambaram Stadium, Chepauk",Chennai,Kolkata Knight Riders,Chennai Super Kings,Chennai Super Kings,bat,Kolkata Knight Riders,1,completed,Kolkata Knight Riders,Chennai Super Kings,Chennai Super Kings,Kolkata Knight Riders,,MS Bisla
597998,2013,2013-04-03,Eden Gardens,Kolkata,Kolkata Knight Riders,Delhi Capitals,Kolkata Knight Riders,field,Kolkata Knight Riders,1,completed,Kolkata Knight Riders,Delhi Daredevils,Kolkata Knight Riders,Kolkata Knight Riders,,SP Narine
597999,2013,2013-04-04,M Chinnaswamy Stadium,Bangalore,Royal Challengers Bangalore,Mumbai Indians,Mumbai Indians,field,Royal Challengers Bangalore,1,completed,Royal Challengers Bangalore,Mumbai Indians,Mumbai Indians,Royal Challengers Bangalore,,CH Gayle
598000,2013,2013-04-05,"Rajiv Gandhi International Stadium, Uppal",Hyderabad,Sunrisers Hyderabad,Pune Warriors,Pune Warriors,field,Sunrisers Hyderabad,1,completed,Sunrisers Hyderabad,Pune Warriors,Pune Warriors,Sunrisers Hyderabad,,A Mishra
598001,2013,2013-04-06,Feroz Shah Kotla,Delhi,Delhi Capitals,Rajasthan Royals,Rajasthan Royals,bat,Rajasthan Royals,0,completed,Delhi Daredevils,Rajasthan Royals,Rajasthan Royals,Rajasthan Royals,,R Dravid
598002,2013,2013-04-06,"MA Chidambaram Stadium, Chepauk",Chennai,Chennai Super Kings,Mumbai Indians,Mumbai Indians,bat,Mumbai Indians,0,completed,Chennai Super Kings,Mumbai Indians,Mumbai Indians,Mumbai Indians,,KA Pollard
598003,2013,2013-04-07,Subrata Roy Sahara Stadium,Pune,Pune Warriors,Punjab Kings,Pune Warriors,bat,Punjab Kings,0,completed,Pune Warriors,Kings XI Punjab,Pune Warriors,Kings XI Punjab,,M Vohra
598004,2013,2013-04-07,"Rajiv Gandhi International Stadium, Uppal",Hyderabad,Sunrisers Hyderabad,Royal Challengers Bangalore,Royal Challengers Bangalore,bat,Sunrisers Hyderabad,1,tie_with_eliminator,Sunrisers Hyderabad,Royal Challengers Bangalore,Royal Challengers Bangalore,Sunrisers Hyderabad,Sunrisers Hyderabad,GH Vihari
598005,2013,2013-04-08,Sawai Mansingh Stadium,Jaipur,Rajasthan Royals,Kolkata Knight Riders,Kolkata Knight Riders,field,Rajasthan Royals,1,completed,Rajasthan Royals,Kolkata Knight Riders,Kolkata Knight Riders,Rajasthan Royals,,SK Trivedi
598006,2013,2013-04-09,Wankhede Stadium,Mumbai,Mumbai Indians,Delhi Capitals,Mumbai Indians,bat,Mumbai Indians,1,completed,Mumbai Indians,Delhi Daredevils,Mumbai Indians,Mumbai Indians,,KD Karthik
598048,2013,2013-04-09,M Chinnaswamy Stadium,Bangalore,Royal Challengers Bangalore,Sunrisers Hyderabad,Sunrisers Hyderabad,bat,Royal Challengers Bangalore,1,completed,Royal Challengers Bangalore,Sunrisers Hyderabad,Sunrisers Hyderabad,Royal Challengers Bangalore,,V Kohli
598007,2013,2013-04-10,"Punjab Cricket Association Stadium, Mohali",Chandigarh,Punjab Kings,Chennai Super Kings,Chennai Super Kings,field,Chennai Super Kings,0,completed,Kings XI Punjab,Chennai Super Kings,Chennai Super Kings,Chennai Super Kings,,MEK Hussey
598008,2013,2013-04-11,M Chinnaswamy Stadium,Bangalore,Royal Challengers Bangalore,Kolkata Knight Riders,Royal Challengers Bangalore,field,Royal Challengers Bangalore,1,completed,Royal Challengers Bangalore,Kolkata Knight Riders,Royal Challengers Bangalore,Royal Challengers Bangalore,,CH Gayle
598009,2013,2013-04-11,Subrata Roy Sahara Stadium,Pune,Pune Warriors,Rajasthan Royals,Rajasthan Royals,bat,Pune Warriors,1,completed,Pune Warriors,Rajasthan Royals,Rajasthan Royals,Pune Warriors,,AJ Finch
598010,2013,2013-04-12,Feroz Shah Kotla,Delhi,Delhi Capitals,Sunrisers Hyderabad,Delhi Capitals,bat,Sunrisers Hyderabad,0,completed,Delhi Daredevils,Sunrisers Hyderabad,Delhi Daredevils,Sunrisers Hyderabad,,A Mishra
598011,2013,2013-04-13,Wankhede Stadium,Mumbai,Mumbai Indians,Pune Warriors,Mumbai Indians,bat,Mumbai Indians,1,completed,Mumbai Indians,Pune Warriors,Mumbai Indians,Mumbai Indians,,RG Sharma
598012,2013,2013-04-13,"MA Chidambaram Stadium, Chepauk",Chennai,Chennai Super Kings,Royal Challengers Bangalore,Chennai Super Kings,field,Chennai Super Kings,1,completed,Chennai Super Kings,Royal Challengers Bangalore,Chennai Super Kings,Chennai Super Kings,,RA Jadeja
598013,2013,2013-04-14,Eden Gardens,Kolkata,Kolkata Knight Riders,Sunrisers Hyderabad,Kolkata Knight Riders,bat,Kolkata Knight Riders,1,completed,Kolkata Knight Riders,Sunrisers Hyderabad,Kolkata Knight Riders,Kolkata Knight Riders,,G Gambhir
598014,2013,2013-04-14,Sawai Mansingh Stadium,Jaipur,Rajasthan Royals,Punjab Kings,Rajasthan Royals,field,Rajasthan Royals,1,completed,Rajasthan Royals,Kings XI Punjab,Rajasthan Royals,Rajasthan Royals,,JP Faulkner
598015,2013,2013-04-15,"MA Chidambaram Stadium, Chepauk",Chennai,Chennai Super Kings,Pune Warriors,Pune Warriors,bat,Pune Warriors,0,completed,Chennai Super Kings,Pune Warriors,Pune Warriors,Pune Warriors,,SPD Smith
598016,2013,2013-04-16,"Punjab Cricket Association Stadium, Mohali",Chandigarh,Punjab Kings,Kolkata Knight Riders,Kolkata Knight Riders,field,Punjab Kings,1,completed,Kings XI Punjab,Kolkata Knight Riders,Kolkata Knight Riders,Kings XI Punjab,,MS Gony
598017,2013,2013-04-16,M Chinnaswamy Stadium,Bangalore,Royal Challengers Bangalore,Delhi Capitals,Royal Challengers Bangalore,field,Royal Challengers Bangalore,1,tie_with_eliminator,Royal Challengers Bangalore,Delhi Daredevils,Royal Challengers Bangalore,Royal Challengers Bangalore,Royal Challengers Bangalore,V Kohli
598018,2013,2013-04-17,Maharashtra Cricket Association Stadium,Pune,Pune Warriors,Sunrisers Hyderabad,Pune Warriors,field,Sunrisers Hyderabad,0,completed,Pune Warriors,Sunrisers Hyderabad,Pune Warriors,Sunrisers Hyderabad,,A Mishra
598019,2013,2013-04-17,Sawai Mansingh Stadium,Jaipur,Rajasthan Royals,Mumbai Indians,Rajasthan Royals,bat,Rajasthan Royals,1,completed,Rajasthan Royals,Mumbai Indians,Rajasthan Royals,Rajasthan Royals,,AM Rahane
598020,2013,2013-04-18,Feroz Shah Kotla,Delhi,Delhi Capitals,Chennai Super Kings,Chennai Super Kings,bat,Chennai Super Kings,0,completed,Delhi Daredevils,Chennai Super Kings,Chennai Super Kings,Chennai Super Kings,,MEK Hussey
598021,2013,2013-04-19,"Rajiv Gandhi International Stadium, Uppal",Hyderabad,Sunrisers Hyderabad,Punjab Kings,Punjab Kings,bat,Sunrisers Hyderabad,1,completed,Sunrisers Hyderabad,Kings XI Punjab,Kings XI Punjab,Sunrisers Hyderabad,,GH Vihari
598022,2013,2013-04-20,Eden Gardens,Kolkata,Kolkata Knight Riders,Chennai Super Kings,Kolkata Knight Riders,bat,Chennai Super Kings,0,completed,Kolkata Knight Riders,Chennai Super Kings,Kolkata Knight Riders,Chennai Super Kings,,RA Jadeja
598023,2013,2013-04-20,M Chinnaswamy Stadium,Bangalore,Royal Challengers Bangalore,Rajasthan Royals,Royal Challengers Bangalore,field,Royal Challengers Bangalore,1,completed,Royal Challengers Bangalore,Rajasthan Royals,Royal Challengers Bangalore,Royal Challengers Bangalore,,R Vinay Kumar
598024,2013,2013-04-21,Feroz Shah Kotla,Delhi,Delhi Capitals,Mumbai Indians,Mumbai Indians,bat,Delhi Capitals,1,completed,Delhi Daredevils,Mumbai Indians,Mumbai Indians,Delhi Daredevils,,V Sehwag
598025,2013,2013-04-21,"Punjab Cricket Association Stadium, Mohali",Chandigarh,Punjab Kings,Pune Warriors,Punjab Kings,field,Punjab Kings,1,completed,Kings XI Punjab,Pune Warriors,Kings XI Punjab,Kings XI Punjab,,DA Miller
598026,2013,2013-04-22,"MA Chidambaram Stadium, Chepauk",Chennai,Chennai Super Kings,Rajasthan Royals,Rajasthan Royals,bat,Chennai Super Kings,1,completed,Chennai Super Kings,Rajasthan Royals,Rajasthan Royals,Chennai Super Kings,,MEK Hussey
598027,2013,2013-04-23,M Chinnaswamy Stadium,Bangalore,Royal Challengers Bangalore,Pune Warriors,Pune Warriors,field,Royal Challengers Bangalore,1,completed,Royal Challengers Bangalore,Pune Warriors,Pune Warriors,Royal Challengers Bangalore,,CH Gayle
598059,2013,2013-04-23,Feroz Shah Kotla,Delhi,Delhi Capitals,Punjab Kings,Punjab Kings,field,Punjab Kings,0,completed,Delhi Daredevils,Kings XI Punjab,Kings XI Punjab,Kings XI Punjab,,Harmeet Singh
598029,2013,2013-04-24,Eden Gardens,Kolkata,Kolkata Knight Riders,Mumbai Indians,Kolkata Knight Riders,bat,Mumbai Indians,0,completed,Kolkata Knight Riders,Mumbai Indians,Kolkata Knight Riders,Mumbai Indians,,DR Smith
598030,2013,2013-04-25,"MA Chidambaram Stadium, Chepauk",Chennai,Chennai Super Kings,Sunrisers Hyderabad,Sunrisers Hyderabad,bat,Chennai Super Kings,1,completed,Chennai Super Kings,Sunrisers Hyderabad,Sunrisers Hyderabad,Chennai Super Kings,,MS Dhoni
598031,2013,2013-04-26,Eden Gardens,Kolkata,Kolkata Knight Riders,Punjab Kings,Punjab Kings,bat,Kolkata Knight Riders,1,completed,Kolkata Knight Riders,Kings XI Punjab,Kings XI Punjab,Kolkata Knight Riders,,JH Kallis
598032,2013,2013-04-27,Sawai Mansingh Stadium,Jaipur,Rajasthan Royals,Sunrisers Hyderabad,Sunrisers Hyderabad,bat,Rajasthan Royals,1,completed,Rajasthan Royals,Sunrisers Hyderabad,Sunrisers Hyderabad,Rajasthan Royals,,JP Faulkner
598033,2013,2013-04-27,Wankhede Stadium,Mumbai,Mumbai Indians,Royal Challengers Bangalore,Mumbai Indians,bat,Mumbai Indians,1,completed,Mumbai Indians,Royal Challengers Bangalore,Mumbai Indians,Mumbai Indians,,DR Smith
598034,2013,2013-04-28,"MA Chidambaram Stadium, Chepauk",Chennai,Chennai Super Kings,Kolkata Knight Riders,Kolkata Knight Riders,field,Chennai Super Kings,1,completed,Chennai Super Kings,Kolkata Knight Riders,Kolkata Knight Riders,Chennai Super Kings,,MEK Hussey
598035,2013,2013-04-28,Shaheed Veer Narayan Singh International Stadium,Raipur,Delhi Capitals,Pune Warriors,Pune Warriors,field,Delhi Capitals,1,completed,Delhi Daredevils,Pune Warriors,Pune Warriors,Delhi Daredevils,,DA Warner
598036,2013,2013-04-29,Sawai Mansingh Stadium,Jaipur,Rajasthan Royals,Royal Challengers Bangalore,Rajasthan Royals,field,Rajasthan Royals,1,completed,Rajasthan Royals,Royal Challengers Bangalore,Rajasthan Royals,Rajasthan Royals,,SV Samson
598037,2013,2013-04-29,Wankhede Stadium,Mumbai,Mumbai Indians,Punjab Kings,Mumbai Indians,bat,Mumbai Indians,1,completed,Mumbai Indians,Kings XI Punjab,Mumbai Indians,Mumbai Indians,,RG Sharma
598038,2013,2013-04-30,Subrata Roy Sahara Stadium,Pune,Pune Warriors,Chennai Super Kings,Chennai Super Kings,bat,Chennai Super Kings,0,completed,Pune Warriors,Chennai Super Kings,Chennai Super Kings,Chennai Super Kings,,MS Dhoni
598039,2013,2013-05-01,"Rajiv Gandhi International Stadium, Uppal",Hyderabad,Sunrisers Hyderabad,Mumbai Indians,Mumbai Indians,bat,Sunrisers Hyderabad,1,completed,Sunrisers Hyderabad,Mumbai Indians,Mumbai Indians,Sunrisers Hyderabad,,I Sharma
598040,2013,2013-05-01,Shaheed Veer Narayan Singh International Stadium,Raipur,Delhi Capitals,Kolkata Knight Riders,Kolkata Knight Riders,bat,Delhi Capitals,1,completed,Delhi Daredevils,Kolkata Knight Riders,Kolkata Knight Riders,Delhi Daredevils,,DA Warner
598041,2013,2013-05-02,"MA Chidambaram Stadium, Chepauk",Chennai,Chennai Super Kings,Punjab Kings,Chennai Super Kings,bat,Chennai Super Kings,1,completed,Chennai Super Kings,Kings XI Punjab,Chennai Super Kings,Chennai Super Kings,,SK Raina
598042,2013,2013-05-02,Subrata Roy Sahara Stadium,Pune,Pune Warriors,Royal Challengers Bangalore,Royal Challengers Bangalore,bat,Royal Challengers Bangalore,0,completed,Pune Warriors,Royal Challengers Bangalore,Royal Challengers Bangalore,Royal Challengers Bangalore,,AB de Villiers
598043,2013,2013-05-03,Eden Gardens,Kolkata,Kolkata Knight Riders,Rajasthan Royals,Rajasthan Royals,bat,Kolkata Knight Riders,1,completed,Kolkata Knight Riders,Rajasthan Royals,Rajasthan Royals,Kolkata Knight Riders,,YK Pathan
598044,2013,2013-05-04,"Rajiv Gandhi International Stadium, Uppal",Hyderabad,Sunrisers Hyderabad,Delhi Capitals,Delhi Capitals,bat,Sunrisers Hyderabad,1,completed,Sunrisers Hyderabad,Delhi Daredevils,Delhi Daredevils,Sunrisers Hyderabad,,DJG Sammy
598046,2013,2013-05-05,Wankhede Stadium,Mumbai,Mumbai Indians,Chennai Super Kings,Mumbai Indians,bat,Mumbai Indians,1,completed,Mumbai Indians,Chennai Super Kings,Mumbai Indians,Mumbai Indians,,MG Johnson
598047,2013,2013-05-05,Sawai Mansingh Stadium,Jaipur,Rajasthan Royals,Pune Warriors,Pune Warriors,bat,Rajasthan Royals,1,completed,Rajasthan Royals,Pune Warriors,Pune Warriors,Rajasthan Royals,,AM Rahane
598064,2013,2013-05-06,"Punjab Cricket Association Stadium, Mohali",Chandigarh,Punjab Kings,Royal Challengers Bangalore,Punjab Kings,field,Punjab Kings,1,completed,Kings XI Punjab,Royal Challengers Bangalore,Kings XI Punjab,Kings XI Punjab,,DA Miller
598049,2013,2013-05-07,Sawai Mansingh Stadium,Jaipur,Rajasthan Royals,Delhi Capitals,Delhi Capitals,bat,Rajasthan Royals,1,completed,Rajasthan Royals,Delhi Daredevils,Delhi Daredevils,Rajasthan Royals,,AM Rahane
598050,2013,2013-05-07,Wankhede Stadium,Mumbai,Mumbai Indians,Kolkata Knight Riders,Mumbai Indians,bat,Mumbai Indians,1,completed,Mumbai Indians,Kolkata Knight Riders,Mumbai Indians,Mumbai Indians,,SR Tendulkar
598051,2013,2013-05-08,"Rajiv Gandhi International Stadium, Uppal",Hyderabad,Sunrisers Hyderabad,Chennai Super Kings,Sunrisers Hyderabad,field,Chennai Super Kings,0,completed,Sunrisers Hyderabad,Chennai Super Kings,Sunrisers Hyderabad,Chennai Super Kings,,SK Raina
598052,2013,2013-05-09,"Punjab Cricket Association Stadium, Mohali",Chandigarh,Punjab Kings,Rajasthan Royals,Rajasthan Royals,field,Rajasthan Royals,0,completed,Kings XI Punjab,Rajasthan Royals,Rajasthan Royals,Rajasthan Royals,,KK Cooper
598053,2013,2013-05-09,Subrata Roy Sahara Stadium,Pune,Pune Warriors,Kolkata Knight Riders,Kolkata Knight Riders,bat,Kolkata Knight Riders,0,completed,Pune Warriors,Kolkata Knight Riders,Kolkata Knight Riders,Kolkata Knight Riders,,G Gambhir
598054,2013,2013-05-10,Feroz Shah Kotla,Delhi,Delhi Capitals,Royal Challengers Bangalore,Delhi Capitals,field,Royal Challengers Bangalore,0,completed,Delhi Daredevils,Royal Challengers Bangalore,Delhi Daredevils,Royal Challengers Bangalore,,JD Unadkat
598055,2013,2013-05-11,Subrata Roy Sahara Stadium,Pune,Pune Warriors,Mumbai Indians,Pune Warriors,bat,Mumbai Indians,0,completed,Pune Warriors,Mumbai Indians,Pune Warriors,Mumbai Indians,,MG Johnson
598056,2013,2013-05-11,"Punjab Cricket Association Stadium, Mohali",Chandigarh,Punjab Kings,Sunrisers Hyderabad,Punjab Kings,field,Sunrisers Hyderabad,0,completed,Kings XI Punjab,Sunrisers Hyderabad,Kings XI Punjab,Sunrisers Hyderabad,,PA Patel
598057,2013,2013-05-12,JSCA International Stadium Complex,Ranchi,Kolkata Knight Riders,Royal Challengers Bangalore,Kolkata Knight Riders,field,Kolkata Knight Riders,1,completed,Kolkata Knight Riders,Royal Challengers Bangalore,Kolkata Knight Riders,Kolkata Knight Riders,,JH Kallis
598058,2013,2013-05-12,Sawai Mansingh Stadium,Jaipur,Rajasthan Royals,Chennai Super Kings,Rajasthan Royals,field,Rajasthan Royals,1,completed,Rajasthan Royals,Chennai Super Kings,Rajasthan Royals,Rajasthan Royals,,SR Watson
598060,2013,2013-05-13,Wankhede Stadium,Mumbai,Mumbai Indians,Sunrisers Hyderabad,Sunrisers Hyderabad,bat,Mumbai Indians,1,completed,Mumbai Indians,Sunrisers Hyderabad,Sunrisers Hyderabad,Mumbai Indians,,KA Pollard
598045,2013,2013-05-14,M Chinnaswamy Stadium,Bangalore,Royal Challengers Bangalore,Punjab Kings,Punjab Kings,field,Punjab Kings,0,completed,Royal Challengers Bangalore,Kings XI Punjab,Kings XI Punjab,Kings XI Punjab,,AC Gilchrist
598062,2013,2013-05-14,"MA Chidambaram Stadium, Chepauk",Chennai,Chennai Super Kings,Delhi Capitals,Chennai Super Kings,bat,Chennai Super Kings,1,completed,Chennai Super Kings,Delhi Daredevils,Chennai Super Kings,Chennai Super Kings,,MS Dhoni
598061,2013,2013-05-15,JSCA International Stadium Complex,Ranchi,Kolkata Knight Riders,Pune Warriors,Kolkata Knight Riders,field,Pune Warriors,0,completed,Kolkata Knight Riders,Pune Warriors,Kolkata Knight Riders,Pune Warriors,,MK Pandey
598063,2013,2013-05-15,Wankhede Stadium,Mumbai,Mumbai Indians,Rajasthan Royals,Rajasthan Royals,field,Mumbai Indians,1,completed,Mumbai Indians,Rajasthan Royals,Rajasthan Royals,Mumbai Indians,,AP Tare
598028,2013,2013-05-16,Himachal Pradesh Cricket Association Stadium,Dharamsala,Punjab Kings,Delhi Capitals,Delhi Capitals,field,Punjab Kings,1,completed,Kings XI Punjab,Delhi Daredevils,Delhi Daredevils,Kings XI Punjab,,DA Miller
598065,2013,2013-05-17,"Rajiv Gandhi International Stadium, Uppal",Hyderabad,Sunrisers Hyderabad,Rajasthan Royals,Sunrisers Hyderabad,bat,Sunrisers Hyderabad,1,completed,Sunrisers Hyderabad,Rajasthan Royals,Sunrisers Hyderabad,Sunrisers Hyderabad,,A Mishra
598066,2013,2013-05-18,Himachal Pradesh Cricket Association Stadium,Dharamsala,Punjab Kings,Mumbai Indians,Mumbai Indians,field,Punjab Kings,1,completed,Kings XI Punjab,Mumbai Indians,Mumbai Indians,Kings XI Punjab,,Azhar Mahmood
598068,2013,2013-05-18,M Chinnaswamy Stadium,Bangalore,Royal Challengers Bangalore,Chennai Super Kings,Chennai Super Kings,field,Royal Challengers Bangalore,1,completed,Royal Challengers Bangalore,Chennai Super Kings,Chennai Super Kings,Royal Challengers Bangalore,,V Kohli
598067,2013,2013-05-19,Subrata Roy Sahara Stadium,Pune,Pune Warriors,Delhi Capitals,Pune Warriors,bat,Pune Warriors,1,completed,Pune Warriors,Delhi Daredevils,Pune Warriors,Pune Warriors,,LJ Wright
598069,2013,2013-05-19,"Rajiv Gandhi International Stadium, Uppal",Hyderabad,Sunrisers Hyderabad,Kolkata Knight Riders,Kolkata Knight Riders,bat,Sunrisers Hyderabad,1,completed,Sunrisers Hyderabad,Kolkata Knight Riders,Kolkata Knight Riders,Sunrisers Hyderabad,,PA Patel
598070,2013,2013-05-21,Feroz Shah Kotla,Delhi,Chennai Super Kings,Mumbai Indians,Chennai Super Kings,bat,Chennai Super Kings,1,completed,Chennai Super Kings,Mumbai Indians,Chennai Super Kings,Chennai Super Kings,,MEK Hussey
598071,2013,2013-05-22,Feroz Shah Kotla,Delhi,Rajasthan Royals,Sunrisers Hyderabad,Sunrisers Hyderabad,bat,Rajasthan Royals,1,completed,Rajasthan Royals,Sunrisers Hyderabad,Sunrisers Hyderabad,Rajasthan Royals,,BJ Hodge
598072,2013,2013-05-24,Eden Gardens,Kolkata,Mumbai Indians,Rajasthan Royals,Rajasthan Royals,bat,Mumbai Indians,1,completed,Mumbai Indians,Rajasthan Royals,Rajasthan Royals,Mumbai Indians,,Harbhajan Singh
598073,2013,2013-05-26,Eden Gardens,Kolkata,Chennai Super Kings,Mumbai Indians,Mumbai Indians,bat,Mumbai Indians,0,completed,Chennai Super Kings,Mumbai Indians,Mumbai Indians,Mumbai Indians,,KA Pollard
729279,2014,2014-04-16,Sheikh Zayed Stadium,Abu Dhabi,Mumbai Indians,Kolkata Knight Riders,Kolkata Knight Riders,bat,Kolkata Knight Riders,0,completed,Mumbai Indians,Kolkata Knight Riders,Kolkata Knight Riders,Kolkata Knight Riders,,JH Kallis
729281,2014,2014-04-17,Sharjah Cricket Stadium,,Delhi Capitals,Royal Challengers Bangalore,Royal Challengers Bangalore,field,Royal Challengers Bangalore,0,completed,Delhi Daredevils,Royal Challengers Bangalore,Royal Challengers Bangalore,Royal Challengers Bangalore,,YS Chahal
729283,2014,2014-04-18,Sheikh Zayed Stadium,Abu Dhabi,Chennai Super Kings,Punjab Kings,Chennai Super Kings,bat,Punjab Kings,0,completed,Chennai Super Kings,Kings XI Punjab,Chennai Super Kings,Kings XI Punjab,,GJ Maxwell
729285,2014,2014-04-18,Sheikh Zayed Stadium,Abu Dhabi,Sunrisers Hyderabad,Rajasthan Royals,Rajasthan Royals,field,Rajasthan Royals,0,completed,Sunrisers Hyderabad,Rajasthan Royals,Rajasthan Royals,Rajasthan Royals,,AM Rahane
729287,2014,2014-04-19,Dubai International Cricket Stadium,,Royal Challengers Bangalore,Mumbai Indians,Royal Challengers Bangalore,field,Royal Challengers Bangalore,1,completed,Royal Challengers Bangalore,Mumbai Indians,Royal Challengers Bangalore,Royal Challengers Bangalore,,PA Patel
729289,2014,2014-04-19,Dubai International Cricket Stadium,,Kolkata Knight Riders,Delhi Capitals,Kolkata Knight Riders,bat,Delhi Capitals,0,completed,Kolkata Knight Riders,Delhi Daredevils,Kolkata Knight Riders,Delhi Daredevils,,JP Duminy
729291,2014,2014-04-20,Sharjah Cricket Stadium,,Rajasthan Royals,Punjab Kings,Punjab Kings,field,Punjab Kings,0,completed,Rajasthan Royals,Kings XI Punjab,Kings XI Punjab,Kings XI Punjab,,GJ Maxwell
729293,2014,2014-04-21,Sheikh Zayed Stadium,Abu Dhabi,Chennai Super Kings,Delhi Capitals,Chennai Super Kings,bat,Chennai Super Kings,1,completed,Chennai Super Kings,Delhi Daredevils,Chennai Super Kings,Chennai Super Kings,,SK Raina
729295,2014,2014-04-22,Sharjah Cricket Stadium,,Punjab Kings,Sunrisers Hyderabad,Sunrisers Hyderabad,field,Punjab Kings,1,completed,Kings XI Punjab,Sunrisers Hyderabad,Sunrisers Hyderabad,Kings XI Punjab,,GJ Maxwell
729297,2014,2014-04-23,Dubai International Cricket Stadium,,Rajasthan Royals,Chennai Super Kings,Rajasthan Royals,field,Chennai Super Kings,0,completed,Rajasthan Royals,Chennai Super Kings,Rajasthan Royals,Chennai Super Kings,,RA Jadeja
729299,2014,2014-04-24,Sharjah Cricket Stadium,,Royal Challengers Bangalore,Kolkata Knight Riders,Royal Challengers Bangalore,field,Kolkata Knight Riders,0,completed,Royal Challengers Bangalore,Kolkata Knight Riders,Royal Challengers Bangalore,Kolkata Knight Riders,,CA Lynn
729301,2014,2014-04-25,Dubai International Cricket Stadium,,Sunrisers Hyderabad,Delhi Capitals,Sunrisers Hyderabad,bat,Sunrisers Hyderabad,1,completed,Sunrisers Hyderabad,Delhi Daredevils,Sunrisers Hyderabad,Sunrisers Hyderabad,,AJ Finch
729303,2014,2014-04-25,Dubai International Cricket Stadium,,Chennai Super Kings,Mumbai Indians,Mumbai Indians,bat,Chennai Super Kings,1,completed,Chennai Super Kings,Mumbai Indians,Mumbai Indians,Chennai Super Kings,,MM Sharma
729305,2014,2014-04-26,Sheikh Zayed Stadium,Abu Dhabi,Rajasthan Royals,Royal Challengers Bangalore,Rajasthan Royals,field,Rajasthan Royals,1,completed,Rajasthan Royals,Royal Challengers Bangalore,Rajasthan Royals,Rajasthan Royals,,PV Tambe
729307,2014,2014-04-26,Sheikh Zayed Stadium,Abu Dhabi,Kolkata Knight Riders,Punjab Kings,Kolkata Knight Riders,field,Punjab Kings,0,completed,Kolkata Knight Riders,Kings XI Punjab,Kolkata Knight Riders,Kings XI Punjab,,Sandeep Sharma
729309,2014,2014-04-27,Sharjah Cricket Stadium,,Delhi Capitals,Mumbai Indians,Mumbai Indians,bat,Delhi Capitals,1,completed,Delhi Daredevils,Mumbai Indians,Mumbai Indians,Delhi Daredevils,,M Vijay
729311,2014,2014-04-27,Sharjah Cricket Stadium,,Sunrisers Hyderabad,Chennai Super Kings,Sunrisers Hyderabad,bat,Chennai Super Kings,0,completed,Sunrisers Hyderabad,Chennai Super Kings,Sunrisers Hyderabad,Chennai Super Kings,,DR Smith
729313,2014,2014-04-28,Dubai International Cricket Stadium,,Punjab Kings,Royal Challengers Bangalore,Punjab Kings,field,Punjab Kings,1,completed,Kings XI Punjab,Royal Challengers Bangalore,Kings XI Punjab,Kings XI Punjab,,Sandeep Sharma
729315,2014,2014-04-29,Sheikh Zayed Stadium,Abu Dhabi,Kolkata Knight Riders,Rajasthan Royals,Rajasthan Royals,bat,Rajasthan Royals,0,tie_with_eliminator,Kolkata Knight Riders,Rajasthan Royals,Rajasthan Royals,Rajasthan Royals,Rajasthan Royals,JP Faulkner
729317,2014,2014-04-30,Dubai International Cricket Stadium,,Mumbai Indians,Sunrisers Hyderabad,Mumbai Indians,field,Sunrisers Hyderabad,0,completed,Mumbai Indians,Sunrisers Hyderabad,Mumbai Indians,Sunrisers Hyderabad,,B Kumar
733971,2014,2014-05-02,JSCA International Stadium Complex,Ranchi,Chennai Super Kings,Kolkata Knight Riders,Chennai Super Kings,bat,Chennai Super Kings,1,completed,Chennai Super Kings,Kolkata Knight Riders,Chennai Super Kings,Chennai Super Kings,,RA Jadeja
733973,2014,2014-05-03,Wankhede Stadium,Mumbai,Mumbai Indians,Punjab Kings,Punjab Kings,bat,Mumbai Indians,1,completed,Mumbai Indians,Kings XI Punjab,Kings XI Punjab,Mumbai Indians,,CJ Anderson
733975,2014,2014-05-03,Feroz Shah Kotla,Delhi,Delhi Capitals,Rajasthan Royals,Rajasthan Royals,field,Rajasthan Royals,0,completed,Delhi Daredevils,Rajasthan Royals,Rajasthan Royals,Rajasthan Royals,,KK Nair
733977,2014,2014-05-04,M Chinnaswamy Stadium,Bangalore,Royal Challengers Bangalore,Sunrisers Hyderabad,Royal Challengers Bangalore,field,Royal Challengers Bangalore,1,completed,Royal Challengers Bangalore,Sunrisers Hyderabad,Royal Challengers Bangalore,Royal Challengers Bangalore,,AB de Villiers
733979,2014,2014-05-05,"Sardar Patel Stadium, Motera",Ahmedabad,Rajasthan Royals,Kolkata Knight Riders,Kolkata Knight Riders,field,Rajasthan Royals,1,completed,Rajasthan Royals,Kolkata Knight Riders,Kolkata Knight Riders,Rajasthan Royals,,PV Tambe
733981,2014,2014-05-05,Feroz Shah Kotla,Delhi,Delhi Capitals,Chennai Super Kings,Chennai Super Kings,field,Chennai Super Kings,0,completed,Delhi Daredevils,Chennai Super Kings,Chennai Super Kings,Chennai Super Kings,,DR Smith
733983,2014,2014-05-06,Wankhede Stadium,Mumbai,Mumbai Indians,Royal Challengers Bangalore,Royal Challengers Bangalore,field,Mumbai Indians,1,completed,Mumbai Indians,Royal Challengers Bangalore,Royal Challengers Bangalore,Mumbai Indians,,RG Sharma
733985,2014,2014-05-07,Feroz Shah Kotla,Delhi,Delhi Capitals,Kolkata Knight Riders,Delhi Capitals,bat,Kolkata Knight Riders,0,completed,Delhi Daredevils,Kolkata Knight Riders,Delhi Daredevils,Kolkata Knight Riders,,G Gambhir
733987,2014,2014-05-07,Barabati Stadium,Cuttack,Punjab Kings,Chennai Super Kings,Chennai Super Kings,field,Punjab Kings,1,completed,Kings XI Punjab,Chennai Super Kings,Chennai Super Kings,Kings XI Punjab,,GJ Maxwell
733989,2014,2014-05-08,"Sardar Patel Stadium, Motera",Ahmedabad,Rajasthan Royals,Sunrisers Hyderabad,Rajasthan Royals,field,Sunrisers Hyderabad,0,completed,Rajasthan Royals,Sunrisers Hyderabad,Rajasthan Royals,Sunrisers Hyderabad,,B Kumar
733991,2014,2014-05-09,M Chinnaswamy Stadium,Bangalore,Royal Challengers Bangalore,Punjab Kings,Royal Challengers Bangalore,field,Punjab Kings,0,completed,Royal Challengers Bangalore,Kings XI Punjab,Royal Challengers Bangalore,Kings XI Punjab,,Sandeep Sharma
733993,2014,2014-05-10,Feroz Shah Kotla,Delhi,Delhi Capitals,Sunrisers Hyderabad,Sunrisers Hyderabad,field,Sunrisers Hyderabad,0,completed,Delhi Daredevils,Sunrisers Hyderabad,Sunrisers Hyderabad,Sunrisers Hyderabad,,DW Steyn
733995,2014,2014-05-10,Wankhede Stadium,Mumbai,Mumbai Indians,Chennai Super Kings,Chennai Super Kings,field,Chennai Super Kings,0,completed,Mumbai Indians,Chennai Super Kings,Chennai Super Kings,Chennai Super Kings,,DR Smith
733997,2014,2014-05-11,Barabati Stadium,Cuttack,Punjab Kings,Kolkata Knight Riders,Kolkata Knight Riders,field,Kolkata Knight Riders,0,completed,Kings XI Punjab,Kolkata Knight Riders,Kolkata Knight Riders,Kolkata Knight Riders,,G Gambhir
733999,2014,2014-05-11,M Chinnaswamy Stadium,Bangalore,Royal Challengers Bangalore,Rajasthan Royals,Royal Challengers Bangalore,bat,Rajasthan Royals,0,completed,Royal Challengers Bangalore,Rajasthan Royals,Royal Challengers Bangalore,Rajasthan Royals,,JP Faulkner
734001,2014,2014-05-12,"Rajiv Gandhi International Stadium, Uppal",Hyderabad,Sunrisers Hyderabad,Mumbai Indians,Sunrisers Hyderabad,bat,Mumbai Indians,0,completed,Sunrisers Hyderabad,Mumbai Indians,Sunrisers Hyderabad,Mumbai Indians,,AT Rayudu
734003,2014,2014-05-13,JSCA International Stadium Complex,Ranchi,Chennai Super Kings,Rajasthan Royals,Rajasthan Royals,bat,Chennai Super Kings,1,completed,Chennai Super Kings,Rajasthan Royals,Rajasthan Royals,Chennai Super Kings,,RA Jadeja
734005,2014,2014-05-13,M Chinnaswamy Stadium,Bangalore,Royal Challengers Bangalore,Delhi Capitals,Delhi Capitals,field,Royal Challengers Bangalore,1,completed,Royal Challengers Bangalore,Delhi Daredevils,Delhi Daredevils,Royal Challengers Bangalore,,Yuvraj Singh
734007,2014,2014-05-14,"Rajiv Gandhi International Stadium, Uppal",Hyderabad,Sunrisers Hyderabad,Punjab Kings,Punjab Kings,field,Punjab Kings,0,completed,Sunrisers Hyderabad,Kings XI Punjab,Kings XI Punjab,Kings XI Punjab,,WP Saha
734009,2014,2014-05-14,Barabati Stadium,Cuttack,Kolkata Knight Riders,Mumbai Indians,Kolkata Knight Riders,field,Kolkata Knight Riders,1,completed,Kolkata Knight Riders,Mumbai Indians,Kolkata Knight Riders,Kolkata Knight Riders,,RV Uthappa
734011,2014,2014-05-15,"Sardar Patel Stadium, Motera",Ahmedabad,Rajasthan Royals,Delhi Capitals,Delhi Capitals,field,Rajasthan Royals,1,completed,Rajasthan Royals,Delhi Daredevils,Delhi Daredevils,Rajasthan Royals,,AM Rahane
734013,2014,2014-05-18,JSCA International Stadium Complex,Ranchi,Chennai Super Kings,Royal Challengers Bangalore,Chennai Super Kings,bat,Royal Challengers Bangalore,0,completed,Chennai Super Kings,Royal Challengers Bangalore,Chennai Super Kings,Royal Challengers Bangalore,,AB de Villiers
734015,2014,2014-05-18,"Rajiv Gandhi International Stadium, Uppal",Hyderabad,Sunrisers Hyderabad,Kolkata Knight Riders,Sunrisers Hyderabad,bat,Kolkata Knight Riders,0,completed,Sunrisers Hyderabad,Kolkata Knight Riders,Sunrisers Hyderabad,Kolkata Knight Riders,,UT Yadav
734017,2014,2014-05-19,"Sardar Patel Stadium, Motera",Ahmedabad,Rajasthan Royals,Mumbai Indians,Mumbai Indians,bat,Mumbai Indians,0,completed,Rajasthan Royals,Mumbai Indians,Mumbai Indians,Mumbai Indians,,MEK Hussey
734019,2014,2014-05-19,Feroz Shah Kotla,Delhi,Delhi Capitals,Punjab Kings,Punjab Kings,field,Punjab Kings,0,completed,Delhi Daredevils,Kings XI Punjab,Kings XI Punjab,Kings XI Punjab,,AR Patel
734021,2014,2014-05-20,"Rajiv Gandhi International Stadium, Uppal",Hyderabad,Sunrisers Hyderabad,Royal Challengers Bangalore,Royal Challengers Bangalore,bat,Sunrisers Hyderabad,1,completed,Sunrisers Hyderabad,Royal Challengers Bangalore,Royal Challengers Bangalore,Sunrisers Hyderabad,,DA Warner
734023,2014,2014-05-20,Eden Gardens,Kolkata,Kolkata Knight Riders,Chennai Super Kings,Kolkata Knight Riders,field,Kolkata Knight Riders,1,completed,Kolkata Knight Riders,Chennai Super Kings,Kolkata Knight Riders,Kolkata Knight Riders,,RV Uthappa
734025,2014,2014-05-21,"Punjab Cricket Association Stadium, Mohali",Chandigarh,Punjab Kings,Mumbai Indians,Mumbai Indians,field,Mumbai Indians,0,completed,Kings XI Punjab,Mumbai Indians,Mumbai Indians,Mumbai Indians,,LMP Simmons
734027,2014,2014-05-22,Eden Gardens,Kolkata,Kolkata Knight Riders,Royal Challengers Bangalore,Royal Challengers Bangalore,field,Kolkata Knight Riders,1,completed,Kolkata Knight Riders,Royal Challengers Bangalore,Royal Challengers Bangalore,Kolkata Knight Riders,,RV Uthappa
734029,2014,2014-05-22,JSCA International Stadium Complex,Ranchi,Chennai Super Kings,Sunrisers Hyderabad,Sunrisers Hyderabad,field,Sunrisers Hyderabad,0,completed,Chennai Super Kings,Sunrisers Hyderabad,Sunrisers Hyderabad,Sunrisers Hyderabad,,DA Warner
734031,2014,2014-05-23,Wankhede Stadium,Mumbai,Mumbai Indians,Delhi Capitals,Delhi Capitals,field,Mumbai Indians,1,completed,Mumbai Indians,Delhi Daredevils,Delhi Daredevils,Mumbai Indians,,MEK Hussey
734033,2014,2014-05-23,"Punjab Cricket Association Stadium, Mohali",Chandigarh,Punjab Kings,Rajasthan Royals,Rajasthan Royals,field,Punjab Kings,1,completed,Kings XI Punjab,Rajasthan Royals,Rajasthan Royals,Kings XI Punjab,,SE Marsh
734035,2014,2014-05-24,M Chinnaswamy Stadium,Bangalore,Royal Challengers Bangalore,Chennai Super Kings,Chennai Super Kings,field,Chennai Super Kings,0,completed,Royal Challengers Bangalore,Chennai Super Kings,Chennai Super Kings,Chennai Super Kings,,MS Dhoni
734037,2014,2014-05-24,Eden Gardens,Kolkata,Kolkata Knight Riders,Sunrisers Hyderabad,Kolkata Knight Riders,field,Kolkata Knight Riders,1,completed,Kolkata Knight Riders,Sunrisers Hyderabad,Kolkata Knight Riders,Kolkata Knight Riders,,YK Pathan
734039,2014,2014-05-25,"Punjab Cricket Association Stadium, Mohali",Chandigarh,Punjab Kings,Delhi Capitals,Punjab Kings,field,Punjab Kings,1,completed,Kings XI Punjab,Delhi Daredevils,Kings XI Punjab,Kings XI Punjab,,M Vohra
734041,2014,2014-05-25,Wankhede Stadium,Mumbai,Mumbai Indians,Rajasthan Royals,Mumbai Indians,field,Mumbai Indians,1,completed,Mumbai Indians,Rajasthan Royals,Mumbai Indians,Mumbai Indians,,CJ Anderson
734043,2014,2014-05-27,Eden Gardens,Kolkata,Punjab Kings,Kolkata Knight Riders,Punjab Kings,field,Kolkata Knight Riders,0,completed,Kings XI Punjab,Kolkata Knight Riders,Kings XI Punjab,Kolkata Knight Riders,,UT Yadav
734045,2014,2014-05-28,Brabourne Stadium,Mumbai,Chennai Super Kings,Mumbai Indians,Chennai Super Kings,field,Chennai Super Kings,1,completed,Chennai Super Kings,Mumbai Indians,Chennai Super Kings,Chennai Super Kings,,SK Raina
734047,2014,2014-05-30,Wankhede Stadium,Mumbai,Chennai Super Kings,Punjab Kings,Chennai Super Kings,field,Punjab Kings,0,completed,Chennai Super Kings,Kings XI Punjab,Chennai Super Kings,Kings XI Punjab,,V Sehwag
734049,2014,2014-06-01,M Chinnaswamy Stadium,Bangalore,Kolkata Knight Riders,Punjab Kings,Kolkata Knight Riders,field,Kolkata Knight Riders,1,completed,Kolkata Knight Riders,Kings XI Punjab,Kolkata Knight Riders,Kolkata Knight Riders,,MK Pandey
829705,2015,2015-04-08,Eden Gardens,Kolkata,Kolkata Knight Riders,Mumbai Indians,Kolkata Knight Riders,field,Kolkata Knight Riders,1,completed,Kolkata Knight Riders,Mumbai Indians,Kolkata Knight Riders,Kolkata Knight Riders,,M Morkel
829707,2015,2015-04-09,"MA Chidambaram Stadium, Chepauk",Chennai,Chennai Super Kings,Delhi Capitals,Delhi Capitals,field,Chennai Super Kings,1,completed,Chennai Super Kings,Delhi Daredevils,Delhi Daredevils,Chennai Super Kings,,A Nehra
829709,2015,2015-04-10,Maharashtra Cricket Association Stadium,Pune,Punjab Kings,Rajasthan Royals,Punjab Kings,field,Rajasthan Royals,0,completed,Kings XI Punjab,Rajasthan Royals,Kings XI Punjab,Rajasthan Royals,,JP Faulkner
829711,2015,2015-04-11,"MA Chidambaram Stadium, Chepauk",Chennai,Chennai Super Kings,Sunrisers Hyderabad,Chennai Super Kings,bat,Chennai Super Kings,1,completed,Chennai Super Kings,Sunrisers Hyderabad,Chennai Super Kings,Chennai Super Kings,,BB McCullum
829713,2015,2015-04-11,Eden Gardens,Kolkata,Kolkata Knight Riders,Royal Challengers Bangalore,Royal Challengers Bangalore,field,Royal Challengers Bangalore,0,completed,Kolkata Knight Riders,Royal Challengers Bangalore,Royal Challengers Bangalore,Royal Challengers Bangalore,,CH Gayle
829715,2015,2015-04-12,Feroz Shah Kotla,Delhi,Delhi Capitals,Rajasthan Royals,Rajasthan Royals,field,Rajasthan Royals,0,completed,Delhi Daredevils,Rajasthan Royals,Rajasthan Royals,Rajasthan Royals,,DJ Hooda
829717,2015,2015-04-12,Wankhede Stadium,Mumbai,Mumbai Indians,Punjab Kings,Mumbai Indians,field,Punjab Kings,0,completed,Mumbai Indians,Kings XI Punjab,Mumbai Indians,Kings XI Punjab,,GJ Bailey
829719,2015,2015-04-13,M Chinnaswamy Stadium,Bangalore,Royal Challengers Bangalore,Sunrisers Hyderabad,Sunrisers Hyderabad,field,Sunrisers Hyderabad,0,completed,Royal Challengers Bangalore,Sunrisers Hyderabad,Sunrisers Hyderabad,Sunrisers Hyderabad,,DA Warner
829721,2015,2015-04-14,"Sardar Patel Stadium, Motera",Ahmedabad,Rajasthan Royals,Mumbai Indians,Mumbai Indians,bat,Rajasthan Royals,1,completed,Rajasthan Royals,Mumbai Indians,Mumbai Indians,Rajasthan Royals,,SPD Smith
829725,2015,2015-04-15,Maharashtra Cricket Association Stadium,Pune,Punjab Kings,Delhi Capitals,Punjab Kings,bat,Delhi Capitals,0,completed,Kings XI Punjab,Delhi Daredevils,Kings XI Punjab,Delhi Daredevils,,MA Agarwal
829727,2015,2015-04-16,Dr. Y.S. Rajasekhara Reddy ACA-VDCA Cricket Stadium,Visakhapatnam,Sunrisers Hyderabad,Rajasthan Royals,Rajasthan Royals,field,Rajasthan Royals,0,completed,Sunrisers Hyderabad,Rajasthan Royals,Rajasthan Royals,Rajasthan Royals,,AM Rahane
829729,2015,2015-04-17,Wankhede Stadium,Mumbai,Mumbai Indians,Chennai Super Kings,Mumbai Indians,bat,Chennai Super Kings,0,completed,Mumbai Indians,Chennai Super Kings,Mumbai Indians,Chennai Super Kings,,A Nehra
829731,2015,2015-04-18,Dr. Y.S. Rajasekhara Reddy ACA-VDCA Cricket Stadium,Visakhapatnam,Sunrisers Hyderabad,Delhi Capitals,Delhi Capitals,bat,Delhi Capitals,0,completed,Sunrisers Hyderabad,Delhi Daredevils,Delhi Daredevils,Delhi Daredevils,,JP Duminy
829733,2015,2015-04-18,Maharashtra Cricket Association Stadium,Pune,Punjab Kings,Kolkata Knight Riders,Kolkata Knight Riders,field,Kolkata Knight Riders,0,completed,Kings XI Punjab,Kolkata Knight Riders,Kolkata Knight Riders,Kolkata Knight Riders,,AD Russell
829735,2015,2015-04-19,"Sardar Patel Stadium, Motera",Ahmedabad,Rajasthan Royals,Chennai Super Kings,Chennai Super Kings,bat,Rajasthan Royals,1,completed,Rajasthan Royals,Chennai Super Kings,Chennai Super Kings,Rajasthan Royals,,AM Rahane
829737,2015,2015-04-19,M Chinnaswamy Stadium,Bangalore,Royal Challengers Bangalore,Mumbai Indians,Royal Challengers Bangalore,field,Mumbai Indians,0,completed,Royal Challengers Bangalore,Mumbai Indians,Royal Challengers Bangalore,Mumbai Indians,,Harbhajan Singh
829739,2015,2015-04-20,Feroz Shah Kotla,Delhi,Delhi Capitals,Kolkata Knight Riders,Kolkata Knight Riders,field,Kolkata Knight Riders,0,completed,Delhi Daredevils,Kolkata Knight Riders,Kolkata Knight Riders,Kolkata Knight Riders,,UT Yadav
829741,2015,2015-04-21,"Sardar Patel Stadium, Motera",Ahmedabad,Rajasthan Royals,Punjab Kings,Punjab Kings,field,Punjab Kings,0,tie_with_eliminator,Rajasthan Royals,Kings XI Punjab,Kings XI Punjab,Kings XI Punjab,Kings XI Punjab,SE Marsh
829743,2015,2015-04-22,Dr. Y.S. Rajasekhara Reddy ACA-VDCA Cricket Stadium,Visakhapatnam,Sunrisers Hyderabad,Kolkata Knight Riders,Kolkata Knight Riders,field,Sunrisers Hyderabad,1,completed,Sunrisers Hyderabad,Kolkata Knight Riders,Kolkata Knight Riders,Sunrisers Hyderabad,,DA Warner
829745,2015,2015-04-22,M Chinnaswamy Stadium,Bangalore,Royal Challengers Bangalore,Chennai Super Kings,Royal Challengers Bangalore,field,Chennai Super Kings,0,completed,Royal Challengers Bangalore,Chennai Super Kings,Royal Challengers Bangalore,Chennai Super Kings,,SK Raina
829747,2015,2015-04-23,Feroz Shah Kotla,Delhi,Delhi Capitals,Mumbai Indians,Mumbai Indians,field,Delhi Capitals,1,completed,Delhi Daredevils,Mumbai Indians,Mumbai Indians,Delhi Daredevils,,SS Iyer
829749,2015,2015-04-24,"Sardar Patel Stadium, Motera",Ahmedabad,Rajasthan Royals,Royal Challengers Bangalore,Royal Challengers Bangalore,field,Royal Challengers Bangalore,0,completed,Rajasthan Royals,Royal Challengers Bangalore,Royal Challengers Bangalore,Royal Challengers Bangalore,,MA Starc
829751,2015,2015-04-25,Wankhede Stadium,Mumbai,Mumbai Indians,Sunrisers Hyderabad,Mumbai Indians,bat,Mumbai Indians,1,completed,Mumbai Indians,Sunrisers Hyderabad,Mumbai Indians,Mumbai Indians,,SL Malinga
829753,2015,2015-04-25,"MA Chidambaram Stadium, Chepauk",Chennai,Chennai Super Kings,Punjab Kings,Chennai Super Kings,bat,Chennai Super Kings,1,completed,Chennai Super Kings,Kings XI Punjab,Chennai Super Kings,Chennai Super Kings,,BB McCullum
829757,2015,2015-04-26,Feroz Shah Kotla,Delhi,Delhi Capitals,Royal Challengers Bangalore,Royal Challengers Bangalore,field,Royal Challengers Bangalore,0,completed,Delhi Daredevils,Royal Challengers Bangalore,Royal Challengers Bangalore,Royal Challengers Bangalore,,VR Aaron
829759,2015,2015-04-27,"Punjab Cricket Association Stadium, Mohali",Chandigarh,Punjab Kings,Sunrisers Hyderabad,Punjab Kings,field,Sunrisers Hyderabad,0,completed,Kings XI Punjab,Sunrisers Hyderabad,Kings XI Punjab,Sunrisers Hyderabad,,TA Boult
829765,2015,2015-04-28,"MA Chidambaram Stadium, Chepauk",Chennai,Chennai Super Kings,Kolkata Knight Riders,Kolkata Knight Riders,field,Chennai Super Kings,1,completed,Chennai Super Kings,Kolkata Knight Riders,Kolkata Knight Riders,Chennai Super Kings,,DJ Bravo
829723,2015,2015-04-30,Eden Gardens,Kolkata,Kolkata Knight Riders,Chennai Super Kings,Kolkata Knight Riders,field,Kolkata Knight Riders,1,completed,Kolkata Knight Riders,Chennai Super Kings,Kolkata Knight Riders,Kolkata Knight Riders,,AD Russell
829767,2015,2015-05-01,Feroz Shah Kotla,Delhi,Delhi Capitals,Punjab Kings,Delhi Capitals,field,Delhi Capitals,1,completed,Delhi Daredevils,Kings XI Punjab,Delhi Daredevils,Delhi Daredevils,,NM Coulter-Nile
829769,2015,2015-05-01,Wankhede Stadium,Mumbai,Mumbai Indians,Rajasthan Royals,Rajasthan Royals,field,Mumbai Indians,1,completed,Mumbai Indians,Rajasthan Royals,Rajasthan Royals,Mumbai Indians,,AT Rayudu
829771,2015,2015-05-02,M Chinnaswamy Stadium,Bangalore,Royal Challengers Bangalore,Kolkata Knight Riders,Royal Challengers Bangalore,field,Royal Challengers Bangalore,1,completed,Royal Challengers Bangalore,Kolkata Knight Riders,Royal Challengers Bangalore,Royal Challengers Bangalore,,Mandeep Singh
829773,2015,2015-05-02,"Rajiv Gandhi International Stadium, Uppal",Hyderabad,Sunrisers Hyderabad,Chennai Super Kings,Chennai Super Kings,field,Sunrisers Hyderabad,1,completed,Sunrisers Hyderabad,Chennai Super Kings,Chennai Super Kings,Sunrisers Hyderabad,,DA Warner
829775,2015,2015-05-03,"Punjab Cricket Association Stadium, Mohali",Chandigarh,Punjab Kings,Mumbai Indians,Mumbai Indians,bat,Mumbai Indians,0,completed,Kings XI Punjab,Mumbai Indians,Mumbai Indians,Mumbai Indians,,LMP Simmons
829777,2015,2015-05-03,Brabourne Stadium,Mumbai,Rajasthan Royals,Delhi Capitals,Delhi Capitals,field,Rajasthan Royals,1,completed,Rajasthan Royals,Delhi Daredevils,Delhi Daredevils,Rajasthan Royals,,AM Rahane
829779,2015,2015-05-04,"MA Chidambaram Stadium, Chepauk",Chennai,Chennai Super Kings,Royal Challengers Bangalore,Chennai Super Kings,bat,Chennai Super Kings,1,completed,Chennai Super Kings,Royal Challengers Bangalore,Chennai Super Kings,Chennai Super Kings,,SK Raina
829781,2015,2015-05-04,Eden Gardens,Kolkata,Kolkata Knight Riders,Sunrisers Hyderabad,Sunrisers Hyderabad,field,Kolkata Knight Riders,1,completed,Kolkata Knight Riders,Sunrisers Hyderabad,Sunrisers Hyderabad,Kolkata Knight Riders,,UT Yadav
829783,2015,2015-05-05,Wankhede Stadium,Mumbai,Mumbai Indians,Delhi Capitals,Delhi Capitals,bat,Mumbai Indians,1,completed,Mumbai Indians,Delhi Daredevils,Delhi Daredevils,Mumbai Indians,,Harbhajan Singh
829785,2015,2015-05-06,M Chinnaswamy Stadium,Bangalore,Royal Challengers Bangalore,Punjab Kings,Punjab Kings,field,Royal Challengers Bangalore,1,completed,Royal Challengers Bangalore,Kings XI Punjab,Kings XI Punjab,Royal Challengers Bangalore,,CH Gayle
829761,2015,2015-05-07,Eden Gardens,Kolkata,Kolkata Knight Riders,Delhi Capitals,Kolkata Knight Riders,bat,Kolkata Knight Riders,1,completed,Kolkata Knight Riders,Delhi Daredevils,Kolkata Knight Riders,Kolkata Knight Riders,,PP Chawla
829787,2015,2015-05-07,Brabourne Stadium,Mumbai,Rajasthan Royals,Sunrisers Hyderabad,Rajasthan Royals,field,Sunrisers Hyderabad,0,completed,Rajasthan Royals,Sunrisers Hyderabad,Rajasthan Royals,Sunrisers Hyderabad,,EJG Morgan
829789,2015,2015-05-08,"MA Chidambaram Stadium, Chepauk",Chennai,Chennai Super Kings,Mumbai Indians,Chennai Super Kings,bat,Mumbai Indians,0,completed,Chennai Super Kings,Mumbai Indians,Chennai Super Kings,Mumbai Indians,,HH Pandya
829791,2015,2015-05-09,Eden Gardens,Kolkata,Kolkata Knight Riders,Punjab Kings,Punjab Kings,bat,Kolkata Knight Riders,1,completed,Kolkata Knight Riders,Kings XI Punjab,Kings XI Punjab,Kolkata Knight Riders,,AD Russell
829793,2015,2015-05-09,Shaheed Veer Narayan Singh International Stadium,Raipur,Delhi Capitals,Sunrisers Hyderabad,Sunrisers Hyderabad,bat,Sunrisers Hyderabad,0,completed,Delhi Daredevils,Sunrisers Hyderabad,Sunrisers Hyderabad,Sunrisers Hyderabad,,MC Henriques
829795,2015,2015-05-10,Wankhede Stadium,Mumbai,Mumbai Indians,Royal Challengers Bangalore,Royal Challengers Bangalore,bat,Royal Challengers Bangalore,0,completed,Mumbai Indians,Royal Challengers Bangalore,Royal Challengers Bangalore,Royal Challengers Bangalore,,AB de Villiers
829797,2015,2015-05-10,"MA Chidambaram Stadium, Chepauk",Chennai,Chennai Super Kings,Rajasthan Royals,Chennai Super Kings,bat,Chennai Super Kings,1,completed,Chennai Super Kings,Rajasthan Royals,Chennai Super Kings,Chennai Super Kings,,RA Jadeja
829799,2015,2015-05-11,"Rajiv Gandhi International Stadium, Uppal",Hyderabad,Sunrisers Hyderabad,Punjab Kings,Sunrisers Hyderabad,bat,Sunrisers Hyderabad,1,completed,Sunrisers Hyderabad,Kings XI Punjab,Sunrisers Hyderabad,Sunrisers Hyderabad,,DA Warner
829801,2015,2015-05-12,Shaheed Veer Narayan Singh International Stadium,Raipur,Delhi Capitals,Chennai Super Kings,Chennai Super Kings,bat,Delhi Capitals,1,completed,Delhi Daredevils,Chennai Super Kings,Chennai Super Kings,Delhi Daredevils,,Z Khan
829803,2015,2015-05-13,"Punjab Cricket Association Stadium, Mohali",Chandigarh,Punjab Kings,Royal Challengers Bangalore,Royal Challengers Bangalore,field,Punjab Kings,1,completed,Kings XI Punjab,Royal Challengers Bangalore,Royal Challengers Bangalore,Kings XI Punjab,,AR Patel
829805,2015,2015-05-14,Wankhede Stadium,Mumbai,Mumbai Indians,Kolkata Knight Riders,Kolkata Knight Riders,field,Mumbai Indians,1,completed,Mumbai Indians,Kolkata Knight Riders,Kolkata Knight Riders,Mumbai Indians,,HH Pandya
829807,2015,2015-05-15,"Rajiv Gandhi International Stadium, Uppal",Hyderabad,Sunrisers Hyderabad,Royal Challengers Bangalore,Sunrisers Hyderabad,bat,Royal Challengers Bangalore,0,completed,Sunrisers Hyderabad,Royal Challengers Bangalore,Sunrisers Hyderabad,Royal Challengers Bangalore,,V Kohli
829809,2015,2015-05-16,"Punjab Cricket Association Stadium, Mohali",Chandigarh,Punjab Kings,Chennai Super Kings,Punjab Kings,bat,Chennai Super Kings,0,completed,Kings XI Punjab,Chennai Super Kings,Kings XI Punjab,Chennai Super Kings,,P Negi
829811,2015,2015-05-16,Brabourne Stadium,Mumbai,Rajasthan Royals,Kolkata Knight Riders,Rajasthan Royals,bat,Rajasthan Royals,1,completed,Rajasthan Royals,Kolkata Knight Riders,Rajasthan Royals,Rajasthan Royals,,SR Watson
829815,2015,2015-05-17,"Rajiv Gandhi International Stadium, Uppal",Hyderabad,Sunrisers Hyderabad,Mumbai Indians,Sunrisers Hyderabad,bat,Mumbai Indians,0,completed,Sunrisers Hyderabad,Mumbai Indians,Sunrisers Hyderabad,Mumbai Indians,,MJ McClenaghan
829817,2015,2015-05-19,Wankhede Stadium,Mumbai,Chennai Super Kings,Mumbai Indians,Mumbai Indians,bat,Mumbai Indians,0,completed,Chennai Super Kings,Mumbai Indians,Mumbai Indians,Mumbai Indians,,KA Pollard
829819,2015,2015-05-20,Maharashtra Cricket Association Stadium,Pune,Royal Challengers Bangalore,Rajasthan Royals,Royal Challengers Bangalore,bat,Royal Challengers Bangalore,1,completed,Royal Challengers Bangalore,Rajasthan Royals,Royal Challengers Bangalore,Royal Challengers Bangalore,,AB de Villiers
829821,2015,2015-05-22,JSCA International Stadium Complex,Ranchi,Chennai Super Kings,Royal Challengers Bangalore,Chennai Super Kings,field,Chennai Super Kings,1,completed,Chennai Super Kings,Royal Challengers Bangalore,Chennai Super Kings,Chennai Super Kings,,A Nehra
829823,2015,2015-05-24,Eden Gardens,Kolkata,Mumbai Indians,Chennai Super Kings,Chennai Super Kings,field,Mumbai Indians,1,completed,Mumbai Indians,Chennai Super Kings,Chennai Super Kings,Mumbai Indians,,RG Sharma
980901,2016,2016-04-09,Wankhede Stadium,Mumbai,Mumbai Indians,Rising Pune Supergiant,Mumbai Indians,bat,Rising Pune Supergiant,0,completed,Mumbai Indians,Rising Pune Supergiants,Mumbai Indians,Rising Pune Supergiants,,AM Rahane
980903,2016,2016-04-10,Eden Gardens,Kolkata,Kolkata Knight Riders,Delhi Capitals,Kolkata Knight Riders,field,Kolkata Knight Riders,1,completed,Kolkata Knight Riders,Delhi Daredevils,Kolkata Knight Riders,Kolkata Knight Riders,,AD Russell
980905,2016,2016-04-11,"Punjab Cricket Association IS Bindra Stadium, Mohali",Chandigarh,Punjab Kings,Gujarat Lions,Gujarat Lions,field,Gujarat Lions,0,completed,Kings XI Punjab,Gujarat Lions,Gujarat Lions,Gujarat Lions,,AJ Finch
980907,2016,2016-04-12,M Chinnaswamy Stadium,Bangalore,Royal Challengers Bangalore,Sunrisers Hyderabad,Sunrisers Hyderabad,field,Royal Challengers Bangalore,1,completed,Royal Challengers Bangalore,Sunrisers Hyderabad,Sunrisers Hyderabad,Royal Challengers Bangalore,,AB de Villiers
980909,2016,2016-04-13,Eden Gardens,Kolkata,Kolkata Knight Riders,Mumbai Indians,Mumbai Indians,field,Mumbai Indians,0,completed,Kolkata Knight Riders,Mumbai Indians,Mumbai Indians,Mumbai Indians,,RG Sharma
980911,2016,2016-04-14,Saurashtra Cricket Association Stadium,Rajkot,Gujarat Lions,Rising Pune Supergiant,Rising Pune Supergiant,bat,Gujarat Lions,1,completed,Gujarat Lions,Rising Pune Supergiants,Rising Pune Supergiants,Gujarat Lions,,AJ Finch
980913,2016,2016-04-15,Feroz Shah Kotla,Delhi,Delhi Capitals,Punjab Kings,Delhi Capitals,field,Delhi Capitals,1,completed,Delhi Daredevils,Kings XI Punjab,Delhi Daredevils,Delhi Daredevils,,A Mishra
980915,2016,2016-04-16,"Rajiv Gandhi International Stadium, Uppal",Hyderabad,Sunrisers Hyderabad,Kolkata Knight Riders,Sunrisers Hyderabad,bat,Kolkata Knight Riders,0,completed,Sunrisers Hyderabad,Kolkata Knight Riders,Sunrisers Hyderabad,Kolkata Knight Riders,,G Gambhir
980917,2016,2016-04-16,Wankhede Stadium,Mumbai,Mumbai Indians,Gujarat Lions,Gujarat Lions,field,Gujarat Lions,0,completed,Mumbai Indians,Gujarat Lions,Gujarat Lions,Gujarat Lions,,AJ Finch
980919,2016,2016-04-17,"Punjab Cricket Association IS Bindra Stadium, Mohali",Chandigarh,Punjab Kings,Rising Pune Supergiant,Rising Pune Supergiant,bat,Punjab Kings,1,completed,Kings XI Punjab,Rising Pune Supergiants,Rising Pune Supergiants,Kings XI Punjab,,M Vohra
980921,2016,2016-04-17,M Chinnaswamy Stadium,Bangalore,Royal Challengers Bangalore,Delhi Capitals,Delhi Capitals,field,Delhi Capitals,0,completed,Royal Challengers Bangalore,Delhi Daredevils,Delhi Daredevils,Delhi Daredevils,,Q de Kock
980923,2016,2016-04-18,"Rajiv Gandhi International Stadium, Uppal",Hyderabad,Sunrisers Hyderabad,Mumbai Indians,Sunrisers Hyderabad,field,Sunrisers Hyderabad,1,completed,Sunrisers Hyderabad,Mumbai Indians,Sunrisers Hyderabad,Sunrisers Hyderabad,,DA Warner
980925,2016,2016-04-19,"Punjab Cricket Association IS Bindra Stadium, Mohali",Chandigarh,Punjab Kings,Kolkata Knight Riders,Kolkata Knight Riders,field,Kolkata Knight Riders,0,completed,Kings XI Punjab,Kolkata Knight Riders,Kolkata Knight Riders,Kolkata Knight Riders,,RV Uthappa
980927,2016,2016-04-20,Wankhede Stadium,Mumbai,Mumbai Indians,Royal Challengers Bangalore,Mumbai Indians,field,Mumbai Indians,1,completed,Mumbai Indians,Royal Challengers Bangalore,Mumbai Indians,Mumbai Indians,,RG Sharma
980929,2016,2016-04-21,Saurashtra Cricket Association Stadium,Rajkot,Gujarat Lions,Sunrisers Hyderabad,Sunrisers Hyderabad,field,Sunrisers Hyderabad,0,completed,Gujarat Lions,Sunrisers Hyderabad,Sunrisers Hyderabad,Sunrisers Hyderabad,,B Kumar
980931,2016,2016-04-22,Maharashtra Cricket Association Stadium,Pune,Rising Pune Supergiant,Royal Challengers Bangalore,Rising Pune Supergiant,field,Royal Challengers Bangalore,0,completed,Rising Pune Supergiants,Royal Challengers Bangalore,Rising Pune Supergiants,Royal Challengers Bangalore,,AB de Villiers
980933,2016,2016-04-23,Feroz Shah Kotla,Delhi,Delhi Capitals,Mumbai Indians,Mumbai Indians,field,Delhi Capitals,1,completed,Delhi Daredevils,Mumbai Indians,Mumbai Indians,Delhi Daredevils,,SV Samson
980935,2016,2016-04-23,"Rajiv Gandhi International Stadium, Uppal",Hyderabad,Sunrisers Hyderabad,Punjab Kings,Sunrisers Hyderabad,field,Sunrisers Hyderabad,1,completed,Sunrisers Hyderabad,Kings XI Punjab,Sunrisers Hyderabad,Sunrisers Hyderabad,,Mustafizur Rahman
980937,2016,2016-04-24,Saurashtra Cricket Association Stadium,Rajkot,Gujarat Lions,Royal Challengers Bangalore,Royal Challengers Bangalore,bat,Gujarat Lions,1,completed,Gujarat Lions,Royal Challengers Bangalore,Royal Challengers Bangalore,Gujarat Lions,,V Kohli
980939,2016,2016-04-24,Maharashtra Cricket Association Stadium,Pune,Rising Pune Supergiant,Kolkata Knight Riders,Kolkata Knight Riders,field,Kolkata Knight Riders,0,completed,Rising Pune Supergiants,Kolkata Knight Riders,Kolkata Knight Riders,Kolkata Knight Riders,,SA Yadav
980941,2016,2016-04-25,"Punjab Cricket Association IS Bindra Stadium, Mohali",Chandigarh,Punjab Kings,Mumbai Indians,Punjab Kings,field,Mumbai Indians,0,completed,Kings XI Punjab,Mumbai Indians,Kings XI Punjab,Mumbai Indians,,PA Patel
980943,2016,2016-04-26,"Rajiv Gandhi International Stadium, Uppal",Hyderabad,Sunrisers Hyderabad,Rising Pune Supergiant,Rising Pune Supergiant,field,Rising Pune Supergiant,0,completed,Sunrisers Hyderabad,Rising Pune Supergiants,Rising Pune Supergiants,Rising Pune Supergiants,,AB Dinda
980945,2016,2016-04-27,Feroz Shah Kotla,Delhi,Delhi Capitals,Gujarat Lions,Delhi Capitals,field,Gujarat Lions,0,completed,Delhi Daredevils,Gujarat Lions,Delhi Daredevils,Gujarat Lions,,CH Morris
980947,2016,2016-04-28,Wankhede Stadium,Mumbai,Mumbai Indians,Kolkata Knight Riders,Mumbai Indians,field,Mumbai Indians,1,completed,Mumbai Indians,Kolkata Knight Riders,Mumbai Indians,Mumbai Indians,,RG Sharma
980949,2016,2016-04-29,Maharashtra Cricket Association Stadium,Pune,Rising Pune Supergiant,Gujarat Lions,Gujarat Lions,field,Gujarat Lions,0,completed,Rising Pune Supergiants,Gujarat Lions,Gujarat Lions,Gujarat Lions,,DR Smith
980951,2016,2016-04-30,Feroz Shah Kotla,Delhi,Delhi Capitals,Kolkata Knight Riders,Kolkata Knight Riders,field,Delhi Capitals,1,completed,Delhi Daredevils,Kolkata Knight Riders,Kolkata Knight Riders,Delhi Daredevils,,CR Brathwaite
980953,2016,2016-04-30,"Rajiv Gandhi International Stadium, Uppal",Hyderabad,Sunrisers Hyderabad,Royal Challengers Bangalore,Royal Challengers Bangalore,field,Sunrisers Hyderabad,1,completed,Sunrisers Hyderabad,Royal Challengers Bangalore,Royal Challengers Bangalore,Sunrisers Hyderabad,,DA Warner
980955,2016,2016-05-01,Saurashtra Cricket Association Stadium,Rajkot,Gujarat Lions,Punjab Kings,Gujarat Lions,field,Punjab Kings,0,completed,Gujarat Lions,Kings XI Punjab,Gujarat Lions,Kings XI Punjab,,AR Patel
980957,2016,2016-05-01,Maharashtra Cricket Association Stadium,Pune,Rising Pune Supergiant,Mumbai Indians,Mumbai Indians,field,Mumbai Indians,0,completed,Rising Pune Supergiants,Mumbai Indians,Mumbai Indians,Mumbai Indians,,RG Sharma
980959,2016,2016-05-02,M Chinnaswamy Stadium,Bangalore,Royal Challengers Bangalore,Kolkata Knight Riders,Kolkata Knight Riders,field,Kolkata Knight Riders,0,completed,Royal Challengers Bangalore,Kolkata Knight Riders,Kolkata Knight Riders,Kolkata Knight Riders,,AD Russell
980961,2016,2016-05-03,Saurashtra Cricket Association Stadium,Rajkot,Gujarat Lions,Delhi Capitals,Delhi Capitals,field,Delhi Capitals,0,completed,Gujarat Lions,Delhi Daredevils,Delhi Daredevils,Delhi Daredevils,,RR Pant
980963,2016,2016-05-04,Eden Gardens,Kolkata,Kolkata Knight Riders,Punjab Kings,Punjab Kings,field,Kolkata Knight Riders,1,completed,Kolkata Knight Riders,Kings XI Punjab,Kings XI Punjab,Kolkata Knight Riders,,AD Russell
980965,2016,2016-05-05,Feroz Shah Kotla,Delhi,Delhi Capitals,Rising Pune Supergiant,Rising Pune Supergiant,field,Rising Pune Supergiant,0,completed,Delhi Daredevils,Rising Pune Supergiants,Rising Pune Supergiants,Rising Pune Supergiants,,AM Rahane
980967,2016,2016-05-06,"Rajiv Gandhi International Stadium, Uppal",Hyderabad,Sunrisers Hyderabad,Gujarat Lions,Sunrisers Hyderabad,field,Sunrisers Hyderabad,1,completed,Sunrisers Hyderabad,Gujarat Lions,Sunrisers Hyderabad,Sunrisers Hyderabad,,B Kumar
980969,2016,2016-05-07,M Chinnaswamy Stadium,Bangalore,Royal Challengers Bangalore,Rising Pune Supergiant,Royal Challengers Bangalore,field,Royal Challengers Bangalore,1,completed,Royal Challengers Bangalore,Rising Pune Supergiants,Royal Challengers Bangalore,Royal Challengers Bangalore,,V Kohli
980971,2016,2016-05-07,"Punjab Cricket Association IS Bindra Stadium, Mohali",Chandigarh,Punjab Kings,Delhi Capitals,Delhi Capitals,field,Punjab Kings,1,completed,Kings XI Punjab,Delhi Daredevils,Delhi Daredevils,Kings XI Punjab,,MP Stoinis
980973,2016,2016-05-08,Dr. Y.S. Rajasekhara Reddy ACA-VDCA Cricket Stadium,Visakhapatnam,Mumbai Indians,Sunrisers Hyderabad,Mumbai Indians,field,Sunrisers Hyderabad,0,completed,Mumbai Indians,Sunrisers Hyderabad,Mumbai Indians,Sunrisers Hyderabad,,A Nehra
980975,2016,2016-05-08,Eden Gardens,Kolkata,Kolkata Knight Riders,Gujarat Lions,Gujarat Lions,field,Gujarat Lions,0,completed,Kolkata Knight Riders,Gujarat Lions,Gujarat Lions,Gujarat Lions,,P Kumar
980977,2016,2016-05-09,"Punjab Cricket Association IS Bindra Stadium, Mohali",Chandigarh,Punjab Kings,Royal Challengers Bangalore,Punjab Kings,field,Royal Challengers Bangalore,0,completed,Kings XI Punjab,Royal Challengers Bangalore,Kings XI Punjab,Royal Challengers Bangalore,,SR Watson
980979,2016,2016-05-10,Dr. Y.S. Rajasekhara Reddy ACA-VDCA Cricket Stadium,Visakhapatnam,Rising Pune Supergiant,Sunrisers Hyderabad,Sunrisers Hyderabad,bat,Sunrisers Hyderabad,0,completed,Rising Pune Supergiants,Sunrisers Hyderabad,Sunrisers Hyderabad,Sunrisers Hyderabad,,A Zampa
980981,2016,2016-05-11,M Chinnaswamy Stadium,Bangalore,Royal Challengers Bangalore,Mumbai Indians,Mumbai Indians,field,Mumbai Indians,0,completed,Royal Challengers Bangalore,Mumbai Indians,Mumbai Indians,Mumbai Indians,,KH Pandya
980983,2016,2016-05-12,"Rajiv Gandhi International Stadium, Uppal",Hyderabad,Sunrisers Hyderabad,Delhi Capitals,Delhi Capitals,field,Delhi Capitals,0,completed,Sunrisers Hyderabad,Delhi Daredevils,Delhi Daredevils,Delhi Daredevils,,CH Morris
980985,2016,2016-05-13,Dr. Y.S. Rajasekhara Reddy ACA-VDCA Cricket Stadium,Visakhapatnam,Mumbai Indians,Punjab Kings,Mumbai Indians,bat,Punjab Kings,0,completed,Mumbai Indians,Kings XI Punjab,Mumbai Indians,Kings XI Punjab,,MP Stoinis
980987,2016,2016-05-14,M Chinnaswamy Stadium,Bangalore,Royal Challengers Bangalore,Gujarat Lions,Gujarat Lions,field,Royal Challengers Bangalore,1,completed,Royal Challengers Bangalore,Gujarat Lions,Gujarat Lions,Royal Challengers Bangalore,,AB de Villiers
980989,2016,2016-05-14,Eden Gardens,Kolkata,Kolkata Knight Riders,Rising Pune Supergiant,Rising Pune Supergiant,bat,Kolkata Knight Riders,1,completed,Kolkata Knight Riders,Rising Pune Supergiants,Rising Pune Supergiants,Kolkata Knight Riders,,YK Pathan
980991,2016,2016-05-15,"Punjab Cricket Association IS Bindra Stadium, Mohali",Chandigarh,Punjab Kings,Sunrisers Hyderabad,Punjab Kings,bat,Sunrisers Hyderabad,0,completed,Kings XI Punjab,Sunrisers Hyderabad,Kings XI Punjab,Sunrisers Hyderabad,,HM Amla
980993,2016,2016-05-15,Dr. Y.S. Rajasekhara Reddy ACA-VDCA Cricket Stadium,Visakhapatnam,Mumbai Indians,Delhi Capitals,Delhi Capitals,field,Mumbai Indians,1,completed,Mumbai Indians,Delhi Daredevils,Delhi Daredevils,Mumbai Indians,,KH Pandya
980995,2016,2016-05-16,Eden Gardens,Kolkata,Kolkata Knight Riders,Royal Challengers Bangalore,Royal Challengers Bangalore,field,Royal Challengers Bangalore,0,completed,Kolkata Knight Riders,Royal Challengers Bangalore,Royal Challengers Bangalore,Royal Challengers Bangalore,,V Kohli
980997,2016,2016-05-17,Dr. Y.S. Rajasekhara Reddy ACA-VDCA Cricket Stadium,Visakhapatnam,Rising Pune Supergiant,Delhi Capitals,Rising Pune Supergiant,field,Rising Pune Supergiant,1,completed,Rising Pune Supergiants,Delhi Daredevils,Rising Pune Supergiants,Rising Pune Supergiants,,AB Dinda
980999,2016,2016-05-18,M Chinnaswamy Stadium,Bangalore,Royal Challengers Bangalore,Punjab Kings,Punjab Kings,field,Royal Challengers Bangalore,1,completed,Royal Challengers Bangalore,Kings XI Punjab,Kings XI Punjab,Royal Challengers Bangalore,,V Kohli
981001,2016,2016-05-19,Green Park,Kanpur,Gujarat Lions,Kolkata Knight Riders,Gujarat Lions,field,Gujarat Lions,1,completed,Gujarat Lions,Kolkata Knight Riders,Gujarat Lions,Gujarat Lions,,DR Smith
981003,2016,2016-05-20,Shaheed Veer Narayan Singh International Stadium,Raipur,Delhi Capitals,Sunrisers Hyderabad,Delhi Capitals,field,Delhi Capitals,1,completed,Delhi Daredevils,Sunrisers Hyderabad,Delhi Daredevils,Delhi Daredevils,,KK Nair
981005,2016,2016-05-21,Dr. Y.S. Rajasekhara Reddy ACA-VDCA Cricket Stadium,Visakhapatnam,Rising Pune Supergiant,Punjab Kings,Punjab Kings,bat,Rising Pune Supergiant,1,completed,Rising Pune Supergiants,Kings XI Punjab,Kings XI Punjab,Rising Pune Supergiants,,MS Dhoni
981007,2016,2016-05-21,Green Park,Kanpur,Gujarat Lions,Mumbai Indians,Gujarat Lions,field,Gujarat Lions,1,completed,Gujarat Lions,Mumbai Indians,Gujarat Lions,Gujarat Lions,,SK Raina
981009,2016,2016-05-22,Eden Gardens,Kolkata,Kolkata Knight Riders,Sunrisers Hyderabad,Sunrisers Hyderabad,field,Kolkata Knight Riders,1,completed,Kolkata Knight Riders,Sunrisers Hyderabad,Sunrisers Hyderabad,Kolkata Knight Riders,,YK Pathan
981011,2016,2016-05-22,Shaheed Veer Narayan Singh International Stadium,Raipur,Delhi Capitals,Royal Challengers Bangalore,Royal Challengers Bangalore,field,Royal Challengers Bangalore,0,completed,Delhi Daredevils,Royal Challengers Bangalore,Royal Challengers Bangalore,Royal Challengers Bangalore,,V Kohli
981013,2016,2016-05-24,M Chinnaswamy Stadium,Bangalore,Gujarat Lions,Royal Challengers Bangalore,Royal Challengers Bangalore,field,Royal Challengers Bangalore,0,completed,Gujarat Lions,Royal Challengers Bangalore,Royal Challengers Bangalore,Royal Challengers Bangalore,,AB de Villiers
981015,2016,2016-05-25,Feroz Shah Kotla,Delhi,Sunrisers Hyderabad,Kolkata Knight Riders,Kolkata Knight Riders,field,Sunrisers Hyderabad,1,completed,Sunrisers Hyderabad,Kolkata Knight Riders,Kolkata Knight Riders,Sunrisers Hyderabad,,MC Henriques
981017,2016,2016-05-27,Feroz Shah Kotla,Delhi,Gujarat Lions,Sunrisers Hyderabad,Sunrisers Hyderabad,field,Sunrisers Hyderabad,0,completed,Gujarat Lions,Sunrisers Hyderabad,Sunrisers Hyderabad,Sunrisers Hyderabad,,DA Warner
981019,2016,2016-05-29,M Chinnaswamy Stadium,Bangalore,Royal Challengers Bangalore,Sunrisers Hyderabad,Sunrisers Hyderabad,bat,Sunrisers Hyderabad,0,completed,Royal Challengers Bangalore,Sunrisers Hyderabad,Sunrisers Hyderabad,Sunrisers Hyderabad,,BCJ Cutting
1082591,2017,2017-04-05,"Rajiv Gandhi International Stadium, Uppal",Hyderabad,Sunrisers Hyderabad,Royal Challengers Bangalore,Royal Challengers Bangalore,field,Sunrisers Hyderabad,1,completed,Sunrisers Hyderabad,Royal Challengers Bangalore,Royal Challengers Bangalore,Sunrisers Hyderabad,,Yuvraj Singh
1082592,2017,2017-04-06,Maharashtra Cricket Association Stadium,Pune,Rising Pune Supergiant,Mumbai Indians,Rising Pune Supergiant,field,Rising Pune Supergiant,1,completed,Rising Pune Supergiant,Mumbai Indians,Rising Pune Supergiant,Rising Pune Supergiant,,SPD Smith
1082593,2017,2017-04-07,Saurashtra Cricket Association Stadium,Rajkot,Gujarat Lions,Kolkata Knight Riders,Kolkata Knight Riders,field,Kolkata Knight Riders,0,completed,Gujarat Lions,Kolkata Knight Riders,Kolkata Knight Riders,Kolkata Knight Riders,,CA Lynn
1082594,2017,2017-04-08,Holkar Cricket Stadium,Indore,Punjab Kings,Rising Pune Supergiant,Punjab Kings,field,Punjab Kings,1,completed,Kings XI Punjab,Rising Pune Supergiant,Kings XI Punjab,Kings XI Punjab,,GJ Maxwell
1082595,2017,2017-04-08,M.Chinnaswamy Stadium,Bengaluru,Royal Challengers Bangalore,Delhi Capitals,Royal Challengers Bangalore,bat,Royal Challengers Bangalore,1,completed,Royal Challengers Bangalore,Delhi Daredevils,Royal Challengers Bangalore,Royal Challengers Bangalore,,KM Jadhav
1082596,2017,2017-04-09,"Rajiv Gandhi International Stadium, Uppal",Hyderabad,Sunrisers Hyderabad,Gujarat Lions,Sunrisers Hyderabad,field,Sunrisers Hyderabad,1,completed,Sunrisers Hyderabad,Gujarat Lions,Sunrisers Hyderabad,Sunrisers Hyderabad,,Rashid Khan
1082597,2017,2017-04-09,Wankhede Stadium,Mumbai,Mumbai Indians,Kolkata Knight Riders,Mumbai Indians,field,Mumbai Indians,1,completed,Mumbai Indians,Kolkata Knight Riders,Mumbai Indians,Mumbai Indians,,N Rana
1082598,2017,2017-04-10,Holkar Cricket Stadium,Indore,Punjab Kings,Royal Challengers Bangalore,Royal Challengers Bangalore,bat,Punjab Kings,1,completed,Kings XI Punjab,Royal Challengers Bangalore,Royal Challengers Bangalore,Kings XI Punjab,,AR Patel
1082599,2017,2017-04-11,Maharashtra Cricket Association Stadium,Pune,Rising Pune Supergiant,Delhi Capitals,Rising Pune Supergiant,field,Delhi Capitals,0,completed,Rising Pune Supergiant,Delhi Daredevils,Rising Pune Supergiant,Delhi Daredevils,,SV Samson
1082600,2017,2017-04-12,Wankhede Stadium,Mumbai,Mumbai Indians,Sunrisers Hyderabad,Mumbai Indians,field,Mumbai Indians,1,completed,Mumbai Indians,Sunrisers Hyderabad,Mumbai Indians,Mumbai Indians,,JJ Bumrah
1082601,2017,2017-04-13,Eden Gardens,Kolkata,Kolkata Knight Riders,Punjab Kings,Kolkata Knight Riders,field,Kolkata Knight Riders,1,completed,Kolkata Knight Riders,Kings XI Punjab,Kolkata Knight Riders,Kolkata Knight Riders,,SP Narine
1082602,2017,2017-04-14,M Chinnaswamy Stadium,Bangalore,Royal Challengers Bangalore,Mumbai Indians,Mumbai Indians,field,Mumbai Indians,0,completed,Royal Challengers Bangalore,Mumbai Indians,Mumbai Indians,Mumbai Indians,,KA Pollard
1082603,2017,2017-04-14,Saurashtra Cricket Association Stadium,Rajkot,Gujarat Lions,Rising Pune Supergiant,Gujarat Lions,field,Gujarat Lions,1,completed,Gujarat Lions,Rising Pune Supergiant,Gujarat Lions,Gujarat Lions,,AJ Tye
1082604,2017,2017-04-15,Eden Gardens,Kolkata,Kolkata Knight Riders,Sunrisers Hyderabad,Sunrisers Hyderabad,field,Kolkata Knight Riders,1,completed,Kolkata Knight Riders,Sunrisers Hyderabad,Sunrisers Hyderabad,Kolkata Knight Riders,,RV Uthappa
1082605,2017,2017-04-15,Feroz Shah Kotla,Delhi,Delhi Capitals,Punjab Kings,Delhi Capitals,bat,Delhi Capitals,1,completed,Delhi Daredevils,Kings XI Punjab,Delhi Daredevils,Delhi Daredevils,,CJ Anderson
1082606,2017,2017-04-16,Wankhede Stadium,Mumbai,Mumbai Indians,Gujarat Lions,Mumbai Indians,field,Mumbai Indians,1,completed,Mumbai Indians,Gujarat Lions,Mumbai Indians,Mumbai Indians,,N Rana
1082607,2017,2017-04-16,M Chinnaswamy Stadium,Bangalore,Royal Challengers Bangalore,Rising Pune Supergiant,Royal Challengers Bangalore,field,Rising Pune Supergiant,0,completed,Royal Challengers Bangalore,Rising Pune Supergiant,Royal Challengers Bangalore,Rising Pune Supergiant,,BA Stokes
1082608,2017,2017-04-17,Feroz Shah Kotla,Delhi,Delhi Capitals,Kolkata Knight Riders,Delhi Capitals,bat,Kolkata Knight Riders,0,completed,Delhi Daredevils,Kolkata Knight Riders,Delhi Daredevils,Kolkata Knight Riders,,NM Coulter-Nile
1082609,2017,2017-04-17,"Rajiv Gandhi International Stadium, Uppal",Hyderabad,Sunrisers Hyderabad,Punjab Kings,Punjab Kings,field,Sunrisers Hyderabad,1,completed,Sunrisers Hyderabad,Kings XI Punjab,Kings XI Punjab,Sunrisers Hyderabad,,B Kumar
1082610,2017,2017-04-18,Saurashtra Cricket Association Stadium,Rajkot,Gujarat Lions,Royal Challengers Bangalore,Gujarat Lions,field,Royal Challengers Bangalore,0,completed,Gujarat Lions,Royal Challengers Bangalore,Gujarat Lions,Royal Challengers Bangalore,,CH Gayle
1082611,2017,2017-04-19,"Rajiv Gandhi International Stadium, Uppal",Hyderabad,Sunrisers Hyderabad,Delhi Capitals,Sunrisers Hyderabad,bat,Sunrisers Hyderabad,1,completed,Sunrisers Hyderabad,Delhi Daredevils,Sunrisers Hyderabad,Sunrisers Hyderabad,,KS Williamson
1082612,2017,2017-04-20,Holkar Cricket Stadium,Indore,Punjab Kings,Mumbai Indians,Mumbai Indians,field,Mumbai Indians,0,completed,Kings XI Punjab,Mumbai Indians,Mumbai Indians,Mumbai Indians,,JC Buttler
1082613,2017,2017-04-21,Eden Gardens,Kolkata,Kolkata Knight Riders,Gujarat Lions,Gujarat Lions,field,Gujarat Lions,0,completed,Kolkata Knight Riders,Gujarat Lions,Gujarat Lions,Gujarat Lions,,SK Raina
1082614,2017,2017-04-22,Wankhede Stadium,Mumbai,Mumbai Indians,Delhi Capitals,Delhi Capitals,field,Mumbai Indians,1,completed,Mumbai Indians,Delhi Daredevils,Delhi Daredevils,Mumbai Indians,,MJ McClenaghan
1082615,2017,2017-04-22,Maharashtra Cricket Association Stadium,Pune,Rising Pune Supergiant,Sunrisers Hyderabad,Rising Pune Supergiant,field,Rising Pune Supergiant,1,completed,Rising Pune Supergiant,Sunrisers Hyderabad,Rising Pune Supergiant,Rising Pune Supergiant,,MS Dhoni
1082616,2017,2017-04-23,Saurashtra Cricket Association Stadium,Rajkot,Gujarat Lions,Punjab Kings,Gujarat Lions,field,Punjab Kings,0,completed,Gujarat Lions,Kings XI Punjab,Gujarat Lions,Kings XI Punjab,,HM Amla
1082617,2017,2017-04-23,Eden Gardens,Kolkata,Kolkata Knight Riders,Royal Challengers Bangalore,Royal Challengers Bangalore,field,Kolkata Knight Riders,1,completed,Kolkata Knight Riders,Royal Challengers Bangalore,Royal Challengers Bangalore,Kolkata Knight Riders,,NM Coulter-Nile
1082618,2017,2017-04-24,Wankhede Stadium,Mumbai,Mumbai Indians,Rising Pune Supergiant,Mumbai Indians,field,Rising Pune Supergiant,0,completed,Mumbai Indians,Rising Pune Supergiant,Mumbai Indians,Rising Pune Supergiant,,BA Stokes
1082620,2017,2017-04-26,Maharashtra Cricket Association Stadium,Pune,Rising Pune Supergiant,Kolkata Knight Riders,Kolkata Knight Riders,field,Kolkata Knight Riders,0,completed,Rising Pune Supergiant,Kolkata Knight Riders,Kolkata Knight Riders,Kolkata Knight Riders,,RV Uthappa
1082621,2017,2017-04-27,M Chinnaswamy Stadium,Bangalore,Royal Challengers Bangalore,Gujarat Lions,Gujarat Lions,field,Gujarat Lions,0,completed,Royal Challengers Bangalore,Gujarat Lions,Gujarat Lions,Gujarat Lions,,AJ Tye
1082622,2017,2017-04-28,Eden Gardens,Kolkata,Kolkata Knight Riders,Delhi Capitals,Kolkata Knight Riders,field,Kolkata Knight Riders,1,completed,Kolkata Knight Riders,Delhi Daredevils,Kolkata Knight Riders,Kolkata Knight Riders,,G Gambhir
1082623,2017,2017-04-28,"Punjab Cricket Association IS Bindra Stadium, Mohali",Chandigarh,Punjab Kings,Sunrisers Hyderabad,Punjab Kings,field,Sunrisers Hyderabad,0,completed,Kings XI Punjab,Sunrisers Hyderabad,Kings XI Punjab,Sunrisers Hyderabad,,Rashid Khan
1082624,2017,2017-04-29,Maharashtra Cricket Association Stadium,Pune,Rising Pune Supergiant,Royal Challengers Bangalore,Royal Challengers Bangalore,field,Rising Pune Supergiant,1,completed,Rising Pune Supergiant,Royal Challengers Bangalore,Royal Challengers Bangalore,Rising Pune Supergiant,,LH Ferguson
1082625,2017,2017-04-29,Saurashtra Cricket Association Stadium,Rajkot,Gujarat Lions,Mumbai Indians,Gujarat Lions,bat,Mumbai Indians,0,tie_with_eliminator,Gujarat Lions,Mumbai Indians,Gujarat Lions,Mumbai Indians,Mumbai Indians,KH Pandya
1082626,2017,2017-04-30,"Punjab Cricket Association IS Bindra Stadium, Mohali",Chandigarh,Punjab Kings,Delhi Capitals,Punjab Kings,field,Punjab Kings,1,completed,Kings XI Punjab,Delhi Daredevils,Kings XI Punjab,Kings XI Punjab,,Sandeep Sharma
1082627,2017,2017-04-30,"Rajiv Gandhi International Stadium, Uppal",Hyderabad,Sunrisers Hyderabad,Kolkata Knight Riders,Kolkata Knight Riders,field,Sunrisers Hyderabad,1,completed,Sunrisers Hyderabad,Kolkata Knight Riders,Kolkata Knight Riders,Sunrisers Hyderabad,,DA Warner
1082628,2017,2017-05-01,Wankhede Stadium,Mumbai,Mumbai Indians,Royal Challengers Bangalore,Royal Challengers Bangalore,bat,Mumbai Indians,1,completed,Mumbai Indians,Royal Challengers Bangalore,Royal Challengers Bangalore,Mumbai Indians,,RG Sharma
1082629,2017,2017-05-01,Maharashtra Cricket Association Stadium,Pune,Rising Pune Supergiant,Gujarat Lions,Rising Pune Supergiant,field,Rising Pune Supergiant,1,completed,Rising Pune Supergiant,Gujarat Lions,Rising Pune Supergiant,Rising Pune Supergiant,,BA Stokes
1082630,2017,2017-05-02,Feroz Shah Kotla,Delhi,Delhi Capitals,Sunrisers Hyderabad,Delhi Capitals,field,Delhi Capitals,1,completed,Delhi Daredevils,Sunrisers Hyderabad,Delhi Daredevils,Delhi Daredevils,,Mohammed Shami
1082631,2017,2017-05-03,Eden Gardens,Kolkata,Kolkata Knight Riders,Rising Pune Supergiant,Rising Pune Supergiant,field,Rising Pune Supergiant,0,completed,Kolkata Knight Riders,Rising Pune Supergiant,Rising Pune Supergiant,Rising Pune Supergiant,,RA Tripathi
1082632,2017,2017-05-04,Feroz Shah Kotla,Delhi,Delhi Capitals,Gujarat Lions,Delhi Capitals,field,Delhi Capitals,1,completed,Delhi Daredevils,Gujarat Lions,Delhi Daredevils,Delhi Daredevils,,RR Pant
1082633,2017,2017-05-05,M Chinnaswamy Stadium,Bangalore,Royal Challengers Bangalore,Punjab Kings,Royal Challengers Bangalore,field,Punjab Kings,0,completed,Royal Challengers Bangalore,Kings XI Punjab,Royal Challengers Bangalore,Kings XI Punjab,,Sandeep Sharma
1082634,2017,2017-05-06,"Rajiv Gandhi International Stadium, Uppal",Hyderabad,Sunrisers Hyderabad,Rising Pune Supergiant,Sunrisers Hyderabad,field,Rising Pune Supergiant,0,completed,Sunrisers Hyderabad,Rising Pune Supergiant,Sunrisers Hyderabad,Rising Pune Supergiant,,JD Unadkat
1082635,2017,2017-05-06,Feroz Shah Kotla,Delhi,Delhi Capitals,Mumbai Indians,Delhi Capitals,field,Mumbai Indians,0,completed,Delhi Daredevils,Mumbai Indians,Delhi Daredevils,Mumbai Indians,,LMP Simmons
1082636,2017,2017-05-07,M Chinnaswamy Stadium,Bangalore,Royal Challengers Bangalore,Kolkata Knight Riders,Kolkata Knight Riders,field,Kolkata Knight Riders,0,completed,Royal Challengers Bangalore,Kolkata Knight Riders,Kolkata Knight Riders,Kolkata Knight Riders,,SP Narine
1082637,2017,2017-05-07,"Punjab Cricket Association IS Bindra Stadium, Mohali",Chandigarh,Punjab Kings,Gujarat Lions,Gujarat Lions,field,Gujarat Lions,0,completed,Kings XI Punjab,Gujarat Lions,Gujarat Lions,Gujarat Lions,,DR Smith
1082638,2017,2017-05-08,"Rajiv Gandhi International Stadium, Uppal",Hyderabad,Sunrisers Hyderabad,Mumbai Indians,Mumbai Indians,bat,Sunrisers Hyderabad,1,completed,Sunrisers Hyderabad,Mumbai Indians,Mumbai Indians,Sunrisers Hyderabad,,S Dhawan
1082639,2017,2017-05-09,"Punjab Cricket Association IS Bindra Stadium, Mohali",Chandigarh,Punjab Kings,Kolkata Knight Riders,Kolkata Knight Riders,field,Punjab Kings,1,completed,Kings XI Punjab,Kolkata Knight Riders,Kolkata Knight Riders,Kings XI Punjab,,MM Sharma
1082640,2017,2017-05-10,Green Park,Kanpur,Gujarat Lions,Delhi Capitals,Delhi Capitals,field,Delhi Capitals,0,completed,Gujarat Lions,Delhi Daredevils,Delhi Daredevils,Delhi Daredevils,,SS Iyer
1082641,2017,2017-05-11,Wankhede Stadium,Mumbai,Mumbai Indians,Punjab Kings,Mumbai Indians,field,Punjab Kings,0,completed,Mumbai Indians,Kings XI Punjab,Mumbai Indians,Kings XI Punjab,,WP Saha
1082642,2017,2017-05-12,Feroz Shah Kotla,Delhi,Delhi Capitals,Rising Pune Supergiant,Delhi Capitals,bat,Delhi Capitals,1,completed,Delhi Daredevils,Rising Pune Supergiant,Delhi Daredevils,Delhi Daredevils,,KK Nair
1082643,2017,2017-05-13,Green Park,Kanpur,Gujarat Lions,Sunrisers Hyderabad,Sunrisers Hyderabad,field,Sunrisers Hyderabad,0,completed,Gujarat Lions,Sunrisers Hyderabad,Sunrisers Hyderabad,Sunrisers Hyderabad,,Mohammed Siraj
1082644,2017,2017-05-13,Eden Gardens,Kolkata,Kolkata Knight Riders,Mumbai Indians,Kolkata Knight Riders,field,Mumbai Indians,0,completed,Kolkata Knight Riders,Mumbai Indians,Kolkata Knight Riders,Mumbai Indians,,AT Rayudu
1082645,2017,2017-05-14,Maharashtra Cricket Association Stadium,Pune,Rising Pune Supergiant,Punjab Kings,Rising Pune Supergiant,field,Rising Pune Supergiant,1,completed,Rising Pune Supergiant,Kings XI Punjab,Rising Pune Supergiant,Rising Pune Supergiant,,JD Unadkat
1082646,2017,2017-05-14,Feroz Shah Kotla,Delhi,Delhi Capitals,Royal Challengers Bangalore,Royal Challengers Bangalore,bat,Royal Challengers Bangalore,0,completed,Delhi Daredevils,Royal Challengers Bangalore,Royal Challengers Bangalore,Royal Challengers Bangalore,,HV Patel
1082647,2017,2017-05-16,Wankhede Stadium,Mumbai,Mumbai Indians,Rising Pune Supergiant,Mumbai Indians,field,Rising Pune Supergiant,0,completed,Mumbai Indians,Rising Pune Supergiant,Mumbai Indians,Rising Pune Supergiant,,Washington Sundar
1082648,2017,2017-05-17,M Chinnaswamy Stadium,Bangalore,Sunrisers Hyderabad,Kolkata Knight Riders,Kolkata Knight Riders,field,Kolkata Knight Riders,0,completed,Sunrisers Hyderabad,Kolkata Knight Riders,Kolkata Knight Riders,Kolkata Knight Riders,,NM Coulter-Nile
1082649,2017,2017-05-19,M Chinnaswamy Stadium,Bangalore,Mumbai Indians,Kolkata Knight Riders,Mumbai Indians,field,Mumbai Indians,1,completed,Mumbai Indians,Kolkata Knight Riders,Mumbai Indians,Mumbai Indians,,KV Sharma
1082650,2017,2017-05-21,"Rajiv Gandhi International Stadium, Uppal",Hyderabad,Mumbai Indians,Rising Pune Supergiant,Mumbai Indians,bat,Mumbai Indians,1,completed,Mumbai Indians,Rising Pune Supergiant,Mumbai Indians,Mumbai Indians,,KH Pandya
1136561,2018,2018-04-07,Wankhede Stadium,Mumbai,Mumbai Indians,Chennai Super Kings,Chennai Super Kings,field,Chennai Super Kings,0,completed,Mumbai Indians,Chennai Super Kings,Chennai Super Kings,Chennai Super Kings,,DJ Bravo
1136562,2018,2018-04-08,Punjab Cricket Association IS Bindra Stadium,Chandigarh,Delhi Capitals,Punjab Kings,Punjab Kings,field,Punjab Kings,0,completed,Delhi Daredevils,Kings XI Punjab,Kings XI Punjab,Kings XI Punjab,,KL Rahul
1136563,2018,2018-04-08,Eden Gardens,Kolkata,Royal Challengers Bangalore,Kolkata Knight Riders,Kolkata Knight Riders,field,Kolkata Knight Riders,0,completed,Royal Challengers Bangalore,Kolkata Knight Riders,Kolkata Knight Riders,Kolkata Knight Riders,,SP Narine
1136564,2018,2018-04-09,Rajiv Gandhi International Stadium,Hyderabad,Rajasthan Royals,Sunrisers Hyderabad,Sunrisers Hyderabad,field,Sunrisers Hyderabad,0,completed,Rajasthan Royals,Sunrisers Hyderabad,Sunrisers Hyderabad,Sunrisers Hyderabad,,S Dhawan
1136565,2018,2018-04-10,MA Chidambaram Stadium,Chennai,Kolkata Knight Riders,Chennai Super Kings,Chennai Super Kings,field,Chennai Super Kings,0,completed,Kolkata Knight Riders,Chennai Super Kings,Chennai Super Kings,Chennai Super Kings,,SW Billings
1136566,2018,2018-04-11,Sawai Mansingh Stadium,Jaipur,Rajasthan Royals,Delhi Capitals,Delhi Capitals,field,Rajasthan Royals,1,completed,Rajasthan Royals,Delhi Daredevils,Delhi Daredevils,Rajasthan Royals,,SV Samson
1136567,2018,2018-04-12,Rajiv Gandhi International Stadium,Hyderabad,Mumbai Indians,Sunrisers Hyderabad,Sunrisers Hyderabad,field,Sunrisers Hyderabad,0,completed,Mumbai Indians,Sunrisers Hyderabad,Sunrisers Hyderabad,Sunrisers Hyderabad,,Rashid Khan
1136568,2018,2018-04-13,M.Chinnaswamy Stadium,Bengaluru,Punjab Kings,Royal Challengers Bangalore,Royal Challengers Bangalore,field,Royal Challengers Bangalore,0,completed,Kings XI Punjab,Royal Challengers Bangalore,Royal Challengers Bangalore,Royal Challengers Bangalore,,UT Yadav
1136569,2018,2018-04-14,Wankhede Stadium,Mumbai,Mumbai Indians,Delhi Capitals,Delhi Capitals,field,Delhi Capitals,0,completed,Mumbai Indians,Delhi Daredevils,Delhi Daredevils,Delhi Daredevils,,JJ Roy
1136570,2018,2018-04-14,Eden Gardens,Kolkata,Kolkata Knight Riders,Sunrisers Hyderabad,Sunrisers Hyderabad,field,Sunrisers Hyderabad,0,completed,Kolkata Knight Riders,Sunrisers Hyderabad,Sunrisers Hyderabad,Sunrisers Hyderabad,,B Stanlake
1136571,2018,2018-04-15,M.Chinnaswamy Stadium,Bengaluru,Rajasthan Royals,Royal Challengers Bangalore,Royal Challengers Bangalore,field,Rajasthan Royals,1,completed,Rajasthan Royals,Royal Challengers Bangalore,Royal Challengers Bangalore,Rajasthan Royals,,SV Samson
1136572,2018,2018-04-15,Punjab Cricket Association IS Bindra Stadium,Chandigarh,Punjab Kings,Chennai Super Kings,Chennai Super Kings,field,Punjab Kings,1,completed,Kings XI Punjab,Chennai Super Kings,Chennai Super Kings,Kings XI Punjab,,CH Gayle
1136573,2018,2018-04-16,Eden Gardens,Kolkata,Kolkata Knight Riders,Delhi Capitals,Delhi Capitals,field,Kolkata Knight Riders,1,completed,Kolkata Knight Riders,Delhi Daredevils,Delhi Daredevils,Kolkata Knight Riders,,N Rana
1136574,2018,2018-04-17,Wankhede Stadium,Mumbai,Mumbai Indians,Royal Challengers Bangalore,Royal Challengers Bangalore,field,Mumbai Indians,1,completed,Mumbai Indians,Royal Challengers Bangalore,Royal Challengers Bangalore,Mumbai Indians,,RG Sharma
1136575,2018,2018-04-18,Sawai Mansingh Stadium,Jaipur,Rajasthan Royals,Kolkata Knight Riders,Kolkata Knight Riders,field,Kolkata Knight Riders,0,completed,Rajasthan Royals,Kolkata Knight Riders,Kolkata Knight Riders,Kolkata Knight Riders,,N Rana
1136576,2018,2018-04-19,Punjab Cricket Association IS Bindra Stadium,Chandigarh,Punjab Kings,Sunrisers Hyderabad,Punjab Kings,bat,Punjab Kings,1,completed,Kings XI Punjab,Sunrisers Hyderabad,Kings XI Punjab,Kings XI Punjab,,CH Gayle
1136577,2018,2018-04-20,Maharashtra Cricket Association Stadium,Pune,Chennai Super Kings,Rajasthan Royals,Rajasthan Royals,field,Chennai Super Kings,1,completed,Chennai Super Kings,Rajasthan Royals,Rajasthan Royals,Chennai Super Kings,,SR Watson
1136578,2018,2018-04-21,Eden Gardens,Kolkata,Kolkata Knight Riders,Punjab Kings,Punjab Kings,field,Punjab Kings,0,completed,Kolkata Knight Riders,Kings XI Punjab,Kings XI Punjab,Kings XI Punjab,,KL Rahul
1136579,2018,2018-04-21,M.Chinnaswamy Stadium,Bengaluru,Delhi Capitals,Royal Challengers Bangalore,Royal Challengers Bangalore,field,Royal Challengers Bangalore,0,completed,Delhi Daredevils,Royal Challengers Bangalore,Royal Challengers Bangalore,Royal Challengers Bangalore,,AB de Villiers
1136580,2018,2018-04-22,Rajiv Gandhi International Stadium,Hyderabad,Chennai Super Kings,Sunrisers Hyderabad,Sunrisers Hyderabad,field,Chennai Super Kings,1,completed,Chennai Super Kings,Sunrisers Hyderabad,Sunrisers Hyderabad,Chennai Super Kings,,AT Rayudu
1136581,2018,2018-04-22,Sawai Mansingh Stadium,Jaipur,Mumbai Indians,Rajasthan Royals,Mumbai Indians,bat,Rajasthan Royals,0,completed,Mumbai Indians,Rajasthan Royals,Mumbai Indians,Rajasthan Royals,,JC Archer
1136582,2018,2018-04-23,Arun Jaitley Stadium,Delhi,Punjab Kings,Delhi Capitals,Delhi Capitals,field,Punjab Kings,1,completed,Kings XI Punjab,Delhi Daredevils,Delhi Daredevils,Kings XI Punjab,,AS Rajpoot
1136583,2018,2018-04-24,Wankhede Stadium,Mumbai,Sunrisers Hyderabad,Mumbai Indians,Mumbai Indians,field,Sunrisers Hyderabad,1,completed,Sunrisers Hyderabad,Mumbai Indians,Mumbai Indians,Sunrisers Hyderabad,,Rashid Khan
1136584,2018,2018-04-25,M.Chinnaswamy Stadium,Bengaluru,Royal Challengers Bangalore,Chennai Super Kings,Chennai Super Kings,field,Chennai Super Kings,0,completed,Royal Challengers Bangalore,Chennai Super Kings,Chennai Super Kings,Chennai Super Kings,,MS Dhoni
1136585,2018,2018-04-26,Rajiv Gandhi International Stadium,Hyderabad,Sunrisers Hyderabad,Punjab Kings,Punjab Kings,field,Sunrisers Hyderabad,1,completed,Sunrisers Hyderabad,Kings XI Punjab,Kings XI Punjab,Sunrisers Hyderabad,,AS Rajpoot
1136586,2018,2018-04-27,Arun Jaitley Stadium,Delhi,Delhi Capitals,Kolkata Knight Riders,Kolkata Knight Riders,field,Delhi Capitals,1,completed,Delhi Daredevils,Kolkata Knight Riders,Kolkata Knight Riders,Delhi Daredevils,,SS Iyer
1136587,2018,2018-04-28,Maharashtra Cricket Association Stadium,Pune,Chennai Super Kings,Mumbai Indians,Mumbai Indians,field,Mumbai Indians,0,completed,Chennai Super Kings,Mumbai Indians,Mumbai Indians,Mumbai Indians,,RG Sharma
1136588,2018,2018-04-29,Sawai Mansingh Stadium,Jaipur,Sunrisers Hyderabad,Rajasthan Royals,Sunrisers Hyderabad,bat,Sunrisers Hyderabad,1,completed,Sunrisers Hyderabad,Rajasthan Royals,Sunrisers Hyderabad,Sunrisers Hyderabad,,KS Williamson
1136589,2018,2018-04-29,M.Chinnaswamy Stadium,Bengaluru,Royal Challengers Bangalore,Kolkata Knight Riders,Kolkata Knight Riders,field,Kolkata Knight Riders,0,completed,Royal Challengers Bangalore,Kolkata Knight Riders,Kolkata Knight Riders,Kolkata Knight Riders,,CA Lynn
1136590,2018,2018-04-30,Maharashtra Cricket Association Stadium,Pune,Chennai Super Kings,Delhi Capitals,Delhi Capitals,field,Chennai Super Kings,1,completed,Chennai Super Kings,Delhi Daredevils,Delhi Daredevils,Chennai Super Kings,,SR Watson
1136591,2018,2018-05-01,M.Chinnaswamy Stadium,Bengaluru,Royal Challengers Bangalore,Mumbai Indians,Mumbai Indians,field,Royal Challengers Bangalore,1,completed,Royal Challengers Bangalore,Mumbai Indians,Mumbai Indians,Royal Challengers Bangalore,,TG Southee
1136592,2018,2018-05-02,Arun Jaitley Stadium,Delhi,Delhi Capitals,Rajasthan Royals,Rajasthan Royals,field,Delhi Capitals,1,completed,Delhi Daredevils,Rajasthan Royals,Rajasthan Royals,Delhi Daredevils,,RR Pant
1136593,2018,2018-05-03,Eden Gardens,Kolkata,Chennai Super Kings,Kolkata Knight Riders,Kolkata Knight Riders,field,Kolkata Knight Riders,0,completed,Chennai Super Kings,Kolkata Knight Riders,Kolkata Knight Riders,Kolkata Knight Riders,,SP Narine
1136594,2018,2018-05-04,Holkar Cricket Stadium,Indore,Punjab Kings,Mumbai Indians,Mumbai Indians,field,Mumbai Indians,0,completed,Kings XI Punjab,Mumbai Indians,Mumbai Indians,Mumbai Indians,,SA Yadav
1136595,2018,2018-05-05,Maharashtra Cricket Association Stadium,Pune,Royal Challengers Bangalore,Chennai Super Kings,Chennai Super Kings,field,Chennai Super Kings,0,completed,Royal Challengers Bangalore,Chennai Super Kings,Chennai Super Kings,Chennai Super Kings,,RA Jadeja
1136596,2018,2018-05-05,Rajiv Gandhi International Stadium,Hyderabad,Delhi Capitals,Sunrisers Hyderabad,Delhi Capitals,bat,Sunrisers Hyderabad,0,completed,Delhi Daredevils,Sunrisers Hyderabad,Delhi Daredevils,Sunrisers Hyderabad,,Rashid Khan
1136597,2018,2018-05-06,Wankhede Stadium,Mumbai,Mumbai Indians,Kolkata Knight Riders,Kolkata Knight Riders,field,Mumbai Indians,1,completed,Mumbai Indians,Kolkata Knight Riders,Kolkata Knight Riders,Mumbai Indians,,HH Pandya
1136598,2018,2018-05-06,Holkar Cricket Stadium,Indore,Rajasthan Royals,Punjab Kings,Punjab Kings,field,Punjab Kings,0,completed,Rajasthan Royals,Kings XI Punjab,Kings XI Punjab,Kings XI Punjab,,Mujeeb Ur Rahman
1136599,2018,2018-05-07,Rajiv Gandhi International Stadium,Hyderabad,Sunrisers Hyderabad,Royal Challengers Bangalore,Royal Challengers Bangalore,field,Sunrisers Hyderabad,1,completed,Sunrisers Hyderabad,Royal Challengers Bangalore,Royal Challengers Bangalore,Sunrisers Hyderabad,,KS Williamson
1136600,2018,2018-05-08,Sawai Mansingh Stadium,Jaipur,Rajasthan Royals,Punjab Kings,Rajasthan Royals,bat,Rajasthan Royals,1,completed,Rajasthan Royals,Kings XI Punjab,Rajasthan Royals,Rajasthan Royals,,JC Buttler
1136601,2018,2018-05-09,Eden Gardens,Kolkata,Mumbai Indians,Kolkata Knight Riders,Kolkata Knight Riders,field,Mumbai Indians,1,completed,Mumbai Indians,Kolkata Knight Riders,Kolkata Knight Riders,Mumbai Indians,,Ishan Kishan
1136602,2018,2018-05-10,Arun Jaitley Stadium,Delhi,Delhi Capitals,Sunrisers Hyderabad,Delhi Capitals,bat,Sunrisers Hyderabad,0,completed,Delhi Daredevils,Sunrisers Hyderabad,Delhi Daredevils,Sunrisers Hyderabad,,S Dhawan
1136603,2018,2018-05-11,Sawai Mansingh Stadium,Jaipur,Chennai Super Kings,Rajasthan Royals,Chennai Super Kings,bat,Rajasthan Royals,0,completed,Chennai Super Kings,Rajasthan Royals,Chennai Super Kings,Rajasthan Royals,,JC Buttler
1136604,2018,2018-05-12,Holkar Cricket Stadium,Indore,Kolkata Knight Riders,Punjab Kings,Punjab Kings,field,Kolkata Knight Riders,1,completed,Kolkata Knight Riders,Kings XI Punjab,Kings XI Punjab,Kolkata Knight Riders,,SP Narine
1136605,2018,2018-05-12,Arun Jaitley Stadium,Delhi,Delhi Capitals,Royal Challengers Bangalore,Royal Challengers Bangalore,field,Royal Challengers Bangalore,0,completed,Delhi Daredevils,Royal Challengers Bangalore,Royal Challengers Bangalore,Royal Challengers Bangalore,,AB de Villiers
1136606,2018,2018-05-13,Maharashtra Cricket Association Stadium,Pune,Sunrisers Hyderabad,Chennai Super Kings,Chennai Super Kings,field,Chennai Super Kings,0,completed,Sunrisers Hyderabad,Chennai Super Kings,Chennai Super Kings,Chennai Super Kings,,AT Rayudu
1136607,2018,2018-05-13,Wankhede Stadium,Mumbai,Mumbai Indians,Rajasthan Royals,Rajasthan Royals,field,Rajasthan Royals,0,completed,Mumbai Indians,Rajasthan Royals,Rajasthan Royals,Rajasthan Royals,,JC Buttler
1136608,2018,2018-05-14,Holkar Cricket Stadium,Indore,Punjab Kings,Royal Challengers Bangalore,Royal Challengers Bangalore,field,Royal Challengers Bangalore,0,completed,Kings XI Punjab,Royal Challengers Bangalore,Royal Challengers Bangalore,Royal Challengers Bangalore,,UT Yadav
1136609,2018,2018-05-15,Eden Gardens,Kolkata,Rajasthan Royals,Kolkata Knight Riders,Kolkata Knight Riders,field,Kolkata Knight Riders,0,completed,Rajasthan Royals,Kolkata Knight Riders,Kolkata Knight Riders,Kolkata Knight Riders,,Kuldeep Yadav
1136610,2018,2018-05-16,Wankhede Stadium,Mumbai,Mumbai Indians,Punjab Kings,Punjab Kings,field,Mumbai Indians,1,completed,Mumbai Indians,Kings XI Punjab,Kings XI Punjab,Mumbai Indians,,JJ Bumrah
1136611,2018,2018-05-17,M.Chinnaswamy Stadium,Bengaluru,Royal Challengers Bangalore,Sunrisers Hyderabad,Sunrisers Hyderabad,field,Royal Challengers Bangalore,1,completed,Royal Challengers Bangalore,Sunrisers Hyderabad,Sunrisers Hyderabad,Royal Challengers Bangalore,,AB de Villiers
1136612,2018,2018-05-18,Arun Jaitley Stadium,Delhi,Delhi Capitals,Chennai Super Kings,Chennai Super Kings,field,Delhi Capitals,1,completed,Delhi Daredevils,Chennai Super Kings,Chennai Super Kings,Delhi Daredevils,,HV Patel
1136613,2018,2018-05-19,Sawai Mansingh Stadium,Jaipur,Rajasthan Royals,Royal Challengers Bangalore,Rajasthan Royals,bat,Rajasthan Royals,1,completed,Rajasthan Royals,Royal Challengers Bangalore,Rajasthan Royals,Rajasthan Royals,,S Gopal
1136614,2018,2018-05-19,Rajiv Gandhi International Stadium,Hyderabad,Sunrisers Hyderabad,Kolkata Knight Riders,Sunrisers Hyderabad,bat,Kolkata Knight Riders,0,completed,Sunrisers Hyderabad,Kolkata Knight Riders,Sunrisers Hyderabad,Kolkata Knight Riders,,CA Lynn
1136615,2018,2018-05-20,Arun Jaitley Stadium,Delhi,Delhi Capitals,Mumbai Indians,Delhi Capitals,bat,Delhi Capitals,1,completed,Delhi Daredevils,Mumbai Indians,Delhi Daredevils,Delhi Daredevils,,A Mishra
1136616,2018,2018-05-20,Maharashtra Cricket Association Stadium,Pune,Punjab Kings,Chennai Super Kings,Chennai Super Kings,field,Chennai Super Kings,0,completed,Kings XI Punjab,Chennai Super Kings,Chennai Super Kings,Chennai Super Kings,,L Ngidi
1136617,2018,2018-05-22,Wankhede Stadium,Mumbai,Sunrisers Hyderabad,Chennai Super Kings,Chennai Super Kings,field,Chennai Super Kings,0,completed,Sunrisers Hyderabad,Chennai Super Kings,Chennai Super Kings,Chennai Super Kings,,F du Plessis
1136618,2018,2018-05-23,Eden Gardens,Kolkata,Kolkata Knight Riders,Rajasthan Royals,Rajasthan Royals,field,Kolkata Knight Riders,1,completed,Kolkata Knight Riders,Rajasthan Royals,Rajasthan Royals,Kolkata Knight Riders,,AD Russell
1136619,2018,2018-05-25,Eden Gardens,Kolkata,Sunrisers Hyderabad,Kolkata Knight Riders,Kolkata Knight Riders,field,Sunrisers Hyderabad,1,completed,Sunrisers Hyderabad,Kolkata Knight Riders,Kolkata Knight Riders,Sunrisers Hyderabad,,Rashid Khan
1136620,2018,2018-05-27,Wankhede Stadium,Mumbai,Sunrisers Hyderabad,Chennai Super Kings,Chennai Super Kings,field,Chennai Super Kings,0,completed,Sunrisers Hyderabad,Chennai Super Kings,Chennai Super Kings,Chennai Super Kings,,SR Watson
1175356,2019,2019-03-23,MA Chidambaram Stadium,Chennai,Royal Challengers Bangalore,Chennai Super Kings,Chennai Super Kings,field,Chennai Super Kings,0,completed,Royal Challengers Bangalore,Chennai Super Kings,Chennai Super Kings,Chennai Super Kings,,Harbhajan Singh
1175357,2019,2019-03-24,Eden Gardens,Kolkata,Sunrisers Hyderabad,Kolkata Knight Riders,Kolkata Knight Riders,field,Kolkata Knight Riders,0,completed,Sunrisers Hyderabad,Kolkata Knight Riders,Kolkata Knight Riders,Kolkata Knight Riders,,AD Russell
1175358,2019,2019-03-24,Wankhede Stadium,Mumbai,Delhi Capitals,Mumbai Indians,Mumbai Indians,field,Delhi Capitals,1,completed,Delhi Capitals,Mumbai Indians,Mumbai Indians,Delhi Capitals,,RR Pant
1175359,2019,2019-03-25,Sawai Mansingh Stadium,Jaipur,Punjab Kings,Rajasthan Royals,Rajasthan Royals,field,Punjab Kings,1,completed,Kings XI Punjab,Rajasthan Royals,Rajasthan Royals,Kings XI Punjab,,CH Gayle
1175360,2019,2019-03-26,Arun Jaitley Stadium,Delhi,Delhi Capitals,Chennai Super Kings,Delhi Capitals,bat,Chennai Super Kings,0,completed,Delhi Capitals,Chennai Super Kings,Delhi Capitals,Chennai Super Kings,,SR Watson
1175361,2019,2019-03-27,Eden Gardens,Kolkata,Kolkata Knight Riders,Punjab Kings,Punjab Kings,field,Kolkata Knight Riders,1,completed,Kolkata Knight Riders,Kings XI Punjab,Kings XI Punjab,Kolkata Knight Riders,,AD Russell
1175362,2019,2019-03-28,M.Chinnaswamy Stadium,Bengaluru,Mumbai Indians,Royal Challengers Bangalore,Royal Challengers Bangalore,field,Mumbai Indians,1,completed,Mumbai Indians,Royal Challengers Bangalore,Royal Challengers Bangalore,Mumbai Indians,,JJ Bumrah
1175363,2019,2019-03-29,Rajiv Gandhi International Stadium,Hyderabad,Rajasthan Royals,Sunrisers Hyderabad,Rajasthan Royals,bat,Sunrisers Hyderabad,0,completed,Rajasthan Royals,Sunrisers Hyderabad,Rajasthan Royals,Sunrisers Hyderabad,,Rashid Khan
1175364,2019,2019-03-30,Punjab Cricket Association IS Bindra Stadium,Chandigarh,Mumbai Indians,Punjab Kings,Punjab Kings,field,Punjab Kings,0,completed,Mumbai Indians,Kings XI Punjab,Kings XI Punjab,Kings XI Punjab,,MA Agarwal
1175365,2019,2019-03-30,Arun Jaitley Stadium,Delhi,Kolkata Knight Riders,Delhi Capitals,Delhi Capitals,field,Delhi Capitals,0,tie_with_eliminator,Kolkata Knight Riders,Delhi Capitals,Delhi Capitals,Delhi Capitals,Delhi Capitals,PP Shaw
1175366,2019,2019-03-31,Rajiv Gandhi International Stadium,Hyderabad,Sunrisers Hyderabad,Royal Challengers Bangalore,Royal Challengers Bangalore,field,Sunrisers Hyderabad,1,completed,Sunrisers Hyderabad,Royal Challengers Bangalore,Royal Challengers Bangalore,Sunrisers Hyderabad,,JM Bairstow
1175367,2019,2019-03-31,MA Chidambaram Stadium,Chennai,Chennai Super Kings,Rajasthan Royals,Rajasthan Royals,field,Chennai Super Kings,1,completed,Chennai Super Kings,Rajasthan Royals,Rajasthan Royals,Chennai Super Kings,,MS Dhoni
1175368,2019,2019-04-01,Punjab Cricket Association IS Bindra Stadium,Chandigarh,Punjab Kings,Delhi Capitals,Delhi Capitals,field,Punjab Kings,1,completed,Kings XI Punjab,Delhi Capitals,Delhi Capitals,Kings XI Punjab,,SM Curran
1175369,2019,2019-04-02,Sawai Mansingh Stadium,Jaipur,Royal Challengers Bangalore,Rajasthan Royals,Rajasthan Royals,field,Rajasthan Royals,0,completed,Royal Challengers Bangalore,Rajasthan Royals,Rajasthan Royals,Rajasthan Royals,,S Gopal
1175370,2019,2019-04-03,Wankhede Stadium,Mumbai,Mumbai Indians,Chennai Super Kings,Chennai Super Kings,field,Mumbai Indians,1,completed,Mumbai Indians,Chennai Super Kings,Chennai Super Kings,Mumbai Indians,,HH Pandya
1175371,2019,2019-04-04,Arun Jaitley Stadium,Delhi,Delhi Capitals,Sunrisers Hyderabad,Sunrisers Hyderabad,field,Sunrisers Hyderabad,0,completed,Delhi Capitals,Sunrisers Hyderabad,Sunrisers Hyderabad,Sunrisers Hyderabad,,JM Bairstow
1175372,2019,2019-04-05,M.Chinnaswamy Stadium,Bengaluru,Royal Challengers Bangalore,Kolkata Knight Riders,Kolkata Knight Riders,field,Kolkata Knight Riders,0,completed,Royal Challengers Bangalore,Kolkata Knight Riders,Kolkata Knight Riders,Kolkata Knight Riders,,AD Russell
1178393,2019,2019-04-06,MA Chidambaram Stadium,Chennai,Chennai Super Kings,Punjab Kings,Chennai Super Kings,bat,Chennai Super Kings,1,completed,Chennai Super Kings,Kings XI Punjab,Chennai Super Kings,Chennai Super Kings,,Harbhajan Singh
1178394,2019,2019-04-06,Rajiv Gandhi International Stadium,Hyderabad,Mumbai Indians,Sunrisers Hyderabad,Sunrisers Hyderabad,field,Mumbai Indians,1,completed,Mumbai Indians,Sunrisers Hyderabad,Sunrisers Hyderabad,Mumbai Indians,,AS Joseph
1178395,2019,2019-04-07,M.Chinnaswamy Stadium,Bengaluru,Royal Challengers Bangalore,Delhi Capitals,Delhi Capitals,field,Delhi Capitals,0,completed,Royal Challengers Bangalore,Delhi Capitals,Delhi Capitals,Delhi Capitals,,K Rabada
1178396,2019,2019-04-07,Sawai Mansingh Stadium,Jaipur,Rajasthan Royals,Kolkata Knight Riders,Kolkata Knight Riders,field,Kolkata Knight Riders,0,completed,Rajasthan Royals,Kolkata Knight Riders,Kolkata Knight Riders,Kolkata Knight Riders,,HF Gurney
1178397,2019,2019-04-08,Punjab Cricket Association IS Bindra Stadium,Chandigarh,Sunrisers Hyderabad,Punjab Kings,Punjab Kings,field,Punjab Kings,0,completed,Sunrisers Hyderabad,Kings XI Punjab,Kings XI Punjab,Kings XI Punjab,,KL Rahul
1178398,2019,2019-04-09,MA Chidambaram Stadium,Chennai,Kolkata Knight Riders,Chennai Super Kings,Chennai Super Kings,field,Chennai Super Kings,0,completed,Kolkata Knight Riders,Chennai Super Kings,Chennai Super Kings,Chennai Super Kings,,DL Chahar
1178399,2019,2019-04-10,Wankhede Stadium,Mumbai,Punjab Kings,Mumbai Indians,Mumbai Indians,field,Mumbai Indians,0,completed,Kings XI Punjab,Mumbai Indians,Mumbai Indians,Mumbai Indians,,KA Pollard
1178400,2019,2019-04-11,Sawai Mansingh Stadium,Jaipur,Rajasthan Royals,Chennai Super Kings,Chennai Super Kings,field,Chennai Super Kings,0,completed,Rajasthan Royals,Chennai Super Kings,Chennai Super Kings,Chennai Super Kings,,MS Dhoni
1178401,2019,2019-04-12,Eden Gardens,Kolkata,Kolkata Knight Riders,Delhi Capitals,Delhi Capitals,field,Delhi Capitals,0,completed,Kolkata Knight Riders,Delhi Capitals,Delhi Capitals,Delhi Capitals,,S Dhawan
1178402,2019,2019-04-13,Wankhede Stadium,Mumbai,Mumbai Indians,Rajasthan Royals,Rajasthan Royals,field,Rajasthan Royals,0,completed,Mumbai Indians,Rajasthan Royals,Rajasthan Royals,Rajasthan Royals,,JC Buttler
1178403,2019,2019-04-13,Punjab Cricket Association IS Bindra Stadium,Chandigarh,Punjab Kings,Royal Challengers Bangalore,Royal Challengers Bangalore,field,Royal Challengers Bangalore,0,completed,Kings XI Punjab,Royal Challengers Bangalore,Royal Challengers Bangalore,Royal Challengers Bangalore,,AB de Villiers
1178404,2019,2019-04-14,Eden Gardens,Kolkata,Kolkata Knight Riders,Chennai Super Kings,Chennai Super Kings,field,Chennai Super Kings,0,completed,Kolkata Knight Riders,Chennai Super Kings,Chennai Super Kings,Chennai Super Kings,,Imran Tahir
1178405,2019,2019-04-14,Rajiv Gandhi International Stadium,Hyderabad,Delhi Capitals,Sunrisers Hyderabad,Sunrisers Hyderabad,field,Delhi Capitals,1,completed,Delhi Capitals,Sunrisers Hyderabad,Sunrisers Hyderabad,Delhi Capitals,,KMA Paul
1178406,2019,2019-04-15,Wankhede Stadium,Mumbai,Royal Challengers Bangalore,Mumbai Indians,Mumbai Indians,field,Mumbai Indians,0,completed,Royal Challengers Bangalore,Mumbai Indians,Mumbai Indians,Mumbai Indians,,SL Malinga
1178407,2019,2019-04-16,Punjab Cricket Association IS Bindra Stadium,Chandigarh,Punjab Kings,Rajasthan Royals,Rajasthan Royals,field,Punjab Kings,1,completed,Kings XI Punjab,Rajasthan Royals,Rajasthan Royals,Kings XI Punjab,,R Ashwin
1178408,2019,2019-04-17,Rajiv Gandhi International Stadium,Hyderabad,Chennai Super Kings,Sunrisers Hyderabad,Chennai Super Kings,bat,Sunrisers Hyderabad,0,completed,Chennai Super Kings,Sunrisers Hyderabad,Chennai Super Kings,Sunrisers Hyderabad,,DA Warner
1178409,2019,2019-04-18,Arun Jaitley Stadium,Delhi,Mumbai Indians,Delhi Capitals,Mumbai Indians,bat,Mumbai Indians,1,completed,Mumbai Indians,Delhi Capitals,Mumbai Indians,Mumbai Indians,,HH Pandya
1178410,2019,2019-04-19,Eden Gardens,Kolkata,Royal Challengers Bangalore,Kolkata Knight Riders,Kolkata Knight Riders,field,Royal Challengers Bangalore,1,completed,Royal Challengers Bangalore,Kolkata Knight Riders,Kolkata Knight Riders,Royal Challengers Bangalore,,V Kohli
1178411,2019,2019-04-20,Sawai Mansingh Stadium,Jaipur,Mumbai Indians,Rajasthan Royals,Rajasthan Royals,field,Rajasthan Royals,0,completed,Mumbai Indians,Rajasthan Royals,Rajasthan Royals,Rajasthan Royals,,SPD Smith
1178412,2019,2019-04-20,Arun Jaitley Stadium,Delhi,Punjab Kings,Delhi Capitals,Delhi Capitals,field,Delhi Capitals,0,completed,Kings XI Punjab,Delhi Capitals,Delhi Capitals,Delhi Capitals,,SS Iyer
1178413,2019,2019-04-21,Rajiv Gandhi International Stadium,Hyderabad,Kolkata Knight Riders,Sunrisers Hyderabad,Sunrisers Hyderabad,field,Sunrisers Hyderabad,0,completed,Kolkata Knight Riders,Sunrisers Hyderabad,Sunrisers Hyderabad,Sunrisers Hyderabad,,KK Ahmed
1178414,2019,2019-04-21,M.Chinnaswamy Stadium,Bengaluru,Royal Challengers Bangalore,Chennai Super Kings,Chennai Super Kings,field,Royal Challengers Bangalore,1,completed,Royal Challengers Bangalore,Chennai Super Kings,Chennai Super Kings,Royal Challengers Bangalore,,PA Patel
1178415,2019,2019-04-22,Sawai Mansingh Stadium,Jaipur,Rajasthan Royals,Delhi Capitals,Delhi Capitals,field,Delhi Capitals,0,completed,Rajasthan Royals,Delhi Capitals,Delhi Capitals,Delhi Capitals,,RR Pant
1178416,2019,2019-04-23,MA Chidambaram Stadium,Chennai,Sunrisers Hyderabad,Chennai Super Kings,Chennai Super Kings,field,Chennai Super Kings,0,completed,Sunrisers Hyderabad,Chennai Super Kings,Chennai Super Kings,Chennai Super Kings,,SR Watson
1178417,2019,2019-04-24,M.Chinnaswamy Stadium,Bengaluru,Royal Challengers Bangalore,Punjab Kings,Punjab Kings,field,Royal Challengers Bangalore,1,completed,Royal Challengers Bangalore,Kings XI Punjab,Kings XI Punjab,Royal Challengers Bangalore,,AB de Villiers
1178418,2019,2019-04-25,Eden Gardens,Kolkata,Kolkata Knight Riders,Rajasthan Royals,Rajasthan Royals,field,Rajasthan Royals,0,completed,Kolkata Knight Riders,Rajasthan Royals,Rajasthan Royals,Rajasthan Royals,,VR Aaron
1178419,2019,2019-04-26,MA Chidambaram Stadium,Chennai,Mumbai Indians,Chennai Super Kings,Chennai Super Kings,field,Mumbai Indians,1,completed,Mumbai Indians,Chennai Super Kings,Chennai Super Kings,Mumbai Indians,,RG Sharma
1178420,2019,2019-04-27,Sawai Mansingh Stadium,Jaipur,Sunrisers Hyderabad,Rajasthan Royals,Rajasthan Royals,field,Rajasthan Royals,0,completed,Sunrisers Hyderabad,Rajasthan Royals,Rajasthan Royals,Rajasthan Royals,,JD Unadkat
1178421,2019,2019-04-28,Arun Jaitley Stadium,Delhi,Delhi Capitals,Royal Challengers Bangalore,Delhi Capitals,bat,Delhi Capitals,1,completed,Delhi Capitals,Royal Challengers Bangalore,Delhi Capitals,Delhi Capitals,,S Dhawan
1178422,2019,2019-04-28,Eden Gardens,Kolkata,Kolkata Knight Riders,Mumbai Indians,Mumbai Indians,field,Kolkata Knight Riders,1,completed,Kolkata Knight Riders,Mumbai Indians,Mumbai Indians,Kolkata Knight Riders,,AD Russell
1178423,2019,2019-04-29,Rajiv Gandhi International Stadium,Hyderabad,Sunrisers Hyderabad,Punjab Kings,Punjab Kings,field,Sunrisers Hyderabad,1,completed,Sunrisers Hyderabad,Kings XI Punjab,Kings XI Punjab,Sunrisers Hyderabad,,DA Warner
1178425,2019,2019-05-01,MA Chidambaram Stadium,Chennai,Chennai Super Kings,Delhi Capitals,Delhi Capitals,field,Chennai Super Kings,1,completed,Chennai Super Kings,Delhi Capitals,Delhi Capitals,Chennai Super Kings,,MS Dhoni
1178426,2019,2019-05-02,Wankhede Stadium,Mumbai,Mumbai Indians,Sunrisers Hyderabad,Mumbai Indians,bat,Mumbai Indians,1,tie_with_eliminator,Mumbai Indians,Sunrisers Hyderabad,Mumbai Indians,Mumbai Indians,Mumbai Indians,JJ Bumrah
1178427,2019,2019-05-03,Punjab Cricket Association IS Bindra Stadium,Chandigarh,Punjab Kings,Kolkata Knight Riders,Kolkata Knight Riders,field,Kolkata Knight Riders,0,completed,Kings XI Punjab,Kolkata Knight Riders,Kolkata Knight Riders,Kolkata Knight Riders,,Shubman Gill
1178428,2019,2019-05-04,Arun Jaitley Stadium,Delhi,Rajasthan Royals,Delhi Capitals,Rajasthan Royals,bat,Delhi Capitals,0,completed,Rajasthan Royals,Delhi Capitals,Rajasthan Royals,Delhi Capitals,,A Mishra
1178429,2019,2019-05-04,M.Chinnaswamy Stadium,Bengaluru,Sunrisers Hyderabad,Royal Challengers Bangalore,Royal Challengers Bangalore,field,Royal Challengers Bangalore,0,completed,Sunrisers Hyderabad,Royal Challengers Bangalore,Royal Challengers Bangalore,Royal Challengers Bangalore,,SO Hetmyer
1178430,2019,2019-05-05,Punjab Cricket Association IS Bindra Stadium,Chandigarh,Chennai Super Kings,Punjab Kings,Punjab Kings,field,Punjab Kings,0,completed,Chennai Super Kings,Kings XI Punjab,Kings XI Punjab,Kings XI Punjab,,KL Rahul
1178431,2019,2019-05-05,Wankhede Stadium,Mumbai,Kolkata Knight Riders,Mumbai Indians,Mumbai Indians,field,Mumbai Indians,0,completed,Kolkata Knight Riders,Mumbai Indians,Mumbai Indians,Mumbai Indians,,HH Pandya
1181764,2019,2019-05-07,MA Chidambaram Stadium,Chennai,Chennai Super Kings,Mumbai Indians,Chennai Super Kings,bat,Mumbai Indians,0,completed,Chennai Super Kings,Mumbai Indians,Chennai Super Kings,Mumbai Indians,,SA Yadav
1181766,2019,2019-05-08,Dr. Y.S. Rajasekhara Reddy ACA-VDCA Cricket Stadium,Visakhapatnam,Sunrisers Hyderabad,Delhi Capitals,Delhi Capitals,field,Delhi Capitals,0,completed,Sunrisers Hyderabad,Delhi Capitals,Delhi Capitals,Delhi Capitals,,RR Pant
1181767,2019,2019-05-10,Dr. Y.S. Rajasekhara Reddy ACA-VDCA Cricket Stadium,Visakhapatnam,Delhi Capitals,Chennai Super Kings,Chennai Super Kings,field,Chennai Super Kings,0,completed,Delhi Capitals,Chennai Super Kings,Chennai Super Kings,Chennai Super Kings,,F du Plessis
1181768,2019,2019-05-12,Rajiv Gandhi International Stadium,Hyderabad,Mumbai Indians,Chennai Super Kings,Mumbai Indians,bat,Mumbai Indians,1,completed,Mumbai Indians,Chennai Super Kings,Mumbai Indians,Mumbai Indians,,JJ Bumrah
1216492,2020/21,2020-09-19,Sheikh Zayed Stadium,Abu Dhabi,Mumbai Indians,Chennai Super Kings,Chennai Super Kings,field,Chennai Super Kings,0,completed,Mumbai Indians,Chennai Super Kings,Chennai Super Kings,Chennai Super Kings,,AT Rayudu
1216493,2020/21,2020-09-20,Dubai International Cricket Stadium,,Delhi Capitals,Punjab Kings,Punjab Kings,field,Delhi Capitals,1,tie_with_eliminator,Delhi Capitals,Kings XI Punjab,Kings XI Punjab,Delhi Capitals,Delhi Capitals,MP Stoinis
1216534,2020/21,2020-09-21,Dubai International Cricket Stadium,,Royal Challengers Bangalore,Sunrisers Hyderabad,Sunrisers Hyderabad,field,Royal Challengers Bangalore,1,completed,Royal Challengers Bangalore,Sunrisers Hyderabad,Sunrisers Hyderabad,Royal Challengers Bangalore,,YS Chahal
1216496,2020/21,2020-09-22,Sharjah Cricket Stadium,,Rajasthan Royals,Chennai Super Kings,Chennai Super Kings,field,Rajasthan Royals,1,completed,Rajasthan Royals,Chennai Super Kings,Chennai Super Kings,Rajasthan Royals,,SV Samson
1216508,2020/21,2020-09-23,Sheikh Zayed Stadium,Abu Dhabi,Mumbai Indians,Kolkata Knight Riders,Kolkata Knight Riders,field,Mumbai Indians,1,completed,Mumbai Indians,Kolkata Knight Riders,Kolkata Knight Riders,Mumbai Indians,,RG Sharma
1216510,2020/21,2020-09-24,Dubai International Cricket Stadium,,Punjab Kings,Royal Challengers Bangalore,Royal Challengers Bangalore,field,Punjab Kings,1,completed,Kings XI Punjab,Royal Challengers Bangalore,Royal Challengers Bangalore,Kings XI Punjab,,KL Rahul
1216539,2020/21,2020-09-25,Dubai International Cricket Stadium,,Delhi Capitals,Chennai Super Kings,Chennai Super Kings,field,Delhi Capitals,1,completed,Delhi Capitals,Chennai Super Kings,Chennai Super Kings,Delhi Capitals,,PP Shaw
1216545,2020/21,2020-09-26,Sheikh Zayed Stadium,Abu Dhabi,Sunrisers Hyderabad,Kolkata Knight Riders,Sunrisers Hyderabad,bat,Kolkata Knight Riders,0,completed,Sunrisers Hyderabad,Kolkata Knight Riders,Sunrisers Hyderabad,Kolkata Knight Riders,,Shubman Gill
1216527,2020/21,2020-09-27,Sharjah Cricket Stadium,,Punjab Kings,Rajasthan Royals,Rajasthan Royals,field,Rajasthan Royals,0,completed,Kings XI Punjab,Rajasthan Royals,Rajasthan Royals,Rajasthan Royals,,SV Samson
1216547,2020/21,2020-09-28,Dubai International Cricket Stadium,,Royal Challengers Bangalore,Mumbai Indians,Mumbai Indians,field,Royal Challengers Bangalore,1,tie_with_eliminator,Royal Challengers Bangalore,Mumbai Indians,Mumbai Indians,Royal Challengers Bangalore,Royal Challengers Bangalore,AB de Villiers
1216532,2020/21,2020-09-29,Sheikh Zayed Stadium,Abu Dhabi,Sunrisers Hyderabad,Delhi Capitals,Delhi Capitals,field,Sunrisers Hyderabad,1,completed,Sunrisers Hyderabad,Delhi Capitals,Delhi Capitals,Sunrisers Hyderabad,,Rashid Khan
1216504,2020/21,2020-09-30,Dubai International Cricket Stadium,,Kolkata Knight Riders,Rajasthan Royals,Rajasthan Royals,field,Kolkata Knight Riders,1,completed,Kolkata Knight Riders,Rajasthan Royals,Rajasthan Royals,Kolkata Knight Riders,,Shivam Mavi
1216503,2020/21,2020-10-01,Sheikh Zayed Stadium,Abu Dhabi,Mumbai Indians,Punjab Kings,Punjab Kings,field,Mumbai Indians,1,completed,Mumbai Indians,Kings XI Punjab,Kings XI Punjab,Mumbai Indians,,KA Pollard
1216516,2020/21,2020-10-02,Dubai International Cricket Stadium,,Sunrisers Hyderabad,Chennai Super Kings,Sunrisers Hyderabad,bat,Sunrisers Hyderabad,1,completed,Sunrisers Hyderabad,Chennai Super Kings,Sunrisers Hyderabad,Sunrisers Hyderabad,,PK Garg
1216514,2020/21,2020-10-03,Sheikh Zayed Stadium,Abu Dhabi,Rajasthan Royals,Royal Challengers Bangalore,Rajasthan Royals,bat,Royal Challengers Bangalore,0,completed,Rajasthan Royals,Royal Challengers Bangalore,Rajasthan Royals,Royal Challengers Bangalore,,YS Chahal
1216515,2020/21,2020-10-03,Sharjah Cricket Stadium,,Delhi Capitals,Kolkata Knight Riders,Kolkata Knight Riders,field,Delhi Capitals,1,completed,Delhi Capitals,Kolkata Knight Riders,Kolkata Knight Riders,Delhi Capitals,,SS Iyer
1216513,2020/21,2020-10-04,Dubai International Cricket Stadium,,Punjab Kings,Chennai Super Kings,Punjab Kings,bat,Chennai Super Kings,0,completed,Kings XI Punjab,Chennai Super Kings,Kings XI Punjab,Chennai Super Kings,,SR Watson
1216538,2020/21,2020-10-04,Sharjah Cricket Stadium,,Mumbai Indians,Sunrisers Hyderabad,Mumbai Indians,bat,Mumbai Indians,1,completed,Mumbai Indians,Sunrisers Hyderabad,Mumbai Indians,Mumbai Indians,,TA Boult
1216519,2020/21,2020-10-05,Dubai International Cricket Stadium,,Delhi Capitals,Royal Challengers Bangalore,Royal Challengers Bangalore,field,Delhi Capitals,1,completed,Delhi Capitals,Royal Challengers Bangalore,Royal Challengers Bangalore,Delhi Capitals,,AR Patel
1216511,2020/21,2020-10-06,Sheikh Zayed Stadium,Abu Dhabi,Mumbai Indians,Rajasthan Royals,Mumbai Indians,bat,Mumbai Indians,1,completed,Mumbai Indians,Rajasthan Royals,Mumbai Indians,Mumbai Indians,,SA Yadav
1216501,2020/21,2020-10-07,Sheikh Zayed Stadium,Abu Dhabi,Kolkata Knight Riders,Chennai Super Kings,Kolkata Knight Riders,bat,Kolkata Knight Riders,1,completed,Kolkata Knight Riders,Chennai Super Kings,Kolkata Knight Riders,Kolkata Knight Riders,,RA Tripathi
1216542,2020/21,2020-10-08,Dubai International Cricket Stadium,,Sunrisers Hyderabad,Punjab Kings,Sunrisers Hyderabad,bat,Sunrisers Hyderabad,1,completed,Sunrisers Hyderabad,Kings XI Punjab,Sunrisers Hyderabad,Sunrisers Hyderabad,,JM Bairstow
1216500,2020/21,2020-10-09,Sharjah Cricket Stadium,,Delhi Capitals,Rajasthan Royals,Rajasthan Royals,field,Delhi Capitals,1,completed,Delhi Capitals,Rajasthan Royals,Rajasthan Royals,Delhi Capitals,,R Ashwin
1216523,2020/21,2020-10-10,Sheikh Zayed Stadium,Abu Dhabi,Kolkata Knight Riders,Punjab Kings,Kolkata Knight Riders,bat,Kolkata Knight Riders,1,completed,Kolkata Knight Riders,Kings XI Punjab,Kolkata Knight Riders,Kolkata Knight Riders,,KD Karthik
1216525,2020/21,2020-10-10,Dubai International Cricket Stadium,,Royal Challengers Bangalore,Chennai Super Kings,Royal Challengers Bangalore,bat,Royal Challengers Bangalore,1,completed,Royal Challengers Bangalore,Chennai Super Kings,Royal Challengers Bangalore,Royal Challengers Bangalore,,V Kohli
1216507,2020/21,2020-10-11,Dubai International Cricket Stadium,,Sunrisers Hyderabad,Rajasthan Royals,Sunrisers Hyderabad,bat,Rajasthan Royals,0,completed,Sunrisers Hyderabad,Rajasthan Royals,Sunrisers Hyderabad,Rajasthan Royals,,R Tewatia
1216529,2020/21,2020-10-11,Sheikh Zayed Stadium,Abu Dhabi,Delhi Capitals,Mumbai Indians,Delhi Capitals,bat,Mumbai Indians,0,completed,Delhi Capitals,Mumbai Indians,Delhi Capitals,Mumbai Indians,,Q de Kock
1216540,2020/21,2020-10-12,Sharjah Cricket Stadium,,Royal Challengers Bangalore,Kolkata Knight Riders,Royal Challengers Bangalore,bat,Royal Challengers Bangalore,1,completed,Royal Challengers Bangalore,Kolkata Knight Riders,Royal Challengers Bangalore,Royal Challengers Bangalore,,AB de Villiers
1216528,2020/21,2020-10-13,Dubai International Cricket Stadium,,Chennai Super Kings,Sunrisers Hyderabad,Chennai Super Kings,bat,Chennai Super Kings,1,completed,Chennai Super Kings,Sunrisers Hyderabad,Chennai Super Kings,Chennai Super Kings,,RA Jadeja
1216543,2020/21,2020-10-14,Dubai International Cricket Stadium,,Delhi Capitals,Rajasthan Royals,Delhi Capitals,bat,Delhi Capitals,1,completed,Delhi Capitals,Rajasthan Royals,Delhi Capitals,Delhi Capitals,,A Nortje
1216531,2020/21,2020-10-15,Sharjah Cricket Stadium,,Royal Challengers Bangalore,Punjab Kings,Royal Challengers Bangalore,bat,Punjab Kings,0,completed,Royal Challengers Bangalore,Kings XI Punjab,Royal Challengers Bangalore,Kings XI Punjab,,KL Rahul
1216526,2020/21,2020-10-16,Sheikh Zayed Stadium,Abu Dhabi,Kolkata Knight Riders,Mumbai Indians,Kolkata Knight Riders,bat,Mumbai Indians,0,completed,Kolkata Knight Riders,Mumbai Indians,Kolkata Knight Riders,Mumbai Indians,,Q de Kock
1216509,2020/21,2020-10-17,Sharjah Cricket Stadium,,Chennai Super Kings,Delhi Capitals,Chennai Super Kings,bat,Delhi Capitals,0,completed,Chennai Super Kings,Delhi Capitals,Chennai Super Kings,Delhi Capitals,,S Dhawan
1216522,2020/21,2020-10-17,Dubai International Cricket Stadium,,Rajasthan Royals,Royal Challengers Bangalore,Rajasthan Royals,bat,Royal Challengers Bangalore,0,completed,Rajasthan Royals,Royal Challengers Bangalore,Rajasthan Royals,Royal Challengers Bangalore,,AB de Villiers
1216512,2020/21,2020-10-18,Sheikh Zayed Stadium,Abu Dhabi,Kolkata Knight Riders,Sunrisers Hyderabad,Sunrisers Hyderabad,field,Kolkata Knight Riders,1,tie_with_eliminator,Kolkata Knight Riders,Sunrisers Hyderabad,Sunrisers Hyderabad,Kolkata Knight Riders,Kolkata Knight Riders,LH Ferguson
1216517,2020/21,2020-10-18,Dubai International Cricket Stadium,,Mumbai Indians,Punjab Kings,Mumbai Indians,bat,Punjab Kings,0,tie_with_eliminator,Mumbai Indians,Kings XI Punjab,Mumbai Indians,Kings XI Punjab,Kings XI Punjab,KL Rahul
1216533,2020/21,2020-10-19,Sheikh Zayed Stadium,Abu Dhabi,Chennai Super Kings,Rajasthan Royals,Chennai Super Kings,bat,Rajasthan Royals,0,completed,Chennai Super Kings,Rajasthan Royals,Chennai Super Kings,Rajasthan Royals,,JC Buttler
1216546,2020/21,2020-10-20,Dubai International Cricket Stadium,,Delhi Capitals,Punjab Kings,Delhi Capitals,bat,Punjab Kings,0,completed,Delhi Capitals,Kings XI Punjab,Delhi Capitals,Kings XI Punjab,,S Dhawan
1216494,2020/21,2020-10-21,Sheikh Zayed Stadium,Abu Dhabi,Kolkata Knight Riders,Royal Challengers Bangalore,Kolkata Knight Riders,bat,Royal Challengers Bangalore,0,completed,Kolkata Knight Riders,Royal Challengers Bangalore,Kolkata Knight Riders,Royal Challengers Bangalore,,Mohammed Siraj
1216518,2020/21,2020-10-22,Dubai International Cricket Stadium,,Rajasthan Royals,Sunrisers Hyderabad,Sunrisers Hyderabad,field,Sunrisers Hyderabad,0,completed,Rajasthan Royals,Sunrisers Hyderabad,Sunrisers Hyderabad,Sunrisers Hyderabad,,MK Pandey
1216521,2020/21,2020-10-23,Sharjah Cricket Stadium,,Chennai Super Kings,Mumbai Indians,Mumbai Indians,field,Mumbai Indians,0,completed,Chennai Super Kings,Mumbai Indians,Mumbai Indians,Mumbai Indians,,TA Boult
1216497,2020/21,2020-10-24,Sheikh Zayed Stadium,Abu Dhabi,Kolkata Knight Riders,Delhi Capitals,Delhi Capitals,field,Kolkata Knight Riders,1,completed,Kolkata Knight Riders,Delhi Capitals,Delhi Capitals,Kolkata Knight Riders,,CV Varun
1216498,2020/21,2020-10-24,Dubai International Cricket Stadium,,Punjab Kings,Sunrisers Hyderabad,Sunrisers Hyderabad,field,Punjab Kings,1,completed,Kings XI Punjab,Sunrisers Hyderabad,Sunrisers Hyderabad,Kings XI Punjab,,CJ Jordan
1216541,2020/21,2020-10-25,Sheikh Zayed Stadium,Abu Dhabi,Mumbai Indians,Rajasthan Royals,Mumbai Indians,bat,Rajasthan Royals,0,completed,Mumbai Indians,Rajasthan Royals,Mumbai Indians,Rajasthan Royals,,BA Stokes
1216544,2020/21,2020-10-25,Dubai International Cricket Stadium,,Royal Challengers Bangalore,Chennai Super Kings,Royal Challengers Bangalore,bat,Chennai Super Kings,0,completed,Royal Challengers Bangalore,Chennai Super Kings,Royal Challengers Bangalore,Chennai Super Kings,,RD Gaikwad
1216520,2020/21,2020-10-26,Sharjah Cricket Stadium,,Kolkata Knight Riders,Punjab Kings,Punjab Kings,field,Punjab Kings,0,completed,Kolkata Knight Riders,Kings XI Punjab,Kings XI Punjab,Kings XI Punjab,,CH Gayle
1216524,2020/21,2020-10-27,Dubai International Cricket Stadium,,Sunrisers Hyderabad,Delhi Capitals,Delhi Capitals,field,Sunrisers Hyderabad,1,completed,Sunrisers Hyderabad,Delhi Capitals,Delhi Capitals,Sunrisers Hyderabad,,WP Saha
1216499,2020/21,2020-10-28,Sheikh Zayed Stadium,Abu Dhabi,Royal Challengers Bangalore,Mumbai Indians,Mumbai Indians,field,Mumbai Indians,0,completed,Royal Challengers Bangalore,Mumbai Indians,Mumbai Indians,Mumbai Indians,,SA Yadav
1216536,2020/21,2020-10-29,Dubai International Cricket Stadium,,Kolkata Knight Riders,Chennai Super Kings,Chennai Super Kings,field,Chennai Super Kings,0,completed,Kolkata Knight Riders,Chennai Super Kings,Chennai Super Kings,Chennai Super Kings,,RD Gaikwad
1216537,2020/21,2020-10-30,Sheikh Zayed Stadium,Abu Dhabi,Punjab Kings,Rajasthan Royals,Rajasthan Royals,field,Rajasthan Royals,0,completed,Kings XI Punjab,Rajasthan Royals,Rajasthan Royals,Rajasthan Royals,,BA Stokes
1216502,2020/21,2020-10-31,Sharjah Cricket Stadium,,Royal Challengers Bangalore,Sunrisers Hyderabad,Sunrisers Hyderabad,field,Sunrisers Hyderabad,0,completed,Royal Challengers Bangalore,Sunrisers Hyderabad,Sunrisers Hyderabad,Sunrisers Hyderabad,,Sandeep Sharma
1216535,2020/21,2020-10-31,Dubai International Cricket Stadium,,Delhi Capitals,Mumbai Indians,Mumbai Indians,field,Mumbai Indians,0,completed,Delhi Capitals,Mumbai Indians,Mumbai Indians,Mumbai Indians,,Ishan Kishan
1216506,2020/21,2020-11-01,Sheikh Zayed Stadium,Abu Dhabi,Punjab Kings,Chennai Super Kings,Chennai Super Kings,field,Chennai Super Kings,0,completed,Kings XI Punjab,Chennai Super Kings,Chennai Super Kings,Chennai Super Kings,,RD Gaikwad
1216530,2020/21,2020-11-01,Dubai International Cricket Stadium,,Kolkata Knight Riders,Rajasthan Royals,Rajasthan Royals,field,Kolkata Knight Riders,1,completed,Kolkata Knight Riders,Rajasthan Royals,Rajasthan Royals,Kolkata Knight Riders,,PJ Cummins
1216505,2020/21,2020-11-02,Sheikh Zayed Stadium,Abu Dhabi,Royal Challengers Bangalore,Delhi Capitals,Delhi Capitals,field,Delhi Capitals,0,completed,Royal Challengers Bangalore,Delhi Capitals,Delhi Capitals,Delhi Capitals,,A Nortje
1216495,2020/21,2020-11-03,Sharjah Cricket Stadium,,Mumbai Indians,Sunrisers Hyderabad,Sunrisers Hyderabad,field,Sunrisers Hyderabad,0,completed,Mumbai Indians,Sunrisers Hyderabad,Sunrisers Hyderabad,Sunrisers Hyderabad,,S Nadeem
1237177,2020/21,2020-11-05,Dubai International Cricket Stadium,,Mumbai Indians,Delhi Capitals,Delhi Capitals,field,Mumbai Indians,1,completed,Mumbai Indians,Delhi Capitals,Delhi Capitals,Mumbai Indians,,JJ Bumrah
1237178,2020/21,2020-11-06,Sheikh Zayed Stadium,Abu Dhabi,Royal Challengers Bangalore,Sunrisers Hyderabad,Sunrisers Hyderabad,field,Sunrisers Hyderabad,0,completed,Royal Challengers Bangalore,Sunrisers Hyderabad,Sunrisers Hyderabad,Sunrisers Hyderabad,,KS Williamson
1237180,2020/21,2020-11-08,Sheikh Zayed Stadium,Abu Dhabi,Delhi Capitals,Sunrisers Hyderabad,Delhi Capitals,bat,Delhi Capitals,1,completed,Delhi Capitals,Sunrisers Hyderabad,Delhi Capitals,Delhi Capitals,,MP Stoinis
1237181,2020/21,2020-11-10,Dubai International Cricket Stadium,,Delhi Capitals,Mumbai Indians,Delhi Capitals,bat,Mumbai Indians,0,completed,Delhi Capitals,Mumbai Indians,Delhi Capitals,Mumbai Indians,,TA Boult
1254058,2021,2021-04-09,"MA Chidambaram Stadium, Chepauk, Chennai",Chennai,Mumbai Indians,Royal Challengers Bangalore,Royal Challengers Bangalore,field,Royal Challengers Bangalore,0,completed,Mumbai Indians,Royal Challengers Bangalore,Royal Challengers Bangalore,Royal Challengers Bangalore,,HV Patel
1254059,2021,2021-04-10,"Wankhede Stadium, Mumbai",Mumbai,Chennai Super Kings,Delhi Capitals,Delhi Capitals,field,Delhi Capitals,0,completed,Chennai Super Kings,Delhi Capitals,Delhi Capitals,Delhi Capitals,,S Dhawan
1254060,2021,2021-04-11,"MA Chidambaram Stadium, Chepauk, Chennai",Chennai,Kolkata Knight Riders,Sunrisers Hyderabad,Sunrisers Hyderabad,field,Kolkata Knight Riders,1,completed,Kolkata Knight Riders,Sunrisers Hyderabad,Sunrisers Hyderabad,Kolkata Knight Riders,,N Rana
1254061,2021,2021-04-12,"Wankhede Stadium, Mumbai",Mumbai,Punjab Kings,Rajasthan Royals,Rajasthan Royals,field,Punjab Kings,1,completed,Punjab Kings,Rajasthan Royals,Rajasthan Royals,Punjab Kings,,SV Samson
1254062,2021,2021-04-13,"MA Chidambaram Stadium, Chepauk, Chennai",Chennai,Mumbai Indians,Kolkata Knight Riders,Kolkata Knight Riders,field,Mumbai Indians,1,completed,Mumbai Indians,Kolkata Knight Riders,Kolkata Knight Riders,Mumbai Indians,,RD Chahar
1254063,2021,2021-04-14,"MA Chidambaram Stadium, Chepauk, Chennai",Chennai,Royal Challengers Bangalore,Sunrisers Hyderabad,Sunrisers Hyderabad,field,Royal Challengers Bangalore,1,completed,Royal Challengers Bangalore,Sunrisers Hyderabad,Sunrisers Hyderabad,Royal Challengers Bangalore,,GJ Maxwell
1254064,2021,2021-04-15,"Wankhede Stadium, Mumbai",Mumbai,Delhi Capitals,Rajasthan Royals,Rajasthan Royals,field,Rajasthan Royals,0,completed,Delhi Capitals,Rajasthan Royals,Rajasthan Royals,Rajasthan Royals,,JD Unadkat
1254065,2021,2021-04-16,"Wankhede Stadium, Mumbai",Mumbai,Punjab Kings,Chennai Super Kings,Chennai Super Kings,field,Chennai Super Kings,0,completed,Punjab Kings,Chennai Super Kings,Chennai Super Kings,Chennai Super Kings,,DL Chahar
1254066,2021,2021-04-17,"MA Chidambaram Stadium, Chepauk, Chennai",Chennai,Mumbai Indians,Sunrisers Hyderabad,Mumbai Indians,bat,Mumbai Indians,1,completed,Mumbai Indians,Sunrisers Hyderabad,Mumbai Indians,Mumbai Indians,,KA Pollard
1254067,2021,2021-04-18,"MA Chidambaram Stadium, Chepauk, Chennai",Chennai,Royal Challengers Bangalore,Kolkata Knight Riders,Royal Challengers Bangalore,bat,Royal Challengers Bangalore,1,completed,Royal Challengers Bangalore,Kolkata Knight Riders,Royal Challengers Bangalore,Royal Challengers Bangalore,,AB de Villiers
1254068,2021,2021-04-18,"Wankhede Stadium, Mumbai",Mumbai,Punjab Kings,Delhi Capitals,Delhi Capitals,field,Delhi Capitals,0,completed,Punjab Kings,Delhi Capitals,Delhi Capitals,Delhi Capitals,,S Dhawan
1254069,2021,2021-04-19,"Wankhede Stadium, Mumbai",Mumbai,Chennai Super Kings,Rajasthan Royals,Rajasthan Royals,field,Chennai Super Kings,1,completed,Chennai Super Kings,Rajasthan Royals,Rajasthan Royals,Chennai Super Kings,,MM Ali
1254070,2021,2021-04-20,"MA Chidambaram Stadium, Chepauk, Chennai",Chennai,Mumbai Indians,Delhi Capitals,Mumbai Indians,bat,Delhi Capitals,0,completed,Mumbai Indians,Delhi Capitals,Mumbai Indians,Delhi Capitals,,A Mishra
1254071,2021,2021-04-21,"MA Chidambaram Stadium, Chepauk, Chennai",Chennai,Punjab Kings,Sunrisers Hyderabad,Punjab Kings,bat,Sunrisers Hyderabad,0,completed,Punjab Kings,Sunrisers Hyderabad,Punjab Kings,Sunrisers Hyderabad,,JM Bairstow
1254072,2021,2021-04-21,"Wankhede Stadium, Mumbai",Mumbai,Chennai Super Kings,Kolkata Knight Riders,Kolkata Knight Riders,field,Chennai Super Kings,1,completed,Chennai Super Kings,Kolkata Knight Riders,Kolkata Knight Riders,Chennai Super Kings,,F du Plessis
1254073,2021,2021-04-22,"Wankhede Stadium, Mumbai",Mumbai,Rajasthan Royals,Royal Challengers Bangalore,Royal Challengers Bangalore,field,Royal Challengers Bangalore,0,completed,Rajasthan Royals,Royal Challengers Bangalore,Royal Challengers Bangalore,Royal Challengers Bangalore,,D Padikkal
1254074,2021,2021-04-23,"MA Chidambaram Stadium, Chepauk, Chennai",Chennai,Mumbai Indians,Punjab Kings,Punjab Kings,field,Punjab Kings,0,completed,Mumbai Indians,Punjab Kings,Punjab Kings,Punjab Kings,,KL Rahul
1254075,2021,2021-04-24,"Wankhede Stadium, Mumbai",Mumbai,Kolkata Knight Riders,Rajasthan Royals,Rajasthan Royals,field,Rajasthan Royals,0,completed,Kolkata Knight Riders,Rajasthan Royals,Rajasthan Royals,Rajasthan Royals,,CH Morris
1254076,2021,2021-04-25,"Wankhede Stadium, Mumbai",Mumbai,Chennai Super Kings,Royal Challengers Bangalore,Chennai Super Kings,bat,Chennai Super Kings,1,completed,Chennai Super Kings,Royal Challengers Bangalore,Chennai Super Kings,Chennai Super Kings,,RA Jadeja
1254077,2021,2021-04-25,"MA Chidambaram Stadium, Chepauk, Chennai",Chennai,Delhi Capitals,Sunrisers Hyderabad,Delhi Capitals,bat,Delhi Capitals,1,tie_with_eliminator,Delhi Capitals,Sunrisers Hyderabad,Delhi Capitals,Delhi Capitals,Delhi Capitals,PP Shaw
1254078,2021,2021-04-26,"Narendra Modi Stadium, Ahmedabad",Ahmedabad,Punjab Kings,Kolkata Knight Riders,Kolkata Knight Riders,field,Kolkata Knight Riders,0,completed,Punjab Kings,Kolkata Knight Riders,Kolkata Knight Riders,Kolkata Knight Riders,,EJG Morgan
1254079,2021,2021-04-27,"Narendra Modi Stadium, Ahmedabad",Ahmedabad,Royal Challengers Bangalore,Delhi Capitals,Delhi Capitals,field,Royal Challengers Bangalore,1,completed,Royal Challengers Bangalore,Delhi Capitals,Delhi Capitals,Royal Challengers Bangalore,,AB de Villiers
1254080,2021,2021-04-28,"Arun Jaitley Stadium, Delhi",Delhi,Sunrisers Hyderabad,Chennai Super Kings,Sunrisers Hyderabad,bat,Chennai Super Kings,0,completed,Sunrisers Hyderabad,Chennai Super Kings,Sunrisers Hyderabad,Chennai Super Kings,,RD Gaikwad
1254081,2021,2021-04-29,"Arun Jaitley Stadium, Delhi",Delhi,Rajasthan Royals,Mumbai Indians,Mumbai Indians,field,Mumbai Indians,0,completed,Rajasthan Royals,Mumbai Indians,Mumbai Indians,Mumbai Indians,,Q de Kock
1254082,2021,2021-04-29,"Narendra Modi Stadium, Ahmedabad",Ahmedabad,Kolkata Knight Riders,Delhi Capitals,Delhi Capitals,field,Delhi Capitals,0,completed,Kolkata Knight Riders,Delhi Capitals,Delhi Capitals,Delhi Capitals,,PP Shaw
1254083,2021,2021-04-30,"Narendra Modi Stadium, Ahmedabad",Ahmedabad,Punjab Kings,Royal Challengers Bangalore,Royal Challengers Bangalore,field,Punjab Kings,1,completed,Punjab Kings,Royal Challengers Bangalore,Royal Challengers Bangalore,Punjab Kings,,Harpreet Brar
1254084,2021,2021-05-01,"Arun Jaitley Stadium, Delhi",Delhi,Chennai Super Kings,Mumbai Indians,Mumbai Indians,field,Mumbai Indians,0,completed,Chennai Super Kings,Mumbai Indians,Mumbai Indians,Mumbai Indians,,KA Pollard
1254085,2021,2021-05-02,"Arun Jaitley Stadium, Delhi",Delhi,Rajasthan Royals,Sunrisers Hyderabad,Sunrisers Hyderabad,field,Rajasthan Royals,1,completed,Rajasthan Royals,Sunrisers Hyderabad,Sunrisers Hyderabad,Rajasthan Royals,,JC Buttler
1254086,2021,2021-05-02,"Narendra Modi Stadium, Ahmedabad",Ahmedabad,Punjab Kings,Delhi Capitals,Delhi Capitals,field,Delhi Capitals,0,completed,Punjab Kings,Delhi Capitals,Delhi Capitals,Delhi Capitals,,MA Agarwal
1254104,2021,2021-09-19,Dubai International Cricket Stadium,Dubai,Chennai Super Kings,Mumbai Indians,Chennai Super Kings,bat,Chennai Super Kings,1,completed,Chennai Super Kings,Mumbai Indians,Chennai Super Kings,Chennai Super Kings,,RD Gaikwad
1254087,2021,2021-09-20,"Zayed Cricket Stadium, Abu Dhabi",Abu Dhabi,Royal Challengers Bangalore,Kolkata Knight Riders,Royal Challengers Bangalore,bat,Kolkata Knight Riders,0,completed,Royal Challengers Bangalore,Kolkata Knight Riders,Royal Challengers Bangalore,Kolkata Knight Riders,,CV Varun
1254111,2021,2021-09-21,Dubai International Cricket Stadium,Dubai,Rajasthan Royals,Punjab Kings,Punjab Kings,field,Rajasthan Royals,1,completed,Rajasthan Royals,Punjab Kings,Punjab Kings,Rajasthan Royals,,Kartik Tyagi
1254105,2021,2021-09-22,Dubai International Cricket Stadium,Dubai,Sunrisers Hyderabad,Delhi Capitals,Sunrisers Hyderabad,bat,Delhi Capitals,0,completed,Sunrisers Hyderabad,Delhi Capitals,Sunrisers Hyderabad,Delhi Capitals,,A Nortje
1254096,2021,2021-09-23,"Zayed Cricket Stadium, Abu Dhabi",Abu Dhabi,Mumbai Indians,Kolkata Knight Riders,Kolkata Knight Riders,field,Kolkata Knight Riders,0,completed,Mumbai Indians,Kolkata Knight Riders,Kolkata Knight Riders,Kolkata Knight Riders,,SP Narine
1254113,2021,2021-09-24,Sharjah Cricket Stadium,Sharjah,Royal Challengers Bangalore,Chennai Super Kings,Chennai Super Kings,field,Chennai Super Kings,0,completed,Royal Challengers Bangalore,Chennai Super Kings,Chennai Super Kings,Chennai Super Kings,,DJ Bravo
1254097,2021,2021-09-25,"Zayed Cricket Stadium, Abu Dhabi",Abu Dhabi,Delhi Capitals,Rajasthan Royals,Rajasthan Royals,field,Delhi Capitals,1,completed,Delhi Capitals,Rajasthan Royals,Rajasthan Royals,Delhi Capitals,,SS Iyer
1254107,2021,2021-09-25,Sharjah Cricket Stadium,Sharjah,Punjab Kings,Sunrisers Hyderabad,Sunrisers Hyderabad,field,Punjab Kings,1,completed,Punjab Kings,Sunrisers Hyderabad,Sunrisers Hyderabad,Punjab Kings,,JO Holder
1254098,2021,2021-09-26,"Zayed Cricket Stadium, Abu Dhabi",Abu Dhabi,Kolkata Knight Riders,Chennai Super Kings,Kolkata Knight Riders,bat,Chennai Super Kings,0,completed,Kolkata Knight Riders,Chennai Super Kings,Kolkata Knight Riders,Chennai Super Kings,,RA Jadeja
1254108,2021,2021-09-26,Dubai International Cricket Stadium,Dubai,Royal Challengers Bangalore,Mumbai Indians,Mumbai Indians,field,Royal Challengers Bangalore,1,completed,Royal Challengers Bangalore,Mumbai Indians,Mumbai Indians,Royal Challengers Bangalore,,GJ Maxwell
1254100,2021,2021-09-27,Dubai International Cricket Stadium,Dubai,Rajasthan Royals,Sunrisers Hyderabad,Rajasthan Royals,bat,Sunrisers Hyderabad,0,completed,Rajasthan Royals,Sunrisers Hyderabad,Rajasthan Royals,Sunrisers Hyderabad,,JJ Roy
1254092,2021,2021-09-28,Sharjah Cricket Stadium,Sharjah,Delhi Capitals,Kolkata Knight Riders,Kolkata Knight Riders,field,Kolkata Knight Riders,0,completed,Delhi Capitals,Kolkata Knight Riders,Kolkata Knight Riders,Kolkata Knight Riders,,SP Narine
1254099,2021,2021-09-28,"Zayed Cricket Stadium, Abu Dhabi",Abu Dhabi,Punjab Kings,Mumbai Indians,Mumbai Indians,field,Mumbai Indians,0,completed,Punjab Kings,Mumbai Indians,Mumbai Indians,Mumbai Indians,,KA Pollard
1254103,2021,2021-09-29,Dubai International Cricket Stadium,Dubai,Rajasthan Royals,Royal Challengers Bangalore,Royal Challengers Bangalore,field,Royal Challengers Bangalore,0,completed,Rajasthan Royals,Royal Challengers Bangalore,Royal Challengers Bangalore,Royal Challengers Bangalore,,YS Chahal
1254091,2021,2021-09-30,Sharjah Cricket Stadium,Sharjah,Sunrisers Hyderabad,Chennai Super Kings,Chennai Super Kings,field,Chennai Super Kings,0,completed,Sunrisers Hyderabad,Chennai Super Kings,Chennai Super Kings,Chennai Super Kings,,JR Hazlewood
1254102,2021,2021-10-01,Dubai International Cricket Stadium,Dubai,Kolkata Knight Riders,Punjab Kings,Punjab Kings,field,Punjab Kings,0,completed,Kolkata Knight Riders,Punjab Kings,Punjab Kings,Punjab Kings,,KL Rahul
1254089,2021,2021-10-02,"Zayed Cricket Stadium, Abu Dhabi",Abu Dhabi,Chennai Super Kings,Rajasthan Royals,Rajasthan Royals,field,Rajasthan Royals,0,completed,Chennai Super Kings,Rajasthan Royals,Rajasthan Royals,Rajasthan Royals,,RD Gaikwad
1254112,2021,2021-10-02,Sharjah Cricket Stadium,Sharjah,Mumbai Indians,Delhi Capitals,Delhi Capitals,field,Delhi Capitals,0,completed,Mumbai Indians,Delhi Capitals,Delhi Capitals,Delhi Capitals,,AR Patel
1254090,2021,2021-10-03,Sharjah Cricket Stadium,Sharjah,Royal Challengers Bangalore,Punjab Kings,Royal Challengers Bangalore,bat,Royal Challengers Bangalore,1,completed,Royal Challengers Bangalore,Punjab Kings,Royal Challengers Bangalore,Royal Challengers Bangalore,,GJ Maxwell
1254109,2021,2021-10-03,Dubai International Cricket Stadium,Dubai,Sunrisers Hyderabad,Kolkata Knight Riders,Sunrisers Hyderabad,bat,Kolkata Knight Riders,0,completed,Sunrisers Hyderabad,Kolkata Knight Riders,Sunrisers Hyderabad,Kolkata Knight Riders,,Shubman Gill
1254110,2021,2021-10-04,Dubai International Cricket Stadium,Dubai,Chennai Super Kings,Delhi Capitals,Delhi Capitals,field,Delhi Capitals,0,completed,Chennai Super Kings,Delhi Capitals,Delhi Capitals,Delhi Capitals,,AR Patel
1254093,2021,2021-10-05,Sharjah Cricket Stadium,Sharjah,Rajasthan Royals,Mumbai Indians,Mumbai Indians,field,Mumbai Indians,0,completed,Rajasthan Royals,Mumbai Indians,Mumbai Indians,Mumbai Indians,,NM Coulter-Nile
1254095,2021,2021-10-06,"Zayed Cricket Stadium, Abu Dhabi",Abu Dhabi,Sunrisers Hyderabad,Royal Challengers Bangalore,Royal Challengers Bangalore,field,Sunrisers Hyderabad,1,completed,Sunrisers Hyderabad,Royal Challengers Bangalore,Royal Challengers Bangalore,Sunrisers Hyderabad,,KS Williamson
1254094,2021,2021-10-07,Dubai International Cricket Stadium,Dubai,Chennai Super Kings,Punjab Kings,Punjab Kings,field,Punjab Kings,0,completed,Chennai Super Kings,Punjab Kings,Punjab Kings,Punjab Kings,,KL Rahul
1254106,2021,2021-10-07,Sharjah Cricket Stadium,Sharjah,Kolkata Knight Riders,Rajasthan Royals,Rajasthan Royals,field,Kolkata Knight Riders,1,completed,Kolkata Knight Riders,Rajasthan Royals,Rajasthan Royals,Kolkata Knight Riders,,Shivam Mavi
1254088,2021,2021-10-08,"Zayed Cricket Stadium, Abu Dhabi",Abu Dhabi,Mumbai Indians,Sunrisers Hyderabad,Mumbai Indians,bat,Mumbai Indians,1,completed,Mumbai Indians,Sunrisers Hyderabad,Mumbai Indians,Mumbai Indians,,Ishan Kishan
1254101,2021,2021-10-08,Dubai International Cricket Stadium,Dubai,Delhi Capitals,Royal Challengers Bangalore,Royal Challengers Bangalore,field,Royal Challengers Bangalore,0,completed,Delhi Capitals,Royal Challengers Bangalore,Royal Challengers Bangalore,Royal Challengers Bangalore,,KS Bharat
1254114,2021,2021-10-10,Dubai International Cricket Stadium,Dubai,Delhi Capitals,Chennai Super Kings,Chennai Super Kings,field,Chennai Super Kings,0,completed,Delhi Capitals,Chennai Super Kings,Chennai Super Kings,Chennai Super Kings,,RD Gaikwad
1254115,2021,2021-10-11,Sharjah Cricket Stadium,Sharjah,Royal Challengers Bangalore,Kolkata Knight Riders,Royal Challengers Bangalore,bat,Kolkata Knight Riders,0,completed,Royal Challengers Bangalore,Kolkata Knight Riders,Royal Challengers Bangalore,Kolkata Knight Riders,,SP Narine
1254116,2021,2021-10-13,Sharjah Cricket Stadium,Sharjah,Delhi Capitals,Kolkata Knight Riders,Kolkata Knight Riders,field,Kolkata Knight Riders,0,completed,Delhi Capitals,Kolkata Knight Riders,Kolkata Knight Riders,Kolkata Knight Riders,,VR Iyer
1254117,2021,2021-10-15,Dubai International Cricket Stadium,Dubai,Chennai Super Kings,Kolkata Knight Riders,Kolkata Knight Riders,field,Chennai Super Kings,1,completed,Chennai Super Kings,Kolkata Knight Riders,Kolkata Knight Riders,Chennai Super Kings,,F du Plessis
1304047,2022,2022-03-26,"Wankhede Stadium, Mumbai",Mumbai,Chennai Super Kings,Kolkata Knight Riders,Kolkata Knight Riders,field,Kolkata Knight Riders,0,completed,Chennai Super Kings,Kolkata Knight Riders,Kolkata Knight Riders,Kolkata Knight Riders,,UT Yadav
1304048,2022,2022-03-27,"Brabourne Stadium, Mumbai",Mumbai,Mumbai Indians,Delhi Capitals,Delhi Capitals,field,Delhi Capitals,0,completed,Mumbai Indians,Delhi Capitals,Delhi Capitals,Delhi Capitals,,Kuldeep Yadav
1304049,2022,2022-03-27,"Dr DY Patil Sports Academy, Mumbai",Mumbai,Royal Challengers Bangalore,Punjab Kings,Punjab Kings,field,Punjab Kings,0,completed,Royal Challengers Bangalore,Punjab Kings,Punjab Kings,Punjab Kings,,OF Smith
1304050,2022,2022-03-28,"Wankhede Stadium, Mumbai",Mumbai,Lucknow Super Giants,Gujarat Titans,Gujarat Titans,field,Gujarat Titans,0,completed,Lucknow Super Giants,Gujarat Titans,Gujarat Titans,Gujarat Titans,,Mohammed Shami
1304051,2022,2022-03-29,"Maharashtra Cricket Association Stadium, Pune",Pune,Rajasthan Royals,Sunrisers Hyderabad,Sunrisers Hyderabad,field,Rajasthan Royals,1,completed,Rajasthan Royals,Sunrisers Hyderabad,Sunrisers Hyderabad,Rajasthan Royals,,SV Samson
1304052,2022,2022-03-30,"Dr DY Patil Sports Academy, Mumbai",Mumbai,Kolkata Knight Riders,Royal Challengers Bangalore,Royal Challengers Bangalore,field,Royal Challengers Bangalore,0,completed,Kolkata Knight Riders,Royal Challengers Bangalore,Royal Challengers Bangalore,Royal Challengers Bangalore,,PWH de Silva
1304053,2022,2022-03-31,"Brabourne Stadium, Mumbai",Mumbai,Chennai Super Kings,Lucknow Super Giants,Lucknow Super Giants,field,Lucknow Super Giants,0,completed,Chennai Super Kings,Lucknow Super Giants,Lucknow Super Giants,Lucknow Super Giants,,E Lewis
1304054,2022,2022-04-01,"Wankhede Stadium, Mumbai",Mumbai,Punjab Kings,Kolkata Knight Riders,Kolkata Knight Riders,field,Kolkata Knight Riders,0,completed,Punjab Kings,Kolkata Knight Riders,Kolkata Knight Riders,Kolkata Knight Riders,,UT Yadav
1304055,2022,2022-04-02,"Dr DY Patil Sports Academy, Mumbai",Mumbai,Rajasthan Royals,Mumbai Indians,Mumbai Indians,field,Rajasthan Royals,1,completed,Rajasthan Royals,Mumbai Indians,Mumbai Indians,Rajasthan Royals,,JC Buttler
1304056,2022,2022-04-02,"Maharashtra Cricket Association Stadium, Pune",Pune,Gujarat Titans,Delhi Capitals,Delhi Capitals,field,Gujarat Titans,1,completed,Gujarat Titans,Delhi Capitals,Delhi Capitals,Gujarat Titans,,LH Ferguson
1304057,2022,2022-04-03,"Brabourne Stadium, Mumbai",Mumbai,Punjab Kings,Chennai Super Kings,Chennai Super Kings,field,Punjab Kings,1,completed,Punjab Kings,Chennai Super Kings,Chennai Super Kings,Punjab Kings,,LS Livingstone
1304058,2022,2022-04-04,"Dr DY Patil Sports Academy, Mumbai",Mumbai,Lucknow Super Giants,Sunrisers Hyderabad,Sunrisers Hyderabad,field,Lucknow Super Giants,1,completed,Lucknow Super Giants,Sunrisers Hyderabad,Sunrisers Hyderabad,Lucknow Super Giants,,Avesh Khan
1304059,2022,2022-04-05,"Wankhede Stadium, Mumbai",Mumbai,Rajasthan Royals,Royal Challengers Bangalore,Royal Challengers Bangalore,field,Royal Challengers Bangalore,0,completed,Rajasthan Royals,Royal Challengers Bangalore,Royal Challengers Bangalore,Royal Challengers Bangalore,,KD Karthik
1304060,2022,2022-04-06,"Maharashtra Cricket Association Stadium, Pune",Pune,Mumbai Indians,Kolkata Knight Riders,Kolkata Knight Riders,field,Kolkata Knight Riders,0,completed,Mumbai Indians,Kolkata Knight Riders,Kolkata Knight Riders,Kolkata Knight Riders,,PJ Cummins
1304061,2022,2022-04-07,"Dr DY Patil Sports Academy, Mumbai",Mumbai,Delhi Capitals,Lucknow Super Giants,Lucknow Super Giants,field,Lucknow Super Giants,0,completed,Delhi Capitals,Lucknow Super Giants,Lucknow Super Giants,Lucknow Super Giants,,Q de Kock
1304062,2022,2022-04-08,"Brabourne Stadium, Mumbai",Mumbai,Punjab Kings,Gujarat Titans,Gujarat Titans,field,Gujarat Titans,0,completed,Punjab Kings,Gujarat Titans,Gujarat Titans,Gujarat Titans,,Shubman Gill
1304063,2022,2022-04-09,"Dr DY Patil Sports Academy, Mumbai",Mumbai,Chennai Super Kings,Sunrisers Hyderabad,Sunrisers Hyderabad,field,Sunrisers Hyderabad,0,completed,Chennai Super Kings,Sunrisers Hyderabad,Sunrisers Hyderabad,Sunrisers Hyderabad,,Abhishek Sharma
1304064,2022,2022-04-09,"Maharashtra Cricket Association Stadium, Pune",Pune,Mumbai Indians,Royal Challengers Bangalore,Royal Challengers Bangalore,field,Royal Challengers Bangalore,0,completed,Mumbai Indians,Royal Challengers Bangalore,Royal Challengers Bangalore,Royal Challengers Bangalore,,Anuj Rawat
1304065,2022,2022-04-10,"Brabourne Stadium, Mumbai",Mumbai,Delhi Capitals,Kolkata Knight Riders,Kolkata Knight Riders,field,Delhi Capitals,1,completed,Delhi Capitals,Kolkata Knight Riders,Kolkata Knight Riders,Delhi Capitals,,Kuldeep Yadav
1304066,2022,2022-04-10,"Wankhede Stadium, Mumbai",Mumbai,Rajasthan Royals,Lucknow Super Giants,Lucknow Super Giants,field,Rajasthan Royals,1,completed,Rajasthan Royals,Lucknow Super Giants,Lucknow Super Giants,Rajasthan Royals,,YS Chahal
1304067,2022,2022-04-11,"Dr DY Patil Sports Academy, Mumbai",Mumbai,Gujarat Titans,Sunrisers Hyderabad,Sunrisers Hyderabad,field,Sunrisers Hyderabad,0,completed,Gujarat Titans,Sunrisers Hyderabad,Sunrisers Hyderabad,Sunrisers Hyderabad,,KS Williamson
1304068,2022,2022-04-12,"Dr DY Patil Sports Academy, Mumbai",Mumbai,Chennai Super Kings,Royal Challengers Bangalore,Royal Challengers Bangalore,field,Chennai Super Kings,1,completed,Chennai Super Kings,Royal Challengers Bangalore,Royal Challengers Bangalore,Chennai Super Kings,,S Dube
1304069,2022,2022-04-13,"Maharashtra Cricket Association Stadium, Pune",Pune,Punjab Kings,Mumbai Indians,Mumbai Indians,field,Punjab Kings,1,completed,Punjab Kings,Mumbai Indians,Mumbai Indians,Punjab Kings,,MA Agarwal
1304070,2022,2022-04-14,"Dr DY Patil Sports Academy, Mumbai",Mumbai,Gujarat Titans,Rajasthan Royals,Rajasthan Royals,field,Gujarat Titans,1,completed,Gujarat Titans,Rajasthan Royals,Rajasthan Royals,Gujarat Titans,,HH Pandya
1304071,2022,2022-04-15,"Brabourne Stadium, Mumbai",Mumbai,Kolkata Knight Riders,Sunrisers Hyderabad,Sunrisers Hyderabad,field,Sunrisers Hyderabad,0,completed,Kolkata Knight Riders,Sunrisers Hyderabad,Sunrisers Hyderabad,Sunrisers Hyderabad,,RA Tripathi
1304072,2022,2022-04-16,"Brabourne Stadium, Mumbai",Mumbai,Lucknow Super Giants,Mumbai Indians,Mumbai Indians,field,Lucknow Super Giants,1,completed,Lucknow Super Giants,Mumbai Indians,Mumbai Indians,Lucknow Super Giants,,KL Rahul
1304073,2022,2022-04-16,"Wankhede Stadium, Mumbai",Mumbai,Royal Challengers Bangalore,Delhi Capitals,Delhi Capitals,field,Royal Challengers Bangalore,1,completed,Royal Challengers Bangalore,Delhi Capitals,Delhi Capitals,Royal Challengers Bangalore,,KD Karthik
1304074,2022,2022-04-17,"Dr DY Patil Sports Academy, Mumbai",Mumbai,Punjab Kings,Sunrisers Hyderabad,Sunrisers Hyderabad,field,Sunrisers Hyderabad,0,completed,Punjab Kings,Sunrisers Hyderabad,Sunrisers Hyderabad,Sunrisers Hyderabad,,Umran Malik
1304075,2022,2022-04-17,"Maharashtra Cricket Association Stadium, Pune",Pune,Chennai Super Kings,Gujarat Titans,Gujarat Titans,field,Gujarat Titans,0,completed,Chennai Super Kings,Gujarat Titans,Gujarat Titans,Gujarat Titans,,DA Miller
1304076,2022,2022-04-18,"Brabourne Stadium, Mumbai",Mumbai,Rajasthan Royals,Kolkata Knight Riders,Kolkata Knight Riders,field,Rajasthan Royals,1,completed,Rajasthan Royals,Kolkata Knight Riders,Kolkata Knight Riders,Rajasthan Royals,,YS Chahal
1304077,2022,2022-04-19,"Dr DY Patil Sports Academy, Mumbai",Mumbai,Royal Challengers Bangalore,Lucknow Super Giants,Lucknow Super Giants,field,Royal Challengers Bangalore,1,completed,Royal Challengers Bangalore,Lucknow Super Giants,Lucknow Super Giants,Royal Challengers Bangalore,,F du Plessis
1304078,2022,2022-04-20,"Brabourne Stadium, Mumbai",Mumbai,Punjab Kings,Delhi Capitals,Delhi Capitals,field,Delhi Capitals,0,completed,Punjab Kings,Delhi Capitals,Delhi Capitals,Delhi Capitals,,Kuldeep Yadav
1304079,2022,2022-04-21,"Dr DY Patil Sports Academy, Mumbai",Navi Mumbai,Mumbai Indians,Chennai Super Kings,Chennai Super Kings,field,Chennai Super Kings,0,completed,Mumbai Indians,Chennai Super Kings,Chennai Super Kings,Chennai Super Kings,,Mukesh Choudhary
1304080,2022,2022-04-22,"Wankhede Stadium, Mumbai",Mumbai,Rajasthan Royals,Delhi Capitals,Delhi Capitals,field,Rajasthan Royals,1,completed,Rajasthan Royals,Delhi Capitals,Delhi Capitals,Rajasthan Royals,,JC Buttler
1304081,2022,2022-04-23,"Dr DY Patil Sports Academy, Mumbai",Navi Mumbai,Gujarat Titans,Kolkata Knight Riders,Gujarat Titans,bat,Gujarat Titans,1,completed,Gujarat Titans,Kolkata Knight Riders,Gujarat Titans,Gujarat Titans,,Rashid Khan
1304082,2022,2022-04-23,"Brabourne Stadium, Mumbai",Mumbai,Royal Challengers Bangalore,Sunrisers Hyderabad,Sunrisers Hyderabad,field,Sunrisers Hyderabad,0,completed,Royal Challengers Bangalore,Sunrisers Hyderabad,Sunrisers Hyderabad,Sunrisers Hyderabad,,M Jansen
1304083,2022,2022-04-24,"Wankhede Stadium, Mumbai",Mumbai,Lucknow Super Giants,Mumbai Indians,Mumbai Indians,field,Lucknow Super Giants,1,completed,Lucknow Super Giants,Mumbai Indians,Mumbai Indians,Lucknow Super Giants,,KL Rahul
1304084,2022,2022-04-25,"Wankhede Stadium, Mumbai",Mumbai,Punjab Kings,Chennai Super Kings,Chennai Super Kings,field,Punjab Kings,1,completed,Punjab Kings,Chennai Super Kings,Chennai Super Kings,Punjab Kings,,S Dhawan
1304085,2022,2022-04-26,"Maharashtra Cricket Association Stadium, Pune",Pune,Rajasthan Royals,Royal Challengers Bangalore,Royal Challengers Bangalore,field,Rajasthan Royals,1,completed,Rajasthan Royals,Royal Challengers Bangalore,Royal Challengers Bangalore,Rajasthan Royals,,R Parag
1304086,2022,2022-04-27,"Wankhede Stadium, Mumbai",Mumbai,Sunrisers Hyderabad,Gujarat Titans,Gujarat Titans,field,Gujarat Titans,0,completed,Sunrisers Hyderabad,Gujarat Titans,Gujarat Titans,Gujarat Titans,,Umran Malik
1304087,2022,2022-04-28,"Wankhede Stadium, Mumbai",Mumbai,Kolkata Knight Riders,Delhi Capitals,Delhi Capitals,field,Delhi Capitals,0,completed,Kolkata Knight Riders,Delhi Capitals,Delhi Capitals,Delhi Capitals,,Kuldeep Yadav
1304088,2022,2022-04-29,"Maharashtra Cricket Association Stadium, Pune",Pune,Lucknow Super Giants,Punjab Kings,Punjab Kings,field,Lucknow Super Giants,1,completed,Lucknow Super Giants,Punjab Kings,Punjab Kings,Lucknow Super Giants,,KH Pandya
1304089,2022,2022-04-30,"Brabourne Stadium, Mumbai",Mumbai,Royal Challengers Bangalore,Gujarat Titans,Royal Challengers Bangalore,bat,Gujarat Titans,0,completed,Royal Challengers Bangalore,Gujarat Titans,Royal Challengers Bangalore,Gujarat Titans,,R Tewatia
1304090,2022,2022-04-30,"Dr DY Patil Sports Academy, Mumbai",Navi Mumbai,Rajasthan Royals,Mumbai Indians,Mumbai Indians,field,Mumbai Indians,0,completed,Rajasthan Royals,Mumbai Indians,Mumbai Indians,Mumbai Indians,,SA Yadav
1304091,2022,2022-05-01,"Wankhede Stadium, Mumbai",Mumbai,Lucknow Super Giants,Delhi Capitals,Lucknow Super Giants,bat,Lucknow Super Giants,1,completed,Lucknow Super Giants,Delhi Capitals,Lucknow Super Giants,Lucknow Super Giants,,Mohsin Khan
1304092,2022,2022-05-01,"Maharashtra Cricket Association Stadium, Pune",Pune,Chennai Super Kings,Sunrisers Hyderabad,Sunrisers Hyderabad,field,Chennai Super Kings,1,completed,Chennai Super Kings,Sunrisers Hyderabad,Sunrisers Hyderabad,Chennai Super Kings,,RD Gaikwad
1304093,2022,2022-05-02,"Wankhede Stadium, Mumbai",Mumbai,Rajasthan Royals,Kolkata Knight Riders,Kolkata Knight Riders,field,Kolkata Knight Riders,0,completed,Rajasthan Royals,Kolkata Knight Riders,Kolkata Knight Riders,Kolkata Knight Riders,,RK Singh
1304094,2022,2022-05-03,"Dr DY Patil Sports Academy, Mumbai",Navi Mumbai,Gujarat Titans,Punjab Kings,Gujarat Titans,bat,Punjab Kings,0,completed,Gujarat Titans,Punjab Kings,Gujarat Titans,Punjab Kings,,K Rabada
1304095,2022,2022-05-04,"Maharashtra Cricket Association Stadium, Pune",Pune,Royal Challengers Bangalore,Chennai Super Kings,Chennai Super Kings,field,Royal Challengers Bangalore,1,completed,Royal Challengers Bangalore,Chennai Super Kings,Chennai Super Kings,Royal Challengers Bangalore,,HV Patel
1304096,2022,2022-05-05,"Brabourne Stadium, Mumbai",Mumbai,Delhi Capitals,Sunrisers Hyderabad,Sunrisers Hyderabad,field,Delhi Capitals,1,completed,Delhi Capitals,Sunrisers Hyderabad,Sunrisers Hyderabad,Delhi Capitals,,DA Warner
1304097,2022,2022-05-06,"Brabourne Stadium, Mumbai",Mumbai,Mumbai Indians,Gujarat Titans,Gujarat Titans,field,Mumbai Indians,1,completed,Mumbai Indians,Gujarat Titans,Gujarat Titans,Mumbai Indians,,TH David
1304098,2022,2022-05-07,"Wankhede Stadium, Mumbai",Mumbai,Punjab Kings,Rajasthan Royals,Punjab Kings,bat,Rajasthan Royals,0,completed,Punjab Kings,Rajasthan Royals,Punjab Kings,Rajasthan Royals,,YBK Jaiswal
1304099,2022,2022-05-07,"Maharashtra Cricket Association Stadium, Pune",Pune,Lucknow Super Giants,Kolkata Knight Riders,Kolkata Knight Riders,field,Lucknow Super Giants,1,completed,Lucknow Super Giants,Kolkata Knight Riders,Kolkata Knight Riders,Lucknow Super Giants,,Avesh Khan
1304100,2022,2022-05-08,"Wankhede Stadium, Mumbai",Mumbai,Royal Challengers Bangalore,Sunrisers Hyderabad,Royal Challengers Bangalore,bat,Royal Challengers Bangalore,1,completed,Royal Challengers Bangalore,Sunrisers Hyderabad,Royal Challengers Bangalore,Royal Challengers Bangalore,,PWH de Silva
1304101,2022,2022-05-08,"Dr DY Patil Sports Academy, Mumbai",Navi Mumbai,Chennai Super Kings,Delhi Capitals,Delhi Capitals,field,Chennai Super Kings,1,completed,Chennai Super Kings,Delhi Capitals,Delhi Capitals,Chennai Super Kings,,DP Conway
1304102,2022,2022-05-09,"Dr DY Patil Sports Academy, Mumbai",Navi Mumbai,Kolkata Knight Riders,Mumbai Indians,Mumbai Indians,field,Kolkata Knight Riders,1,completed,Kolkata Knight Riders,Mumbai Indians,Mumbai Indians,Kolkata Knight Riders,,JJ Bumrah
1304103,2022,2022-05-10,"Maharashtra Cricket Association Stadium, Pune",Pune,Gujarat Titans,Lucknow Super Giants,Gujarat Titans,bat,Gujarat Titans,1,completed,Gujarat Titans,Lucknow Super Giants,Gujarat Titans,Gujarat Titans,,Shubman Gill
1304104,2022,2022-05-11,"Dr DY Patil Sports Academy, Mumbai",Navi Mumbai,Rajasthan Royals,Delhi Capitals,Delhi Capitals,field,Delhi Capitals,0,completed,Rajasthan Royals,Delhi Capitals,Delhi Capitals,Delhi Capitals,,MR Marsh
1304105,2022,2022-05-12,"Wankhede Stadium, Mumbai",Mumbai,Chennai Super Kings,Mumbai Indians,Mumbai Indians,field,Mumbai Indians,0,completed,Chennai Super Kings,Mumbai Indians,Mumbai Indians,Mumbai Indians,,DR Sams
1304106,2022,2022-05-13,"Brabourne Stadium, Mumbai",Mumbai,Punjab Kings,Royal Challengers Bangalore,Royal Challengers Bangalore,field,Punjab Kings,1,completed,Punjab Kings,Royal Challengers Bangalore,Royal Challengers Bangalore,Punjab Kings,,JM Bairstow
1304107,2022,2022-05-14,"Maharashtra Cricket Association Stadium, Pune",Pune,Kolkata Knight Riders,Sunrisers Hyderabad,Kolkata Knight Riders,bat,Kolkata Knight Riders,1,completed,Kolkata Knight Riders,Sunrisers Hyderabad,Kolkata Knight Riders,Kolkata Knight Riders,,AD Russell
1304108,2022,2022-05-15,"Wankhede Stadium, Mumbai",Mumbai,Chennai Super Kings,Gujarat Titans,Chennai Super Kings,bat,Gujarat Titans,0,completed,Chennai Super Kings,Gujarat Titans,Chennai Super Kings,Gujarat Titans,,WP Saha
1304109,2022,2022-05-15,"Brabourne Stadium, Mumbai",Mumbai,Rajasthan Royals,Lucknow Super Giants,Rajasthan Royals,bat,Rajasthan Royals,1,completed,Rajasthan Royals,Lucknow Super Giants,Rajasthan Royals,Rajasthan Royals,,TA Boult
1304110,2022,2022-05-16,"Dr DY Patil Sports Academy, Mumbai",Navi Mumbai,Delhi Capitals,Punjab Kings,Punjab Kings,field,Delhi Capitals,1,completed,Delhi Capitals,Punjab Kings,Punjab Kings,Delhi Capitals,,SN Thakur
1304111,2022,2022-05-17,"Wankhede Stadium, Mumbai",Mumbai,Sunrisers Hyderabad,Mumbai Indians,Mumbai Indians,field,Sunrisers Hyderabad,1,completed,Sunrisers Hyderabad,Mumbai Indians,Mumbai Indians,Sunrisers Hyderabad,,RA Tripathi
1304112,2022,2022-05-18,"Dr DY Patil Sports Academy, Mumbai",Navi Mumbai,Lucknow Super Giants,Kolkata Knight Riders,Lucknow Super Giants,bat,Lucknow Super Giants,1,completed,Lucknow Super Giants,Kolkata Knight Riders,Lucknow Super Giants,Lucknow Super Giants,,Q de Kock
1304113,2022,2022-05-19,"Wankhede Stadium, Mumbai",Mumbai,Gujarat Titans,Royal Challengers Bangalore,Gujarat Titans,bat,Royal Challengers Bangalore,0,completed,Gujarat Titans,Royal Challengers Bangalore,Gujarat Titans,Royal Challengers Bangalore,,V Kohli
1304114,2022,2022-05-20,"Brabourne Stadium, Mumbai",Mumbai,Chennai Super Kings,Rajasthan Royals,Chennai Super Kings,bat,Rajasthan Royals,0,completed,Chennai Super Kings,Rajasthan Royals,Chennai Super Kings,Rajasthan Royals,,R Ashwin
1304115,2022,2022-05-21,"Wankhede Stadium, Mumbai",Mumbai,Delhi Capitals,Mumbai Indians,Mumbai Indians,field,Mumbai Indians,0,completed,Delhi Capitals,Mumbai Indians,Mumbai Indians,Mumbai Indians,,JJ Bumrah
1304116,2022,2022-05-22,"Wankhede Stadium, Mumbai",Mumbai,Sunrisers Hyderabad,Punjab Kings,Sunrisers Hyderabad,bat,Punjab Kings,0,completed,Sunrisers Hyderabad,Punjab Kings,Sunrisers Hyderabad,Punjab Kings,,Harpreet Brar
1312197,2022,2022-05-24,"Eden Gardens, Kolkata",Kolkata,Rajasthan Royals,Gujarat Titans,Gujarat Titans,field,Gujarat Titans,0,completed,Rajasthan Royals,Gujarat Titans,Gujarat Titans,Gujarat Titans,,DA Miller
1312198,2022,2022-05-25,"Eden Gardens, Kolkata",Kolkata,Royal Challengers Bangalore,Lucknow Super Giants,Lucknow Super Giants,field,Royal Challengers Bangalore,1,completed,Royal Challengers Bangalore,Lucknow Super Giants,Lucknow Super Giants,Royal Challengers Bangalore,,RM Patidar
1312199,2022,2022-05-27,"Narendra Modi Stadium, Ahmedabad",Ahmedabad,Royal Challengers Bangalore,Rajasthan Royals,Rajasthan Royals,field,Rajasthan Royals,0,completed,Royal Challengers Bangalore,Rajasthan Royals,Rajasthan Royals,Rajasthan Royals,,JC Buttler
1312200,2022,2022-05-29,"Narendra Modi Stadium, Ahmedabad",Ahmedabad,Rajasthan Royals,Gujarat Titans,Rajasthan Royals,bat,Gujarat Titans,0,completed,Rajasthan Royals,Gujarat Titans,Rajasthan Royals,Gujarat Titans,,HH Pandya
1359475,2023,2023-03-31,"Narendra Modi Stadium, Ahmedabad",Ahmedabad,Chennai Super Kings,Gujarat Titans,Gujarat Titans,field,Gujarat Titans,0,completed,Chennai Super Kings,Gujarat Titans,Gujarat Titans,Gujarat Titans,,Rashid Khan
1359476,2023,2023-04-01,"Punjab Cricket Association IS Bindra Stadium, Mohali, Chandigarh",Chandigarh,Punjab Kings,Kolkata Knight Riders,Kolkata Knight Riders,field,Punjab Kings,1,completed,Punjab Kings,Kolkata Knight Riders,Kolkata Knight Riders,Punjab Kings,,Arshdeep Singh
1359477,2023,2023-04-01,"Bharat Ratna Shri Atal Bihari Vajpayee Ekana Cricket Stadium, Lucknow",Lucknow,Lucknow Super Giants,Delhi Capitals,Delhi Capitals,field,Lucknow Super Giants,1,completed,Lucknow Super Giants,Delhi Capitals,Delhi Capitals,Lucknow Super Giants,,MA Wood
1359478,2023,2023-04-02,"Rajiv Gandhi International Stadium, Uppal, Hyderabad",Hyderabad,Rajasthan Royals,Sunrisers Hyderabad,Sunrisers Hyderabad,field,Rajasthan Royals,1,completed,Rajasthan Royals,Sunrisers Hyderabad,Sunrisers Hyderabad,Rajasthan Royals,,JC Buttler
1359479,2023,2023-04-02,"M Chinnaswamy Stadium, Bengaluru",Bengaluru,Mumbai Indians,Royal Challengers Bangalore,Royal Challengers Bangalore,field,Royal Challengers Bangalore,0,completed,Mumbai Indians,Royal Challengers Bangalore,Royal Challengers Bangalore,Royal Challengers Bangalore,,F du Plessis
1359480,2023,2023-04-03,"MA Chidambaram Stadium, Chepauk, Chennai",Chennai,Chennai Super Kings,Lucknow Super Giants,Lucknow Super Giants,field,Chennai Super Kings,1,completed,Chennai Super Kings,Lucknow Super Giants,Lucknow Super Giants,Chennai Super Kings,,MM Ali
1359481,2023,2023-04-04,"Arun Jaitley Stadium, Delhi",Delhi,Delhi Capitals,Gujarat Titans,Gujarat Titans,field,Gujarat Titans,0,completed,Delhi Capitals,Gujarat Titans,Gujarat Titans,Gujarat Titans,,B Sai Sudharsan
1359482,2023,2023-04-05,"Barsapara Cricket Stadium, Guwahati",Guwahati,Punjab Kings,Rajasthan Royals,Rajasthan Royals,field,Punjab Kings,1,completed,Punjab Kings,Rajasthan Royals,Rajasthan Royals,Punjab Kings,,NT Ellis
1359483,2023,2023-04-06,"Eden Gardens, Kolkata",Kolkata,Kolkata Knight Riders,Royal Challengers Bangalore,Royal Challengers Bangalore,field,Kolkata Knight Riders,1,completed,Kolkata Knight Riders,Royal Challengers Bangalore,Royal Challengers Bangalore,Kolkata Knight Riders,,SN Thakur
1359484,2023,2023-04-07,"Bharat Ratna Shri Atal Bihari Vajpayee Ekana Cricket Stadium, Lucknow",Lucknow,Sunrisers Hyderabad,Lucknow Super Giants,Sunrisers Hyderabad,bat,Lucknow Super Giants,0,completed,Sunrisers Hyderabad,Lucknow Super Giants,Sunrisers Hyderabad,Lucknow Super Giants,,KH Pandya
1359485,2023,2023-04-08,"Barsapara Cricket Stadium, Guwahati",Guwahati,Rajasthan Royals,Delhi Capitals,Delhi Capitals,field,Rajasthan Royals,1,completed,Rajasthan Royals,Delhi Capitals,Delhi Capitals,Rajasthan Royals,,YBK Jaiswal
1359486,2023,2023-04-08,"Wankhede Stadium, Mumbai",Mumbai,Mumbai Indians,Chennai Super Kings,Chennai Super Kings,field,Chennai Super Kings,0,completed,Mumbai Indians,Chennai Super Kings,Chennai Super Kings,Chennai Super Kings,,RA Jadeja
1359487,2023,2023-04-09,"Narendra Modi Stadium, Ahmedabad",Ahmedabad,Gujarat Titans,Kolkata Knight Riders,Gujarat Titans,bat,Kolkata Knight Riders,0,completed,Gujarat Titans,Kolkata Knight Riders,Gujarat Titans,Kolkata Knight Riders,,RK Singh
1359488,2023,2023-04-09,"Rajiv Gandhi International Stadium, Uppal, Hyderabad",Hyderabad,Punjab Kings,Sunrisers Hyderabad,Sunrisers Hyderabad,field,Sunrisers Hyderabad,0,completed,Punjab Kings,Sunrisers Hyderabad,Sunrisers Hyderabad,Sunrisers Hyderabad,,S Dhawan
1359489,2023,2023-04-10,"M Chinnaswamy Stadium, Bengaluru",Bengaluru,Royal Challengers Bangalore,Lucknow Super Giants,Lucknow Super Giants,field,Lucknow Super Giants,0,completed,Royal Challengers Bangalore,Lucknow Super Giants,Lucknow Super Giants,Lucknow Super Giants,,N Pooran
1359490,2023,2023-04-11,"Arun Jaitley Stadium, Delhi",Delhi,Delhi Capitals,Mumbai Indians,Mumbai Indians,field,Mumbai Indians,0,completed,Delhi Capitals,Mumbai Indians,Mumbai Indians,Mumbai Indians,,RG Sharma
1359491,2023,2023-04-12,"MA Chidambaram Stadium, Chepauk, Chennai",Chennai,Rajasthan Royals,Chennai Super Kings,Chennai Super Kings,field,Rajasthan Royals,1,completed,Rajasthan Royals,Chennai Super Kings,Chennai Super Kings,Rajasthan Royals,,R Ashwin
1359492,2023,2023-04-13,"Punjab Cricket Association IS Bindra Stadium, Mohali, Chandigarh",Chandigarh,Punjab Kings,Gujarat Titans,Gujarat Titans,field,Gujarat Titans,0,completed,Punjab Kings,Gujarat Titans,Gujarat Titans,Gujarat Titans,,MM Sharma
1359493,2023,2023-04-14,"Eden Gardens, Kolkata",Kolkata,Sunrisers Hyderabad,Kolkata Knight Riders,Kolkata Knight Riders,field,Sunrisers Hyderabad,1,completed,Sunrisers Hyderabad,Kolkata Knight Riders,Kolkata Knight Riders,Sunrisers Hyderabad,,HC Brook
1359494,2023,2023-04-15,"M Chinnaswamy Stadium, Bengaluru",Bengaluru,Royal Challengers Bangalore,Delhi Capitals,Delhi Capitals,field,Royal Challengers Bangalore,1,completed,Royal Challengers Bangalore,Delhi Capitals,Delhi Capitals,Royal Challengers Bangalore,,V Kohli
1359495,2023,2023-04-15,"Bharat Ratna Shri Atal Bihari Vajpayee Ekana Cricket Stadium, Lucknow",Lucknow,Lucknow Super Giants,Punjab Kings,Punjab Kings,field,Punjab Kings,0,completed,Lucknow Super Giants,Punjab Kings,Punjab Kings,Punjab Kings,,Sikandar Raza
1359496,2023,2023-04-16,"Wankhede Stadium, Mumbai",Mumbai,Kolkata Knight Riders,Mumbai Indians,Mumbai Indians,field,Mumbai Indians,0,completed,Kolkata Knight Riders,Mumbai Indians,Mumbai Indians,Mumbai Indians,,VR Iyer
1359497,2023,2023-04-16,"Narendra Modi Stadium, Ahmedabad",Ahmedabad,Gujarat Titans,Rajasthan Royals,Rajasthan Royals,field,Rajasthan Royals,0,completed,Gujarat Titans,Rajasthan Royals,Rajasthan Royals,Rajasthan Royals,,SO Hetmyer
1359498,2023,2023-04-17,"M Chinnaswamy Stadium, Bengaluru",Bengaluru,Chennai Super Kings,Royal Challengers Bangalore,Royal Challengers Bangalore,field,Chennai Super Kings,1,completed,Chennai Super Kings,Royal Challengers Bangalore,Royal Challengers Bangalore,Chennai Super Kings,,DP Conway
1359499,2023,2023-04-18,"Rajiv Gandhi International Stadium, Uppal, Hyderabad",Hyderabad,Mumbai Indians,Sunrisers Hyderabad,Sunrisers Hyderabad,field,Mumbai Indians,1,completed,Mumbai Indians,Sunrisers Hyderabad,Sunrisers Hyderabad,Mumbai Indians,,C Green
1359500,2023,2023-04-19,"Sawai Mansingh Stadium, Jaipur",Jaipur,Lucknow Super Giants,Rajasthan Royals,Rajasthan Royals,field,Lucknow Super Giants,1,completed,Lucknow Super Giants,Rajasthan Royals,Rajasthan Royals,Lucknow Super Giants,,MP Stoinis
1359501,2023,2023-04-20,"Punjab Cricket Association IS Bindra Stadium, Mohali, Chandigarh",Chandigarh,Royal Challengers Bangalore,Punjab Kings,Punjab Kings,field,Royal Challengers Bangalore,1,completed,Royal Challengers Bangalore,Punjab Kings,Punjab Kings,Royal Challengers Bangalore,,Mohammed Siraj
1359502,2023,2023-04-20,"Arun Jaitley Stadium, Delhi",Delhi,Kolkata Knight Riders,Delhi Capitals,Delhi Capitals,field,Delhi Capitals,0,completed,Kolkata Knight Riders,Delhi Capitals,Delhi Capitals,Delhi Capitals,,I Sharma
1359503,2023,2023-04-21,"MA Chidambaram Stadium, Chepauk, Chennai",Chennai,Sunrisers Hyderabad,Chennai Super Kings,Chennai Super Kings,field,Chennai Super Kings,0,completed,Sunrisers Hyderabad,Chennai Super Kings,Chennai Super Kings,Chennai Super Kings,,RA Jadeja
1359504,2023,2023-04-22,"Bharat Ratna Shri Atal Bihari Vajpayee Ekana Cricket Stadium, Lucknow",Lucknow,Gujarat Titans,Lucknow Super Giants,Gujarat Titans,bat,Gujarat Titans,1,completed,Gujarat Titans,Lucknow Super Giants,Gujarat Titans,Gujarat Titans,,MM Sharma
1359505,2023,2023-04-22,"Wankhede Stadium, Mumbai",Mumbai,Punjab Kings,Mumbai Indians,Mumbai Indians,field,Punjab Kings,1,completed,Punjab Kings,Mumbai Indians,Mumbai Indians,Punjab Kings,,SM Curran
1359506,2023,2023-04-23,"M Chinnaswamy Stadium, Bengaluru",Bengaluru,Royal Challengers Bangalore,Rajasthan Royals,Rajasthan Royals,field,Royal Challengers Bangalore,1,completed,Royal Challengers Bangalore,Rajasthan Royals,Rajasthan Royals,Royal Challengers Bangalore,,GJ Maxwell
1359507,2023,2023-04-23,"Eden Gardens, Kolkata",Kolkata,Chennai Super Kings,Kolkata Knight Riders,Kolkata Knight Riders,field,Chennai Super Kings,1,completed,Chennai Super Kings,Kolkata Knight Riders,Kolkata Knight Riders,Chennai Super Kings,,AM Rahane
1359508,2023,2023-04-24,"Rajiv Gandhi International Stadium, Uppal, Hyderabad",Hyderabad,Delhi Capitals,Sunrisers Hyderabad,Delhi Capitals,bat,Delhi Capitals,1,completed,Delhi Capitals,Sunrisers Hyderabad,Delhi Capitals,Delhi Capitals,,AR Patel
1359509,2023,2023-04-25,"Narendra Modi Stadium, Ahmedabad",Ahmedabad,Gujarat Titans,Mumbai Indians,Mumbai Indians,field,Gujarat Titans,1,completed,Gujarat Titans,Mumbai Indians,Mumbai Indians,Gujarat Titans,,A Manohar
1359510,2023,2023-04-26,"M Chinnaswamy Stadium, Bengaluru",Bengaluru,Kolkata Knight Riders,Royal Challengers Bangalore,Royal Challengers Bangalore,field,Kolkata Knight Riders,1,completed,Kolkata Knight Riders,Royal Challengers Bangalore,Royal Challengers Bangalore,Kolkata Knight Riders,,CV Varun
1359511,2023,2023-04-27,"Sawai Mansingh Stadium, Jaipur",Jaipur,Rajasthan Royals,Chennai Super Kings,Rajasthan Royals,bat,Rajasthan Royals,1,completed,Rajasthan Royals,Chennai Super Kings,Rajasthan Royals,Rajasthan Royals,,YBK Jaiswal
1359512,2023,2023-04-28,"Punjab Cricket Association IS Bindra Stadium, Mohali, Chandigarh",Chandigarh,Lucknow Super Giants,Punjab Kings,Punjab Kings,field,Lucknow Super Giants,1,completed,Lucknow Super Giants,Punjab Kings,Punjab Kings,Lucknow Super Giants,,MP Stoinis
1359513,2023,2023-04-29,"Eden Gardens, Kolkata",Kolkata,Kolkata Knight Riders,Gujarat Titans,Gujarat Titans,field,Gujarat Titans,0,completed,Kolkata Knight Riders,Gujarat Titans,Gujarat Titans,Gujarat Titans,,J Little
1359514,2023,2023-04-29,"Arun Jaitley Stadium, Delhi",Delhi,Sunrisers Hyderabad,Delhi Capitals,Sunrisers Hyderabad,bat,Sunrisers Hyderabad,1,completed,Sunrisers Hyderabad,Delhi Capitals,Sunrisers Hyderabad,Sunrisers Hyderabad,,MR Marsh
1359515,2023,2023-04-30,"MA Chidambaram Stadium, Chepauk, Chennai",Chennai,Chennai Super Kings,Punjab Kings,Chennai Super Kings,bat,Punjab Kings,0,completed,Chennai Super Kings,Punjab Kings,Chennai Super Kings,Punjab Kings,,DP Conway
1359516,2023,2023-04-30,"Wankhede Stadium, Mumbai",Mumbai,Rajasthan Royals,Mumbai Indians,Rajasthan Royals,bat,Mumbai Indians,0,completed,Rajasthan Royals,Mumbai Indians,Rajasthan Royals,Mumbai Indians,,YBK Jaiswal
1359517,2023,2023-05-01,"Bharat Ratna Shri Atal Bihari Vajpayee Ekana Cricket Stadium, Lucknow",Lucknow,Royal Challengers Bangalore,Lucknow Super Giants,Royal Challengers Bangalore,bat,Royal Challengers Bangalore,1,completed,Royal Challengers Bangalore,Lucknow Super Giants,Royal Challengers Bangalore,Royal Challengers Bangalore,,F du Plessis
1359518,2023,2023-05-02,"Narendra Modi Stadium, Ahmedabad",Ahmedabad,Delhi Capitals,Gujarat Titans,Delhi Capitals,bat,Delhi Capitals,1,completed,Delhi Capitals,Gujarat Titans,Delhi Capitals,Delhi Capitals,,Mohammed Shami
1359520,2023,2023-05-03,"Punjab Cricket Association IS Bindra Stadium, Mohali, Chandigarh",Chandigarh,Punjab Kings,Mumbai Indians,Mumbai Indians,field,Mumbai Indians,0,completed,Punjab Kings,Mumbai Indians,Mumbai Indians,Mumbai Indians,,Ishan Kishan
1359521,2023,2023-05-04,"Rajiv Gandhi International Stadium, Uppal, Hyderabad",Hyderabad,Kolkata Knight Riders,Sunrisers Hyderabad,Kolkata Knight Riders,bat,Kolkata Knight Riders,1,completed,Kolkata Knight Riders,Sunrisers Hyderabad,Kolkata Knight Riders,Kolkata Knight Riders,,CV Varun
1359522,2023,2023-05-05,"Sawai Mansingh Stadium, Jaipur",Jaipur,Rajasthan Royals,Gujarat Titans,Rajasthan Royals,bat,Gujarat Titans,0,completed,Rajasthan Royals,Gujarat Titans,Rajasthan Royals,Gujarat Titans,,Rashid Khan
1359523,2023,2023-05-06,"MA Chidambaram Stadium, Chepauk, Chennai",Chennai,Mumbai Indians,Chennai Super Kings,Chennai Super Kings,field,Chennai Super Kings,0,completed,Mumbai Indians,Chennai Super Kings,Chennai Super Kings,Chennai Super Kings,,M Pathirana
1359524,2023,2023-05-06,"Arun Jaitley Stadium, Delhi",Delhi,Royal Challengers Bangalore,Delhi Capitals,Royal Challengers Bangalore,bat,Delhi Capitals,0,completed,Royal Challengers Bangalore,Delhi Capitals,Royal Challengers Bangalore,Delhi Capitals,,PD Salt
1359525,2023,2023-05-07,"Narendra Modi Stadium, Ahmedabad",Ahmedabad,Gujarat Titans,Lucknow Super Giants,Lucknow Super Giants,field,Gujarat Titans,1,completed,Gujarat Titans,Lucknow Super Giants,Lucknow Super Giants,Gujarat Titans,,Shubman Gill
1359526,2023,2023-05-07,"Sawai Mansingh Stadium, Jaipur",Jaipur,Rajasthan Royals,Sunrisers Hyderabad,Rajasthan Royals,bat,Sunrisers Hyderabad,0,completed,Rajasthan Royals,Sunrisers Hyderabad,Rajasthan Royals,Sunrisers Hyderabad,,GD Phillips
1359527,2023,2023-05-08,"Eden Gardens, Kolkata",Kolkata,Punjab Kings,Kolkata Knight Riders,Punjab Kings,bat,Kolkata Knight Riders,0,completed,Punjab Kings,Kolkata Knight Riders,Punjab Kings,Kolkata Knight Riders,,AD Russell
1359528,2023,2023-05-09,"Wankhede Stadium, Mumbai",Mumbai,Royal Challengers Bangalore,Mumbai Indians,Mumbai Indians,field,Mumbai Indians,0,completed,Royal Challengers Bangalore,Mumbai Indians,Mumbai Indians,Mumbai Indians,,SA Yadav
1359529,2023,2023-05-10,"MA Chidambaram Stadium, Chepauk, Chennai",Chennai,Chennai Super Kings,Delhi Capitals,Chennai Super Kings,bat,Chennai Super Kings,1,completed,Chennai Super Kings,Delhi Capitals,Chennai Super Kings,Chennai Super Kings,,RA Jadeja
1359530,2023,2023-05-11,"Eden Gardens, Kolkata",Kolkata,Kolkata Knight Riders,Rajasthan Royals,Rajasthan Royals,field,Rajasthan Royals,0,completed,Kolkata Knight Riders,Rajasthan Royals,Rajasthan Royals,Rajasthan Royals,,YBK Jaiswal
1359531,2023,2023-05-12,"Wankhede Stadium, Mumbai",Mumbai,Mumbai Indians,Gujarat Titans,Gujarat Titans,field,Mumbai Indians,1,completed,Mumbai Indians,Gujarat Titans,Gujarat Titans,Mumbai Indians,,SA Yadav
1359532,2023,2023-05-13,"Rajiv Gandhi International Stadium, Uppal, Hyderabad",Hyderabad,Sunrisers Hyderabad,Lucknow Super Giants,Sunrisers Hyderabad,bat,Lucknow Super Giants,0,completed,Sunrisers Hyderabad,Lucknow Super Giants,Sunrisers Hyderabad,Lucknow Super Giants,,PN Mankad
1359533,2023,2023-05-13,"Arun Jaitley Stadium, Delhi",Delhi,Punjab Kings,Delhi Capitals,Delhi Capitals,field,Punjab Kings,1,completed,Punjab Kings,Delhi Capitals,Delhi Capitals,Punjab Kings,,P Simran Singh
1359534,2023,2023-05-14,"Sawai Mansingh Stadium, Jaipur",Jaipur,Royal Challengers Bangalore,Rajasthan Royals,Royal Challengers Bangalore,bat,Royal Challengers Bangalore,1,completed,Royal Challengers Bangalore,Rajasthan Royals,Royal Challengers Bangalore,Royal Challengers Bangalore,,WD Parnell
1359535,2023,2023-05-14,"MA Chidambaram Stadium, Chepauk, Chennai",Chennai,Chennai Super Kings,Kolkata Knight Riders,Chennai Super Kings,bat,Kolkata Knight Riders,0,completed,Chennai Super Kings,Kolkata Knight Riders,Chennai Super Kings,Kolkata Knight Riders,,RK Singh
1359536,2023,2023-05-15,"Narendra Modi Stadium, Ahmedabad",Ahmedabad,Gujarat Titans,Sunrisers Hyderabad,Sunrisers Hyderabad,field,Gujarat Titans,1,completed,Gujarat Titans,Sunrisers Hyderabad,Sunrisers Hyderabad,Gujarat Titans,,Shubman Gill
1359537,2023,2023-05-16,"Bharat Ratna Shri Atal Bihari Vajpayee Ekana Cricket Stadium, Lucknow",Lucknow,Lucknow Super Giants,Mumbai Indians,Mumbai Indians,field,Lucknow Super Giants,1,completed,Lucknow Super Giants,Mumbai Indians,Mumbai Indians,Lucknow Super Giants,,MP Stoinis
1359538,2023,2023-05-17,"Himachal Pradesh Cricket Association Stadium, Dharamsala",Dharamsala,Delhi Capitals,Punjab Kings,Punjab Kings,field,Delhi Capitals,1,completed,Delhi Capitals,Punjab Kings,Punjab Kings,Delhi Capitals,,RR Rossouw
1359539,2023,2023-05-18,"Rajiv Gandhi International Stadium, Uppal, Hyderabad",Hyderabad,Sunrisers Hyderabad,Royal Challengers Bangalore,Royal Challengers Bangalore,field,Royal Challengers Bangalore,0,completed,Sunrisers Hyderabad,Royal Challengers Bangalore,Royal Challengers Bangalore,Royal Challengers Bangalore,,V Kohli
1359540,2023,2023-05-19,"Himachal Pradesh Cricket Association Stadium, Dharamsala",Dharamsala,Punjab Kings,Rajasthan Royals,Rajasthan Royals,field,Rajasthan Royals,0,completed,Punjab Kings,Rajasthan Royals,Rajasthan Royals,Rajasthan Royals,,D Padikkal
1359541,2023,2023-05-20,"Arun Jaitley Stadium, Delhi",Delhi,Chennai Super Kings,Delhi Capitals,Chennai Super Kings,bat,Chennai Super Kings,1,completed,Chennai Super Kings,Delhi Capitals,Chennai Super Kings,Chennai Super Kings,,RD Gaikwad
1359542,2023,2023-05-20,"Eden Gardens, Kolkata",Kolkata,Lucknow Super Giants,Kolkata Knight Riders,Kolkata Knight Riders,field,Lucknow Super Giants,1,completed,Lucknow Super Giants,Kolkata Knight Riders,Kolkata Knight Riders,Lucknow Super Giants,,N Pooran
1359543,2023,2023-05-21,"Wankhede Stadium, Mumbai",Mumbai,Sunrisers Hyderabad,Mumbai Indians,Mumbai Indians,field,Mumbai Indians,0,completed,Sunrisers Hyderabad,Mumbai Indians,Mumbai Indians,Mumbai Indians,,C Green
1359544,2023,2023-05-21,"M Chinnaswamy Stadium, Bengaluru",Bengaluru,Royal Challengers Bangalore,Gujarat Titans,Gujarat Titans,field,Gujarat Titans,0,completed,Royal Challengers Bangalore,Gujarat Titans,Gujarat Titans,Gujarat Titans,,Shubman Gill
1370350,2023,2023-05-23,"MA Chidambaram Stadium, Chepauk, Chennai",Chennai,Chennai Super Kings,Gujarat Titans,Gujarat Titans,field,Chennai Super Kings,1,completed,Chennai Super Kings,Gujarat Titans,Gujarat Titans,Chennai Super Kings,,RD Gaikwad
1370351,2023,2023-05-24,"MA Chidambaram Stadium, Chepauk, Chennai",Chennai,Mumbai Indians,Lucknow Super Giants,Mumbai Indians,bat,Mumbai Indians,1,completed,Mumbai Indians,Lucknow Super Giants,Mumbai Indians,Mumbai Indians,,Akash Madhwal
1370352,2023,2023-05-26,"Narendra Modi Stadium, Ahmedabad",Ahmedabad,Gujarat Titans,Mumbai Indians,Mumbai Indians,field,Gujarat Titans,1,completed,Gujarat Titans,Mumbai Indians,Mumbai Indians,Gujarat Titans,,Shubman Gill
1370353,2023,2023-05-29,"Narendra Modi Stadium, Ahmedabad",Ahmedabad,Gujarat Titans,Chennai Super Kings,Chennai Super Kings,field,Chennai Super Kings,0,completed,Gujarat Titans,Chennai Super Kings,Chennai Super Kings,Chennai Super Kings,,DP Conway
1422119,2024,2024-03-22,"MA Chidambaram Stadium, Chepauk, Chennai",Chennai,Royal Challengers Bangalore,Chennai Super Kings,Royal Challengers Bangalore,bat,Chennai Super Kings,0,completed,Royal Challengers Bengaluru,Chennai Super Kings,Royal Challengers Bengaluru,Chennai Super Kings,,Mustafizur Rahman
1422120,2024,2024-03-23,"Maharaja Yadavindra Singh International Cricket Stadium, Mullanpur",Mohali,Delhi Capitals,Punjab Kings,Punjab Kings,field,Punjab Kings,0,completed,Delhi Capitals,Punjab Kings,Punjab Kings,Punjab Kings,,SM Curran
1422121,2024,2024-03-23,"Eden Gardens, Kolkata",Kolkata,Kolkata Knight Riders,Sunrisers Hyderabad,Sunrisers Hyderabad,field,Kolkata Knight Riders,1,completed,Kolkata Knight Riders,Sunrisers Hyderabad,Sunrisers Hyderabad,Kolkata Knight Riders,,AD Russell
1422122,2024,2024-03-24,"Sawai Mansingh Stadium, Jaipur",Jaipur,Rajasthan Royals,Lucknow Super Giants,Rajasthan Royals,bat,Rajasthan Royals,1,completed,Rajasthan Royals,Lucknow Super Giants,Rajasthan Royals,Rajasthan Royals,,SV Samson
1422123,2024,2024-03-24,"Narendra Modi Stadium, Ahmedabad",Ahmedabad,Gujarat Titans,Mumbai Indians,Mumbai Indians,field,Gujarat Titans,1,completed,Gujarat Titans,Mumbai Indians,Mumbai Indians,Gujarat Titans,,B Sai Sudharsan
1422124,2024,2024-03-25,"M Chinnaswamy Stadium, Bengaluru",Bengaluru,Punjab Kings,Royal Challengers Bangalore,Royal Challengers Bangalore,field,Royal Challengers Bangalore,0,completed,Punjab Kings,Royal Challengers Bengaluru,Royal Challengers Bengaluru,Royal Challengers Bengaluru,,V Kohli
1422125,2024,2024-03-26,"MA Chidambaram Stadium, Chepauk, Chennai",Chennai,Chennai Super Kings,Gujarat Titans,Gujarat Titans,field,Chennai Super Kings,1,completed,Chennai Super Kings,Gujarat Titans,Gujarat Titans,Chennai Super Kings,,S Dube
1422126,2024,2024-03-27,"Rajiv Gandhi International Stadium, Uppal, Hyderabad",Hyderabad,Sunrisers Hyderabad,Mumbai Indians,Mumbai Indians,field,Sunrisers Hyderabad,1,completed,Sunrisers Hyderabad,Mumbai Indians,Mumbai Indians,Sunrisers Hyderabad,,Abhishek Sharma
1422127,2024,2024-03-28,"Sawai Mansingh Stadium, Jaipur",Jaipur,Rajasthan Royals,Delhi Capitals,Delhi Capitals,field,Rajasthan Royals,1,completed,Rajasthan Royals,Delhi Capitals,Delhi Capitals,Rajasthan Royals,,R Parag
1422128,2024,2024-03-29,"M Chinnaswamy Stadium, Bengaluru",Bengaluru,Royal Challengers Bangalore,Kolkata Knight Riders,Kolkata Knight Riders,field,Kolkata Knight Riders,0,completed,Royal Challengers Bengaluru,Kolkata Knight Riders,Kolkata Knight Riders,Kolkata Knight Riders,,SP Narine
1422129,2024,2024-03-30,"Bharat Ratna Shri Atal Bihari Vajpayee Ekana Cricket Stadium, Lucknow",Lucknow,Lucknow Super Giants,Punjab Kings,Lucknow Super Giants,bat,Lucknow Super Giants,1,completed,Lucknow Super Giants,Punjab Kings,Lucknow Super Giants,Lucknow Super Giants,,MP Yadav
1422130,2024,2024-03-31,"Narendra Modi Stadium, Ahmedabad",Ahmedabad,Sunrisers Hyderabad,Gujarat Titans,Sunrisers Hyderabad,bat,Gujarat Titans,0,completed,Sunrisers Hyderabad,Gujarat Titans,Sunrisers Hyderabad,Gujarat Titans,,MM Sharma
1422131,2024,2024-03-31,"Dr. Y.S. Rajasekhara Reddy ACA-VDCA Cricket Stadium, Visakhapatnam",Visakhapatnam,Delhi Capitals,Chennai Super Kings,Delhi Capitals,bat,Delhi Capitals,1,completed,Delhi Capitals,Chennai Super Kings,Delhi Capitals,Delhi Capitals,,KK Ahmed
1422132,2024,2024-04-01,"Wankhede Stadium, Mumbai",Mumbai,Mumbai Indians,Rajasthan Royals,Rajasthan Royals,field,Rajasthan Royals,0,completed,Mumbai Indians,Rajasthan Royals,Rajasthan Royals,Rajasthan Royals,,TA Boult
1422133,2024,2024-04-02,"M Chinnaswamy Stadium, Bengaluru",Bengaluru,Lucknow Super Giants,Royal Challengers Bangalore,Royal Challengers Bangalore,field,Lucknow Super Giants,1,completed,Lucknow Super Giants,Royal Challengers Bengaluru,Royal Challengers Bengaluru,Lucknow Super Giants,,MP Yadav
1422134,2024,2024-04-03,"Dr. Y.S. Rajasekhara Reddy ACA-VDCA Cricket Stadium, Visakhapatnam",Visakhapatnam,Kolkata Knight Riders,Delhi Capitals,Kolkata Knight Riders,bat,Kolkata Knight Riders,1,completed,Kolkata Knight Riders,Delhi Capitals,Kolkata Knight Riders,Kolkata Knight Riders,,SP Narine
1422135,2024,2024-04-04,"Narendra Modi Stadium, Ahmedabad",Ahmedabad,Gujarat Titans,Punjab Kings,Punjab Kings,field,Punjab Kings,0,completed,Gujarat Titans,Punjab Kings,Punjab Kings,Punjab Kings,,Shashank Singh
1422136,2024,2024-04-05,"Rajiv Gandhi International Stadium, Uppal, Hyderabad",Hyderabad,Chennai Super Kings,Sunrisers Hyderabad,Sunrisers Hyderabad,field,Sunrisers Hyderabad,0,completed,Chennai Super Kings,Sunrisers Hyderabad,Sunrisers Hyderabad,Sunrisers Hyderabad,,Abhishek Sharma
1422137,2024,2024-04-06,"Sawai Mansingh Stadium, Jaipur",Jaipur,Royal Challengers Bangalore,Rajasthan Royals,Rajasthan Royals,field,Rajasthan Royals,0,completed,Royal Challengers Bengaluru,Rajasthan Royals,Rajasthan Royals,Rajasthan Royals,,JC Buttler
1422138,2024,2024-04-07,"Wankhede Stadium, Mumbai",Mumbai,Mumbai Indians,Delhi Capitals,Delhi Capitals,field,Mumbai Indians,1,completed,Mumbai Indians,Delhi Capitals,Delhi Capitals,Mumbai Indians,,R Shepherd
1422139,2024,2024-04-07,"Bharat Ratna Shri Atal Bihari Vajpayee Ekana Cricket Stadium, Lucknow",Lucknow,Lucknow Super Giants,Gujarat Titans,Lucknow Super Giants,bat,Lucknow Super Giants,1,completed,Lucknow Super Giants,Gujarat Titans,Lucknow Super Giants,Lucknow Super Giants,,Yash Thakur
1426260,2024,2024-04-08,"MA Chidambaram Stadium, Chepauk, Chennai",Chennai,Kolkata Knight Riders,Chennai Super Kings,Chennai Super Kings,field,Chennai Super Kings,0,completed,Kolkata Knight Riders,Chennai Super Kings,Chennai Super Kings,Chennai Super Kings,,RA Jadeja
1426261,2024,2024-04-09,"Maharaja Yadavindra Singh International Cricket Stadium, Mullanpur",Mohali,Sunrisers Hyderabad,Punjab Kings,Punjab Kings,field,Sunrisers Hyderabad,1,completed,Sunrisers Hyderabad,Punjab Kings,Punjab Kings,Sunrisers Hyderabad,,Nithish Kumar Reddy
1426262,2024,2024-04-10,"Sawai Mansingh Stadium, Jaipur",Jaipur,Rajasthan Royals,Gujarat Titans,Gujarat Titans,field,Gujarat Titans,0,completed,Rajasthan Royals,Gujarat Titans,Gujarat Titans,Gujarat Titans,,Rashid Khan
1426263,2024,2024-04-11,"Wankhede Stadium, Mumbai",Mumbai,Royal Challengers Bangalore,Mumbai Indians,Mumbai Indians,field,Mumbai Indians,0,completed,Royal Challengers Bengaluru,Mumbai Indians,Mumbai Indians,Mumbai Indians,,JJ Bumrah
1426264,2024,2024-04-12,"Bharat Ratna Shri Atal Bihari Vajpayee Ekana Cricket Stadium, Lucknow",Lucknow,Lucknow Super Giants,Delhi Capitals,Lucknow Super Giants,bat,Delhi Capitals,0,completed,Lucknow Super Giants,Delhi Capitals,Lucknow Super Giants,Delhi Capitals,,Kuldeep Yadav
1426265,2024,2024-04-13,"Maharaja Yadavindra Singh International Cricket Stadium, Mullanpur",Mohali,Punjab Kings,Rajasthan Royals,Rajasthan Royals,field,Rajasthan Royals,0,completed,Punjab Kings,Rajasthan Royals,Rajasthan Royals,Rajasthan Royals,,SO Hetmyer
1426266,2024,2024-04-14,"Eden Gardens, Kolkata",Kolkata,Lucknow Super Giants,Kolkata Knight Riders,Kolkata Knight Riders,field,Kolkata Knight Riders,0,completed,Lucknow Super Giants,Kolkata Knight Riders,Kolkata Knight Riders,Kolkata Knight Riders,,PD Salt
1426267,2024,2024-04-14,"Wankhede Stadium, Mumbai",Mumbai,Chennai Super Kings,Mumbai Indians,Mumbai Indians,field,Chennai Super Kings,1,completed,Chennai Super Kings,Mumbai Indians,Mumbai Indians,Chennai Super Kings,,M Pathirana
1426268,2024,2024-04-15,"M Chinnaswamy Stadium, Bengaluru",Bengaluru,Sunrisers Hyderabad,Royal Challengers Bangalore,Royal Challengers Bangalore,field,Sunrisers Hyderabad,1,completed,Sunrisers Hyderabad,Royal Challengers Bengaluru,Royal Challengers Bengaluru,Sunrisers Hyderabad,,TM Head
1426269,2024,2024-04-16,"Eden Gardens, Kolkata",Kolkata,Kolkata Knight Riders,Rajasthan Royals,Rajasthan Royals,field,Rajasthan Royals,0,completed,Kolkata Knight Riders,Rajasthan Royals,Rajasthan Royals,Rajasthan Royals,,JC Buttler
1426270,2024,2024-04-17,"Narendra Modi Stadium, Ahmedabad",Ahmedabad,Gujarat Titans,Delhi Capitals,Delhi Capitals,field,Delhi Capitals,0,completed,Gujarat Titans,Delhi Capitals,Delhi Capitals,Delhi Capitals,,RR Pant
1426271,2024,2024-04-18,"Maharaja Yadavindra Singh International Cricket Stadium, Mullanpur",Mohali,Mumbai Indians,Punjab Kings,Punjab Kings,field,Mumbai Indians,1,completed,Mumbai Indians,Punjab Kings,Punjab Kings,Mumbai Indians,,JJ Bumrah
1426272,2024,2024-04-19,"Bharat Ratna Shri Atal Bihari Vajpayee Ekana Cricket Stadium, Lucknow",Lucknow,Chennai Super Kings,Lucknow Super Giants,Lucknow Super Giants,field,Lucknow Super Giants,0,completed,Chennai Super Kings,Lucknow Super Giants,Lucknow Super Giants,Lucknow Super Giants,,KL Rahul
1426273,2024,2024-04-20,"Arun Jaitley Stadium, Delhi",Delhi,Sunrisers Hyderabad,Delhi Capitals,Delhi Capitals,field,Sunrisers Hyderabad,1,completed,Sunrisers Hyderabad,Delhi Capitals,Delhi Capitals,Sunrisers Hyderabad,,TM Head
1426274,2024,2024-04-21,"Eden Gardens, Kolkata",Kolkata,Kolkata Knight Riders,Royal Challengers Bangalore,Royal Challengers Bangalore,field,Kolkata Knight Riders,1,completed,Kolkata Knight Riders,Royal Challengers Bengaluru,Royal Challengers Bengaluru,Kolkata Knight Riders,,AD Russell
1426275,2024,2024-04-21,"Maharaja Yadavindra Singh International Cricket Stadium, Mullanpur",Mohali,Punjab Kings,Gujarat Titans,Punjab Kings,bat,Gujarat Titans,0,completed,Punjab Kings,Gujarat Titans,Punjab Kings,Gujarat Titans,,R Sai Kishore
1426276,2024,2024-04-22,"Sawai Mansingh Stadium, Jaipur",Jaipur,Mumbai Indians,Rajasthan Royals,Mumbai Indians,bat,Rajasthan Royals,0,completed,Mumbai Indians,Rajasthan Royals,Mumbai Indians,Rajasthan Royals,,Sandeep Sharma
1426277,2024,2024-04-23,"MA Chidambaram Stadium, Chepauk, Chennai",Chennai,Chennai Super Kings,Lucknow Super Giants,Lucknow Super Giants,field,Lucknow Super Giants,0,completed,Chennai Super Kings,Lucknow Super Giants,Lucknow Super Giants,Lucknow Super Giants,,MP Stoinis
1426278,2024,2024-04-24,"Arun Jaitley Stadium, Delhi",Delhi,Delhi Capitals,Gujarat Titans,Gujarat Titans,field,Delhi Capitals,1,completed,Delhi Capitals,Gujarat Titans,Gujarat Titans,Delhi Capitals,,RR Pant
1426279,2024,2024-04-25,"Rajiv Gandhi International Stadium, Uppal, Hyderabad",Hyderabad,Royal Challengers Bangalore,Sunrisers Hyderabad,Royal Challengers Bangalore,bat,Royal Challengers Bangalore,1,completed,Royal Challengers Bengaluru,Sunrisers Hyderabad,Royal Challengers Bengaluru,Royal Challengers Bengaluru,,RM Patidar
1426280,2024,2024-04-26,"Eden Gardens, Kolkata",Kolkata,Kolkata Knight Riders,Punjab Kings,Punjab Kings,field,Punjab Kings,0,completed,Kolkata Knight Riders,Punjab Kings,Punjab Kings,Punjab Kings,,JM Bairstow
1426281,2024,2024-04-27,"Arun Jaitley Stadium, Delhi",Delhi,Delhi Capitals,Mumbai Indians,Mumbai Indians,field,Delhi Capitals,1,completed,Delhi Capitals,Mumbai Indians,Mumbai Indians,Delhi Capitals,,J Fraser-McGurk
1426282,2024,2024-04-27,"Bharat Ratna Shri Atal Bihari Vajpayee Ekana Cricket Stadium, Lucknow",Lucknow,Lucknow Super Giants,Rajasthan Royals,Rajasthan Royals,field,Rajasthan Royals,0,completed,Lucknow Super Giants,Rajasthan Royals,Rajasthan Royals,Rajasthan Royals,,SV Samson
1426283,2024,2024-04-28,"Narendra Modi Stadium, Ahmedabad",Ahmedabad,Gujarat Titans,Royal Challengers Bangalore,Royal Challengers Bangalore,field,Royal Challengers Bangalore,0,completed,Gujarat Titans,Royal Challengers Bengaluru,Royal Challengers Bengaluru,Royal Challengers Bengaluru,,WG Jacks
1426284,2024,2024-04-28,"MA Chidambaram Stadium, Chepauk, Chennai",Chennai,Chennai Super Kings,Sunrisers Hyderabad,Sunrisers Hyderabad,field,Chennai Super Kings,1,completed,Chennai Super Kings,Sunrisers Hyderabad,Sunrisers Hyderabad,Chennai Super Kings,,RD Gaikwad
1426285,2024,2024-04-29,"Eden Gardens, Kolkata",Kolkata,Delhi Capitals,Kolkata Knight Riders,Delhi Capitals,bat,Kolkata Knight Riders,0,completed,Delhi Capitals,Kolkata Knight Riders,Delhi Capitals,Kolkata Knight Riders,,CV Varun
1426286,2024,2024-04-30,"Bharat Ratna Shri Atal Bihari Vajpayee Ekana Cricket Stadium, Lucknow",Lucknow,Mumbai Indians,Lucknow Super Giants,Lucknow Super Giants,field,Lucknow Super Giants,0,completed,Mumbai Indians,Lucknow Super Giants,Lucknow Super Giants,Lucknow Super Giants,,MP Stoinis
1426287,2024,2024-05-01,"MA Chidambaram Stadium, Chepauk, Chennai",Chennai,Chennai Super Kings,Punjab Kings,Punjab Kings,field,Punjab Kings,0,completed,Chennai Super Kings,Punjab Kings,Punjab Kings,Punjab Kings,,Harpreet Brar
1426288,2024,2024-05-02,"Rajiv Gandhi International Stadium, Uppal, Hyderabad",Hyderabad,Sunrisers Hyderabad,Rajasthan Royals,Sunrisers Hyderabad,bat,Sunrisers Hyderabad,1,completed,Sunrisers Hyderabad,Rajasthan Royals,Sunrisers Hyderabad,Sunrisers Hyderabad,,B Kumar
1426289,2024,2024-05-03,"Wankhede Stadium, Mumbai",Mumbai,Kolkata Knight Riders,Mumbai Indians,Mumbai Indians,field,Kolkata Knight Riders,1,completed,Kolkata Knight Riders,Mumbai Indians,Mumbai Indians,Kolkata Knight Riders,,VR Iyer
1426290,2024,2024-05-04,"M Chinnaswamy Stadium, Bengaluru",Bengaluru,Gujarat Titans,Royal Challengers Bangalore,Royal Challengers Bangalore,field,Royal Challengers Bangalore,0,completed,Gujarat Titans,Royal Challengers Bengaluru,Royal Challengers Bengaluru,Royal Challengers Bengaluru,,Mohammed Siraj
1426291,2024,2024-05-05,"Himachal Pradesh Cricket Association Stadium, Dharamsala",Dharamsala,Chennai Super Kings,Punjab Kings,Punjab Kings,field,Chennai Super Kings,1,completed,Chennai Super Kings,Punjab Kings,Punjab Kings,Chennai Super Kings,,RA Jadeja
1426292,2024,2024-05-05,"Bharat Ratna Shri Atal Bihari Vajpayee Ekana Cricket Stadium, Lucknow",Lucknow,Kolkata Knight Riders,Lucknow Super Giants,Lucknow Super Giants,field,Kolkata Knight Riders,1,completed,Kolkata Knight Riders,Lucknow Super Giants,Lucknow Super Giants,Kolkata Knight Riders,,SP Narine
1426293,2024,2024-05-06,"Wankhede Stadium, Mumbai",Mumbai,Sunrisers Hyderabad,Mumbai Indians,Mumbai Indians,field,Mumbai Indians,0,completed,Sunrisers Hyderabad,Mumbai Indians,Mumbai Indians,Mumbai Indians,,SA Yadav
1426294,2024,2024-05-07,"Arun Jaitley Stadium, Delhi",Delhi,Delhi Capitals,Rajasthan Royals,Rajasthan Royals,field,Delhi Capitals,1,completed,Delhi Capitals,Rajasthan Royals,Rajasthan Royals,Delhi Capitals,,Kuldeep Yadav
1426295,2024,2024-05-08,"Rajiv Gandhi International Stadium, Uppal, Hyderabad",Hyderabad,Lucknow Super Giants,Sunrisers Hyderabad,Lucknow Super Giants,bat,Sunrisers Hyderabad,0,completed,Lucknow Super Giants,Sunrisers Hyderabad,Lucknow Super Giants,Sunrisers Hyderabad,,TM Head
1426296,2024,2024-05-09,"Himachal Pradesh Cricket Association Stadium, Dharamsala",Dharamsala,Royal Challengers Bangalore,Punjab Kings,Punjab Kings,field,Royal Challengers Bangalore,1,completed,Royal Challengers Bengaluru,Punjab Kings,Punjab Kings,Royal Challengers Bengaluru,,V Kohli
1426297,2024,2024-05-10,"Narendra Modi Stadium, Ahmedabad",Ahmedabad,Gujarat Titans,Chennai Super Kings,Chennai Super Kings,field,Gujarat Titans,1,completed,Gujarat Titans,Chennai Super Kings,Chennai Super Kings,Gujarat Titans,,Shubman Gill
1426298,2024,2024-05-11,"Eden Gardens, Kolkata",Kolkata,Kolkata Knight Riders,Mumbai Indians,Mumbai Indians,field,Kolkata Knight Riders,1,completed,Kolkata Knight Riders,Mumbai Indians,Mumbai Indians,Kolkata Knight Riders,,CV Varun
1426299,2024,2024-05-12,"MA Chidambaram Stadium, Chepauk, Chennai",Chennai,Rajasthan Royals,Chennai Super Kings,Rajasthan Royals,bat,Chennai Super Kings,0,completed,Rajasthan Royals,Chennai Super Kings,Rajasthan Royals,Chennai Super Kings,,Simarjeet Singh
1426300,2024,2024-05-12,"M Chinnaswamy Stadium, Bengaluru",Bengaluru,Royal Challengers Bangalore,Delhi Capitals,Delhi Capitals,field,Royal Challengers Bangalore,1,completed,Royal Challengers Bengaluru,Delhi Capitals,Delhi Capitals,Royal Challengers Bengaluru,,C Green
1426302,2024,2024-05-14,"Arun Jaitley Stadium, Delhi",Delhi,Delhi Capitals,Lucknow Super Giants,Lucknow Super Giants,field,Delhi Capitals,1,completed,Delhi Capitals,Lucknow Super Giants,Lucknow Super Giants,Delhi Capitals,,I Sharma
1426303,2024,2024-05-15,"Barsapara Cricket Stadium, Guwahati",Guwahati,Rajasthan Royals,Punjab Kings,Rajasthan Royals,bat,Punjab Kings,0,completed,Rajasthan Royals,Punjab Kings,Rajasthan Royals,Punjab Kings,,SM Curran
1426305,2024,2024-05-17,"Wankhede Stadium, Mumbai",Mumbai,Lucknow Super Giants,Mumbai Indians,Mumbai Indians,field,Lucknow Super Giants,1,completed,Lucknow Super Giants,Mumbai Indians,Mumbai Indians,Lucknow Super Giants,,N Pooran
1426306,2024,2024-05-18,"M Chinnaswamy Stadium, Bengaluru",Bengaluru,Royal Challengers Bangalore,Chennai Super Kings,Chennai Super Kings,field,Royal Challengers Bangalore,1,completed,Royal Challengers Bengaluru,Chennai Super Kings,Chennai Super Kings,Royal Challengers Bengaluru,,F du Plessis
1426307,2024,2024-05-19,"Rajiv Gandhi International Stadium, Uppal, Hyderabad",Hyderabad,Punjab Kings,Sunrisers Hyderabad,Punjab Kings,bat,Sunrisers Hyderabad,0,completed,Punjab Kings,Sunrisers Hyderabad,Punjab Kings,Sunrisers Hyderabad,,Abhishek Sharma
1426309,2024,2024-05-21,"Narendra Modi Stadium, Ahmedabad",Ahmedabad,Sunrisers Hyderabad,Kolkata Knight Riders,Sunrisers Hyderabad,bat,Kolkata Knight Riders,0,completed,Sunrisers Hyderabad,Kolkata Knight Riders,Sunrisers Hyderabad,Kolkata Knight Riders,,MA Starc
1426310,2024,2024-05-22,"Narendra Modi Stadium, Ahmedabad",Ahmedabad,Royal Challengers Bangalore,Rajasthan Royals,Rajasthan Royals,field,Rajasthan Royals,0,completed,Royal Challengers Bengaluru,Rajasthan Royals,Rajasthan Royals,Rajasthan Royals,,R Ashwin
1426311,2024,2024-05-24,"MA Chidambaram Stadium, Chepauk, Chennai",Chennai,Sunrisers Hyderabad,Rajasthan Royals,Rajasthan Royals,field,Sunrisers Hyderabad,1,completed,Sunrisers Hyderabad,Rajasthan Royals,Rajasthan Royals,Sunrisers Hyderabad,,Shahbaz Ahmed
1426312,2024,2024-05-26,"MA Chidambaram Stadium, Chepauk, Chennai",Chennai,Sunrisers Hyderabad,Kolkata Knight Riders,Sunrisers Hyderabad,bat,Kolkata Knight Riders,0,completed,Sunrisers Hyderabad,Kolkata Knight Riders,Sunrisers Hyderabad,Kolkata Knight Riders,,MA Starc
1473438,2025,2025-03-22,"Eden Gardens, Kolkata",Kolkata,Kolkata Knight Riders,Royal Challengers Bangalore,Royal Challengers Bangalore,field,Royal Challengers Bangalore,0,completed,Kolkata Knight Riders,Royal Challengers Bengaluru,Royal Challengers Bengaluru,Royal Challengers Bengaluru,,KH Pandya
1473439,2025,2025-03-23,"Rajiv Gandhi International Stadium, Uppal, Hyderabad",Hyderabad,Sunrisers Hyderabad,Rajasthan Royals,Rajasthan Royals,field,Sunrisers Hyderabad,1,completed,Sunrisers Hyderabad,Rajasthan Royals,Rajasthan Royals,Sunrisers Hyderabad,,Ishan Kishan
1473440,2025,2025-03-23,"MA Chidambaram Stadium, Chepauk, Chennai",Chennai,Mumbai Indians,Chennai Super Kings,Chennai Super Kings,field,Chennai Super Kings,0,completed,Mumbai Indians,Chennai Super Kings,Chennai Super Kings,Chennai Super Kings,,Noor Ahmad
1473441,2025,2025-03-24,"Dr. Y.S. Rajasekhara Reddy ACA-VDCA Cricket Stadium, Visakhapatnam",Visakhapatnam,Lucknow Super Giants,Delhi Capitals,Delhi Capitals,field,Delhi Capitals,0,completed,Lucknow Super Giants,Delhi Capitals,Delhi Capitals,Delhi Capitals,,Ashutosh Sharma
1473442,2025,2025-03-25,"Narendra Modi Stadium, Ahmedabad",Ahmedabad,Punjab Kings,Gujarat Titans,Gujarat Titans,field,Punjab Kings,1,completed,Punjab Kings,Gujarat Titans,Gujarat Titans,Punjab Kings,,SS Iyer
1473443,2025,2025-03-26,"Barsapara Cricket Stadium, Guwahati",Guwahati,Rajasthan Royals,Kolkata Knight Riders,Kolkata Knight Riders,field,Kolkata Knight Riders,0,completed,Rajasthan Royals,Kolkata Knight Riders,Kolkata Knight Riders,Kolkata Knight Riders,,Q de Kock
1473444,2025,2025-03-27,"Rajiv Gandhi International Stadium, Uppal, Hyderabad",Hyderabad,Sunrisers Hyderabad,Lucknow Super Giants,Lucknow Super Giants,field,Lucknow Super Giants,0,completed,Sunrisers Hyderabad,Lucknow Super Giants,Lucknow Super Giants,Lucknow Super Giants,,SN Thakur
1473445,2025,2025-03-28,"MA Chidambaram Stadium, Chepauk, Chennai",Chennai,Royal Challengers Bangalore,Chennai Super Kings,Chennai Super Kings,field,Royal Challengers Bangalore,1,completed,Royal Challengers Bengaluru,Chennai Super Kings,Chennai Super Kings,Royal Challengers Bengaluru,,RM Patidar
1473446,2025,2025-03-29,"Narendra Modi Stadium, Ahmedabad",Ahmedabad,Gujarat Titans,Mumbai Indians,Mumbai Indians,field,Gujarat Titans,1,completed,Gujarat Titans,Mumbai Indians,Mumbai Indians,Gujarat Titans,,M Prasidh Krishna
1473447,2025,2025-03-30,"Dr. Y.S. Rajasekhara Reddy ACA-VDCA Cricket Stadium, Visakhapatnam",Visakhapatnam,Sunrisers Hyderabad,Delhi Capitals,Sunrisers Hyderabad,bat,Delhi Capitals,0,completed,Sunrisers Hyderabad,Delhi Capitals,Sunrisers Hyderabad,Delhi Capitals,,MA Starc
1473448,2025,2025-03-30,"Barsapara Cricket Stadium, Guwahati",Guwahati,Rajasthan Royals,Chennai Super Kings,Chennai Super Kings,field,Rajasthan Royals,1,completed,Rajasthan Royals,Chennai Super Kings,Chennai Super Kings,Rajasthan Royals,,N Rana
1473449,2025,2025-03-31,"Wankhede Stadium, Mumbai",Mumbai,Kolkata Knight Riders,Mumbai Indians,Mumbai Indians,field,Mumbai Indians,0,completed,Kolkata Knight Riders,Mumbai Indians,Mumbai Indians,Mumbai Indians,,Ashwani Kumar
1473450,2025,2025-04-01,"Bharat Ratna Shri Atal Bihari Vajpayee Ekana Cricket Stadium, Lucknow",Lucknow,Lucknow Super Giants,Punjab Kings,Punjab Kings,field,Punjab Kings,0,completed,Lucknow Super Giants,Punjab Kings,Punjab Kings,Punjab Kings,,P Simran Singh
1473451,2025,2025-04-02,"M Chinnaswamy Stadium, Bengaluru",Bengaluru,Royal Challengers Bangalore,Gujarat Titans,Gujarat Titans,field,Gujarat Titans,0,completed,Royal Challengers Bengaluru,Gujarat Titans,Gujarat Titans,Gujarat Titans,,Mohammed Siraj
1473452,2025,2025-04-03,"Eden Gardens, Kolkata",Kolkata,Kolkata Knight Riders,Sunrisers Hyderabad,Sunrisers Hyderabad,field,Kolkata Knight Riders,1,completed,Kolkata Knight Riders,Sunrisers Hyderabad,Sunrisers Hyderabad,Kolkata Knight Riders,,VG Arora
1473453,2025,2025-04-04,"Bharat Ratna Shri Atal Bihari Vajpayee Ekana Cricket Stadium, Lucknow",Lucknow,Lucknow Super Giants,Mumbai Indians,Mumbai Indians,field,Lucknow Super Giants,1,completed,Lucknow Super Giants,Mumbai Indians,Mumbai Indians,Lucknow Super Giants,,DS Rathi
1473454,2025,2025-04-05,"MA Chidambaram Stadium, Chepauk, Chennai",Chennai,Delhi Capitals,Chennai Super Kings,Delhi Capitals,bat,Delhi Capitals,1,completed,Delhi Capitals,Chennai Super Kings,Delhi Capitals,Delhi Capitals,,KL Rahul
1473455,2025,2025-04-05,"Maharaja Yadavindra Singh International Cricket Stadium, Mullanpur",Mohali,Rajasthan Royals,Punjab Kings,Punjab Kings,field,Rajasthan Royals,1,completed,Rajasthan Royals,Punjab Kings,Punjab Kings,Rajasthan Royals,,JC Archer
1473457,2025,2025-04-06,"Rajiv Gandhi International Stadium, Uppal, Hyderabad",Hyderabad,Sunrisers Hyderabad,Gujarat Titans,Gujarat Titans,field,Gujarat Titans,0,completed,Sunrisers Hyderabad,Gujarat Titans,Gujarat Titans,Gujarat Titans,,Mohammed Siraj
1473458,2025,2025-04-07,"Wankhede Stadium, Mumbai",Mumbai,Royal Challengers Bangalore,Mumbai Indians,Mumbai Indians,field,Royal Challengers Bangalore,1,completed,Royal Challengers Bengaluru,Mumbai Indians,Mumbai Indians,Royal Challengers Bengaluru,,RM Patidar
1473456,2025,2025-04-08,"Eden Gardens, Kolkata",Kolkata,Lucknow Super Giants,Kolkata Knight Riders,Kolkata Knight Riders,field,Lucknow Super Giants,1,completed,Lucknow Super Giants,Kolkata Knight Riders,Kolkata Knight Riders,Lucknow Super Giants,,N Pooran
1473459,2025,2025-04-08,"Maharaja Yadavindra Singh International Cricket Stadium, Mullanpur",Mohali,Punjab Kings,Chennai Super Kings,Punjab Kings,bat,Punjab Kings,1,completed,Punjab Kings,Chennai Super Kings,Punjab Kings,Punjab Kings,,Priyansh Arya
1473460,2025,2025-04-09,"Narendra Modi Stadium, Ahmedabad",Ahmedabad,Gujarat Titans,Rajasthan Royals,Rajasthan Royals,field,Gujarat Titans,1,completed,Gujarat Titans,Rajasthan Royals,Rajasthan Royals,Gujarat Titans,,B Sai Sudharsan
1473461,2025,2025-04-10,"M Chinnaswamy Stadium, Bengaluru",Bengaluru,Royal Challengers Bangalore,Delhi Capitals,Delhi Capitals,field,Delhi Capitals,0,completed,Royal Challengers Bengaluru,Delhi Capitals,Delhi Capitals,Delhi Capitals,,KL Rahul
1473462,2025,2025-04-11,"MA Chidambaram Stadium, Chepauk, Chennai",Chennai,Chennai Super Kings,Kolkata Knight Riders,Kolkata Knight Riders,field,Kolkata Knight Riders,0,completed,Chennai Super Kings,Kolkata Knight Riders,Kolkata Knight Riders,Kolkata Knight Riders,,SP Narine
1473463,2025,2025-04-12,"Bharat Ratna Shri Atal Bihari Vajpayee Ekana Cricket Stadium, Lucknow",Lucknow,Gujarat Titans,Lucknow Super Giants,Lucknow Super Giants,field,Lucknow Super Giants,0,completed,Gujarat Titans,Lucknow Super Giants,Lucknow Super Giants,Lucknow Super Giants,,AK Markram
1473464,2025,2025-04-12,"Rajiv Gandhi International Stadium, Uppal, Hyderabad",Hyderabad,Punjab Kings,Sunrisers Hyderabad,Punjab Kings,bat,Sunrisers Hyderabad,0,completed,Punjab Kings,Sunrisers Hyderabad,Punjab Kings,Sunrisers Hyderabad,,Abhishek Sharma
1473465,2025,2025-04-13,"Sawai Mansingh Stadium, Jaipur",Jaipur,Rajasthan Royals,Royal Challengers Bangalore,Royal Challengers Bangalore,field,Royal Challengers Bangalore,0,completed,Rajasthan Royals,Royal Challengers Bengaluru,Royal Challengers Bengaluru,Royal Challengers Bengaluru,,PD Salt
1473466,2025,2025-04-13,"Arun Jaitley Stadium, Delhi",Delhi,Mumbai Indians,Delhi Capitals,Delhi Capitals,field,Mumbai Indians,1,completed,Mumbai Indians,Delhi Capitals,Delhi Capitals,Mumbai Indians,,KV Sharma
1473467,2025,2025-04-14,"Bharat Ratna Shri Atal Bihari Vajpayee Ekana Cricket Stadium, Lucknow",Lucknow,Lucknow Super Giants,Chennai Super Kings,Chennai Super Kings,field,Chennai Super Kings,0,completed,Lucknow Super Giants,Chennai Super Kings,Chennai Super Kings,Chennai Super Kings,,MS Dhoni
1473468,2025,2025-04-15,"Maharaja Yadavindra Singh International Cricket Stadium, Mullanpur",Mohali,Punjab Kings,Kolkata Knight Riders,Punjab Kings,bat,Punjab Kings,1,completed,Punjab Kings,Kolkata Knight Riders,Punjab Kings,Punjab Kings,,YS Chahal
1473469,2025,2025-04-16,"Arun Jaitley Stadium, Delhi",Delhi,Delhi Capitals,Rajasthan Royals,Rajasthan Royals,field,Delhi Capitals,1,tie_with_eliminator,Delhi Capitals,Rajasthan Royals,Rajasthan Royals,Delhi Capitals,Delhi Capitals,MA Starc
1473470,2025,2025-04-17,"Wankhede Stadium, Mumbai",Mumbai,Sunrisers Hyderabad,Mumbai Indians,Mumbai Indians,field,Mumbai Indians,0,completed,Sunrisers Hyderabad,Mumbai Indians,Mumbai Indians,Mumbai Indians,,WG Jacks
1473471,2025,2025-04-18,"M Chinnaswamy Stadium, Bengaluru",Bengaluru,Royal Challengers Bangalore,Punjab Kings,Punjab Kings,field,Punjab Kings,0,completed,Royal Challengers Bengaluru,Punjab Kings,Punjab Kings,Punjab Kings,,TH David
1473472,2025,2025-04-19,"Narendra Modi Stadium, Ahmedabad",Ahmedabad,Delhi Capitals,Gujarat Titans,Gujarat Titans,field,Gujarat Titans,0,completed,Delhi Capitals,Gujarat Titans,Gujarat Titans,Gujarat Titans,,JC Buttler
1473473,2025,2025-04-19,"Sawai Mansingh Stadium, Jaipur",Jaipur,Lucknow Super Giants,Rajasthan Royals,Lucknow Super Giants,bat,Lucknow Super Giants,1,completed,Lucknow Super Giants,Rajasthan Royals,Lucknow Super Giants,Lucknow Super Giants,,Avesh Khan
1473474,2025,2025-04-20,"Maharaja Yadavindra Singh International Cricket Stadium, Mullanpur",Mohali,Punjab Kings,Royal Challengers Bangalore,Royal Challengers Bangalore,field,Royal Challengers Bangalore,0,completed,Punjab Kings,Royal Challengers Bengaluru,Royal Challengers Bengaluru,Royal Challengers Bengaluru,,V Kohli
1473475,2025,2025-04-20,"Wankhede Stadium, Mumbai",Mumbai,Chennai Super Kings,Mumbai Indians,Mumbai Indians,field,Mumbai Indians,0,completed,Chennai Super Kings,Mumbai Indians,Mumbai Indians,Mumbai Indians,,RG Sharma
1473476,2025,2025-04-21,"Eden Gardens, Kolkata",Kolkata,Gujarat Titans,Kolkata Knight Riders,Kolkata Knight Riders,field,Gujarat Titans,1,completed,Gujarat Titans,Kolkata Knight Riders,Kolkata Knight Riders,Gujarat Titans,,Shubman Gill
1473477,2025,2025-04-22,"Bharat Ratna Shri Atal Bihari Vajpayee Ekana Cricket Stadium, Lucknow",Lucknow,Lucknow Super Giants,Delhi Capitals,Delhi Capitals,field,Delhi Capitals,0,completed,Lucknow Super Giants,Delhi Capitals,Delhi Capitals,Delhi Capitals,,Mukesh Kumar
1473478,2025,2025-04-23,"Rajiv Gandhi International Stadium, Uppal, Hyderabad",Hyderabad,Sunrisers Hyderabad,Mumbai Indians,Mumbai Indians,field,Mumbai Indians,0,completed,Sunrisers Hyderabad,Mumbai Indians,Mumbai Indians,Mumbai Indians,,TA Boult
1473479,2025,2025-04-24,"M Chinnaswamy Stadium, Bengaluru",Bengaluru,Royal Challengers Bangalore,Rajasthan Royals,Rajasthan Royals,field,Royal Challengers Bangalore,1,completed,Royal Challengers Bengaluru,Rajasthan Royals,Rajasthan Royals,Royal Challengers Bengaluru,,JR Hazlewood
1473480,2025,2025-04-25,"MA Chidambaram Stadium, Chepauk, Chennai",Chennai,Chennai Super Kings,Sunrisers Hyderabad,Sunrisers Hyderabad,field,Sunrisers Hyderabad,0,completed,Chennai Super Kings,Sunrisers Hyderabad,Sunrisers Hyderabad,Sunrisers Hyderabad,,HV Patel
1473482,2025,2025-04-27,"Wankhede Stadium, Mumbai",Mumbai,Mumbai Indians,Lucknow Super Giants,Lucknow Super Giants,field,Mumbai Indians,1,completed,Mumbai Indians,Lucknow Super Giants,Lucknow Super Giants,Mumbai Indians,,WG Jacks
1473483,2025,2025-04-27,"Arun Jaitley Stadium, Delhi",Delhi,Delhi Capitals,Royal Challengers Bangalore,Royal Challengers Bangalore,field,Royal Challengers Bangalore,0,completed,Delhi Capitals,Royal Challengers Bengaluru,Royal Challengers Bengaluru,Royal Challengers Bengaluru,,KH Pandya
1473484,2025,2025-04-28,"Sawai Mansingh Stadium, Jaipur",Jaipur,Gujarat Titans,Rajasthan Royals,Rajasthan Royals,field,Rajasthan Royals,0,completed,Gujarat Titans,Rajasthan Royals,Rajasthan Royals,Rajasthan Royals,,V Suryavanshi
1473485,2025,2025-04-29,"Arun Jaitley Stadium, Delhi",Delhi,Kolkata Knight Riders,Delhi Capitals,Delhi Capitals,field,Kolkata Knight Riders,1,completed,Kolkata Knight Riders,Delhi Capitals,Delhi Capitals,Kolkata Knight Riders,,SP Narine
1473486,2025,2025-04-30,"MA Chidambaram Stadium, Chepauk, Chennai",Chennai,Chennai Super Kings,Punjab Kings,Punjab Kings,field,Punjab Kings,0,completed,Chennai Super Kings,Punjab Kings,Punjab Kings,Punjab Kings,,SS Iyer
1473487,2025,2025-05-01,"Sawai Mansingh Stadium, Jaipur",Jaipur,Mumbai Indians,Rajasthan Royals,Rajasthan Royals,field,Mumbai Indians,1,completed,Mumbai Indians,Rajasthan Royals,Rajasthan Royals,Mumbai Indians,,RD Rickelton
1473488,2025,2025-05-02,"Narendra Modi Stadium, Ahmedabad",Ahmedabad,Gujarat Titans,Sunrisers Hyderabad,Sunrisers Hyderabad,field,Gujarat Titans,1,completed,Gujarat Titans,Sunrisers Hyderabad,Sunrisers Hyderabad,Gujarat Titans,,M Prasidh Krishna
1473489,2025,2025-05-03,"M Chinnaswamy Stadium, Bengaluru",Bengaluru,Royal Challengers Bangalore,Chennai Super Kings,Chennai Super Kings,field,Royal Challengers Bangalore,1,completed,Royal Challengers Bengaluru,Chennai Super Kings,Chennai Super Kings,Royal Challengers Bengaluru,,R Shepherd
1473490,2025,2025-05-04,"Eden Gardens, Kolkata",Kolkata,Kolkata Knight Riders,Rajasthan Royals,Kolkata Knight Riders,bat,Kolkata Knight Riders,1,completed,Kolkata Knight Riders,Rajasthan Royals,Kolkata Knight Riders,Kolkata Knight Riders,,AD Russell
1473491,2025,2025-05-04,"Himachal Pradesh Cricket Association Stadium, Dharamsala",Dharamsala,Punjab Kings,Lucknow Super Giants,Lucknow Super Giants,field,Punjab Kings,1,completed,Punjab Kings,Lucknow Super Giants,Lucknow Super Giants,Punjab Kings,,P Simran Singh
1473493,2025,2025-05-06,"Wankhede Stadium, Mumbai",Mumbai,Mumbai Indians,Gujarat Titans,Gujarat Titans,field,Gujarat Titans,0,completed,Mumbai Indians,Gujarat Titans,Gujarat Titans,Gujarat Titans,,Shubman Gill
1473494,2025,2025-05-07,"Eden Gardens, Kolkata",Kolkata,Kolkata Knight Riders,Chennai Super Kings,Kolkata Knight Riders,bat,Chennai Super Kings,0,completed,Kolkata Knight Riders,Chennai Super Kings,Kolkata Knight Riders,Chennai Super Kings,,Noor Ahmad
1473497,2025,2025-05-18,"Sawai Mansingh Stadium, Jaipur",Jaipur,Punjab Kings,Rajasthan Royals,Punjab Kings,bat,Punjab Kings,1,completed,Punjab Kings,Rajasthan Royals,Punjab Kings,Punjab Kings,,Harpreet Brar
1473498,2025,2025-05-18,"Arun Jaitley Stadium, Delhi",Delhi,Delhi Capitals,Gujarat Titans,Gujarat Titans,field,Gujarat Titans,0,completed,Delhi Capitals,Gujarat Titans,Gujarat Titans,Gujarat Titans,,B Sai Sudharsan
1473499,2025,2025-05-19,"Bharat Ratna Shri Atal Bihari Vajpayee Ekana Cricket Stadium, Lucknow",Lucknow,Lucknow Super Giants,Sunrisers Hyderabad,Sunrisers Hyderabad,field,Sunrisers Hyderabad,0,completed,Lucknow Super Giants,Sunrisers Hyderabad,Sunrisers Hyderabad,Sunrisers Hyderabad,,Abhishek Sharma
1473500,2025,2025-05-20,"Arun Jaitley Stadium, Delhi",Delhi,Chennai Super Kings,Rajasthan Royals,Rajasthan Royals,field,Rajasthan Royals,0,completed,Chennai Super Kings,Rajasthan Royals,Rajasthan Royals,Rajasthan Royals,,Akash Madhwal
1473501,2025,2025-05-21,"Wankhede Stadium, Mumbai",Mumbai,Mumbai Indians,Delhi Capitals,Delhi Capitals,field,Mumbai Indians,1,completed,Mumbai Indians,Delhi Capitals,Delhi Capitals,Mumbai Indians,,SA Yadav
1473502,2025,2025-05-22,"Narendra Modi Stadium, Ahmedabad",Ahmedabad,Lucknow Super Giants,Gujarat Titans,Gujarat Titans,field,Lucknow Super Giants,1,completed,Lucknow Super Giants,Gujarat Titans,Gujarat Titans,Lucknow Super Giants,,MR Marsh
1473503,2025,2025-05-23,"Bharat Ratna Shri Atal Bihari Vajpayee Ekana Cricket Stadium, Lucknow",Lucknow,Sunrisers Hyderabad,Royal Challengers Bangalore,Royal Challengers Bangalore,field,Sunrisers Hyderabad,1,completed,Sunrisers Hyderabad,Royal Challengers Bengaluru,Royal Challengers Bengaluru,Sunrisers Hyderabad,,Ishan Kishan
1485779,2025,2025-05-24,"Sawai Mansingh Stadium, Jaipur",Jaipur,Punjab Kings,Delhi Capitals,Delhi Capitals,field,Delhi Capitals,0,completed,Punjab Kings,Delhi Capitals,Delhi Capitals,Delhi Capitals,,Sameer Rizvi
1473504,2025,2025-05-25,"Narendra Modi Stadium, Ahmedabad",Ahmedabad,Chennai Super Kings,Gujarat Titans,Chennai Super Kings,bat,Chennai Super Kings,1,completed,Chennai Super Kings,Gujarat Titans,Chennai Super Kings,Chennai Super Kings,,D Brevis
1473505,2025,2025-05-25,"Arun Jaitley Stadium, Delhi",Delhi,Sunrisers Hyderabad,Kolkata Knight Riders,Sunrisers Hyderabad,bat,Sunrisers Hyderabad,1,completed,Sunrisers Hyderabad,Kolkata Knight Riders,Sunrisers Hyderabad,Sunrisers Hyderabad,,H Klaasen
1473506,2025,2025-05-26,"Sawai Mansingh Stadium, Jaipur",Jaipur,Mumbai Indians,Punjab Kings,Punjab Kings,field,Punjab Kings,0,completed,Mumbai Indians,Punjab Kings,Punjab Kings,Punjab Kings,,JP Inglis
1473507,2025,2025-05-27,"Bharat Ratna Shri Atal Bihari Vajpayee Ekana Cricket Stadium, Lucknow",Lucknow,Lucknow Super Giants,Royal Challengers Bangalore,Royal Challengers Bangalore,field,Royal Challengers Bangalore,0,completed,Lucknow Super Giants,Royal Challengers Bengaluru,Royal Challengers Bengaluru,Royal Challengers Bengaluru,,JM Sharma
1473508,2025,2025-05-29,"Maharaja Yadavindra Singh International Cricket Stadium, Mullanpur",New Chandigarh,Punjab Kings,Royal Challengers Bangalore,Royal Challengers Bangalore,field,Royal Challengers Bangalore,0,completed,Punjab Kings,Royal Challengers Bengaluru,Royal Challengers Bengaluru,Royal Challengers Bengaluru,,Suyash Sharma
1473509,2025,2025-05-30,"Maharaja Yadavindra Singh International Cricket Stadium, New Chandigarh",New Chandigarh,Mumbai Indians,Gujarat Titans,Mumbai Indians,bat,Mumbai Indians,1,completed,Mumbai Indians,Gujarat Titans,Mumbai Indians,Mumbai Indians,,RG Sharma
1473510,2025,2025-06-01,"Narendra Modi Stadium, Ahmedabad",Ahmedabad,Mumbai Indians,Punjab Kings,Punjab Kings,field,Punjab Kings,0,completed,Mumbai Indians,Punjab Kings,Punjab Kings,Punjab Kings,,SS Iyer
1473511,2025,2025-06-03,"Narendra Modi Stadium, Ahmedabad",Ahmedabad,Royal Challengers Bangalore,Punjab Kings,Punjab Kings,field,Royal Challengers Bangalore,1,completed,Royal Challengers Bengaluru,Punjab Kings,Punjab Kings,Royal Challengers Bengaluru,,KH Pandya
1527674,2026,2026-03-28,"M Chinnaswamy Stadium, Bengaluru",Bengaluru,Sunrisers Hyderabad,Royal Challengers Bangalore,Royal Challengers Bangalore,field,Royal Challengers Bangalore,0,completed,Sunrisers Hyderabad,Royal Challengers Bengaluru,Royal Challengers Bengaluru,Royal Challengers Bengaluru,,JA Duffy
1527675,2026,2026-03-29,"Wankhede Stadium, Mumbai",Mumbai,Kolkata Knight Riders,Mumbai Indians,Mumbai Indians,field,Mumbai Indians,0,completed,Kolkata Knight Riders,Mumbai Indians,Mumbai Indians,Mumbai Indians,,SN Thakur
1527676,2026,2026-03-30,"Barsapara Cricket Stadium, Guwahati",Guwahati,Chennai Super Kings,Rajasthan Royals,Rajasthan Royals,field,Rajasthan Royals,0,completed,Chennai Super Kings,Rajasthan Royals,Rajasthan Royals,Rajasthan Royals,,N Burger
1527677,2026,2026-03-31,"Maharaja Yadavindra Singh International Cricket Stadium, New Chandigarh",New Chandigarh,Gujarat Titans,Punjab Kings,Punjab Kings,field,Punjab Kings,0,completed,Gujarat Titans,Punjab Kings,Punjab Kings,Punjab Kings,,C Connolly
1527678,2026,2026-04-01,"Bharat Ratna Shri Atal Bihari Vajpayee Ekana Cricket Stadium, Lucknow",Lucknow,Lucknow Super Giants,Delhi Capitals,Delhi Capitals,field,Delhi Capitals,0,completed,Lucknow Super Giants,Delhi Capitals,Delhi Capitals,Delhi Capitals,,Sameer Rizvi
1527679,2026,2026-04-02,"Eden Gardens, Kolkata",Kolkata,Sunrisers Hyderabad,Kolkata Knight Riders,Kolkata Knight Riders,field,Sunrisers Hyderabad,1,completed,Sunrisers Hyderabad,Kolkata Knight Riders,Kolkata Knight Riders,Sunrisers Hyderabad,,Nithish Kumar Reddy
1527680,2026,2026-04-03,"MA Chidambaram Stadium, Chepauk, Chennai",Chennai,Chennai Super Kings,Punjab Kings,Punjab Kings,field,Punjab Kings,0,completed,Chennai Super Kings,Punjab Kings,Punjab Kings,Punjab Kings,,Priyansh Arya
1527681,2026,2026-04-04,"Arun Jaitley Stadium, Delhi",Delhi,Mumbai Indians,Delhi Capitals,Delhi Capitals,field,Delhi Capitals,0,completed,Mumbai Indians,Delhi Capitals,Delhi Capitals,Delhi Capitals,,Sameer Rizvi
1527682,2026,2026-04-04,"Narendra Modi Stadium, Ahmedabad",Ahmedabad,Rajasthan Royals,Gujarat Titans,Rajasthan Royals,bat,Rajasthan Royals,1,completed,Rajasthan Royals,Gujarat Titans,Rajasthan Royals,Rajasthan Royals,,Ravi Bishnoi
1527683,2026,2026-04-05,"Rajiv Gandhi International Stadium, Uppal, Hyderabad",Hyderabad,Sunrisers Hyderabad,Lucknow Super Giants,Lucknow Super Giants,field,Lucknow Super Giants,0,completed,Sunrisers Hyderabad,Lucknow Super Giants,Lucknow Super Giants,Lucknow Super Giants,,Mohammed Shami
1527684,2026,2026-04-05,"M Chinnaswamy Stadium, Bengaluru",Bengaluru,Royal Challengers Bangalore,Chennai Super Kings,Chennai Super Kings,field,Royal Challengers Bangalore,1,completed,Royal Challengers Bengaluru,Chennai Super Kings,Chennai Super Kings,Royal Challengers Bengaluru,,TH David
1527686,2026,2026-04-07,"Barsapara Cricket Stadium, Guwahati",Guwahati,Rajasthan Royals,Mumbai Indians,Mumbai Indians,field,Rajasthan Royals,1,completed,Rajasthan Royals,Mumbai Indians,Mumbai Indians,Rajasthan Royals,,YBK Jaiswal
1527687,2026,2026-04-08,"Arun Jaitley Stadium, Delhi",Delhi,Gujarat Titans,Delhi Capitals,Delhi Capitals,field,Gujarat Titans,1,completed,Gujarat Titans,Delhi Capitals,Delhi Capitals,Gujarat Titans,,Rashid Khan
1527688,2026,2026-04-09,"Eden Gardens, Kolkata",Kolkata,Kolkata Knight Riders,Lucknow Super Giants,Lucknow Super Giants,field,Lucknow Super Giants,0,completed,Kolkata Knight Riders,Lucknow Super Giants,Lucknow Super Giants,Lucknow Super Giants,,MD Choudhary
1527689,2026,2026-04-10,"Barsapara Cricket Stadium, Guwahati",Guwahati,Royal Challengers Bangalore,Rajasthan Royals,Rajasthan Royals,field,Rajasthan Royals,0,completed,Royal Challengers Bengaluru,Rajasthan Royals,Rajasthan Royals,Rajasthan Royals,,V Suryavanshi
1527690,2026,2026-04-11,"Maharaja Yadavindra Singh International Cricket Stadium, New Chandigarh",New Chandigarh,Sunrisers Hyderabad,Punjab Kings,Punjab Kings,field,Punjab Kings,0,completed,Sunrisers Hyderabad,Punjab Kings,Punjab Kings,Punjab Kings,,SS Iyer
1527691,2026,2026-04-11,"MA Chidambaram Stadium, Chepauk, Chennai",Chennai,Chennai Super Kings,Delhi Capitals,Delhi Capitals,field,Chennai Super Kings,1,completed,Chennai Super Kings,Delhi Capitals,Delhi Capitals,Chennai Super Kings,,SV Samson
1527692,2026,2026-04-12,"Bharat Ratna Shri Atal Bihari Vajpayee Ekana Cricket Stadium, Lucknow",Lucknow,Lucknow Super Giants,Gujarat Titans,Gujarat Titans,field,Gujarat Titans,0,completed,Lucknow Super Giants,Gujarat Titans,Gujarat Titans,Gujarat Titans,,M Prasidh Krishna
1527693,2026,2026-04-12,"Wankhede Stadium, Mumbai",Mumbai,Royal Challengers Bangalore,Mumbai Indians,Mumbai Indians,field,Royal Challengers Bangalore,1,completed,Royal Challengers Bengaluru,Mumbai Indians,Mumbai Indians,Royal Challengers Bengaluru,,PD Salt
1529264,2026,2026-04-13,"Rajiv Gandhi International Stadium, Uppal, Hyderabad",Hyderabad,Sunrisers Hyderabad,Rajasthan Royals,Rajasthan Royals,field,Sunrisers Hyderabad,1,completed,Sunrisers Hyderabad,Rajasthan Royals,Rajasthan Royals,Sunrisers Hyderabad,,PP Hinge
1529265,2026,2026-04-14,"MA Chidambaram Stadium, Chepauk, Chennai",Chennai,Chennai Super Kings,Kolkata Knight Riders,Kolkata Knight Riders,field,Chennai Super Kings,1,completed,Chennai Super Kings,Kolkata Knight Riders,Kolkata Knight Riders,Chennai Super Kings,,Noor Ahmad
1529266,2026,2026-04-15,"M Chinnaswamy Stadium, Bengaluru",Bengaluru,Lucknow Super Giants,Royal Challengers Bangalore,Royal Challengers Bangalore,field,Royal Challengers Bangalore,0,completed,Lucknow Super Giants,Royal Challengers Bengaluru,Royal Challengers Bengaluru,Royal Challengers Bengaluru,,JR Hazlewood
1529267,2026,2026-04-16,"Wankhede Stadium, Mumbai",Mumbai,Mumbai Indians,Punjab Kings,Punjab Kings,field,Punjab Kings,0,completed,Mumbai Indians,Punjab Kings,Punjab Kings,Punjab Kings,,Arshdeep Singh
1529268,2026,2026-04-17,"Narendra Modi Stadium, Ahmedabad",Ahmedabad,Kolkata Knight Riders,Gujarat Titans,Kolkata Knight Riders,bat,Gujarat Titans,0,completed,Kolkata Knight Riders,Gujarat Titans,Kolkata Knight Riders,Gujarat Titans,,Shubman Gill
1529269,2026,2026-04-18,"M Chinnaswamy Stadium, Bengaluru",Bengaluru,Royal Challengers Bangalore,Delhi Capitals,Delhi Capitals,field,Delhi Capitals,0,completed,Royal Challengers Bengaluru,Delhi Capitals,Delhi Capitals,Delhi Capitals,,T Stubbs
1529270,2026,2026-04-18,"Rajiv Gandhi International Stadium, Uppal, Hyderabad",Hyderabad,Sunrisers Hyderabad,Chennai Super Kings,Chennai Super Kings,field,Sunrisers Hyderabad,1,completed,Sunrisers Hyderabad,Chennai Super Kings,Chennai Super Kings,Sunrisers Hyderabad,,E Malinga
1529271,2026,2026-04-19,"Eden Gardens, Kolkata",Kolkata,Rajasthan Royals,Kolkata Knight Riders,Rajasthan Royals,bat,Kolkata Knight Riders,0,completed,Rajasthan Royals,Kolkata Knight Riders,Rajasthan Royals,Kolkata Knight Riders,,CV Varun
1529272,2026,2026-04-19,"Maharaja Yadavindra Singh International Cricket Stadium, New Chandigarh",New Chandigarh,Punjab Kings,Lucknow Super Giants,Lucknow Super Giants,field,Punjab Kings,1,completed,Punjab Kings,Lucknow Super Giants,Lucknow Super Giants,Punjab Kings,,Priyansh Arya
1529273,2026,2026-04-20,"Narendra Modi Stadium, Ahmedabad",Ahmedabad,Mumbai Indians,Gujarat Titans,Gujarat Titans,field,Mumbai Indians,1,completed,Mumbai Indians,Gujarat Titans,Gujarat Titans,Mumbai Indians,,Tilak Varma
1529274,2026,2026-04-21,"Rajiv Gandhi International Stadium, Uppal, Hyderabad",Hyderabad,Sunrisers Hyderabad,Delhi Capitals,Delhi Capitals,field,Sunrisers Hyderabad,1,completed,Sunrisers Hyderabad,Delhi Capitals,Delhi Capitals,Sunrisers Hyderabad,,Abhishek Sharma
1529275,2026,2026-04-22,"Bharat Ratna Shri Atal Bihari Vajpayee Ekana Cricket Stadium, Lucknow",Lucknow,Rajasthan Royals,Lucknow Super Giants,Lucknow Super Giants,field,Rajasthan Royals,1,completed,Rajasthan Royals,Lucknow Super Giants,Lucknow Super Giants,Rajasthan Royals,,RA Jadeja
1529276,2026,2026-04-23,"Wankhede Stadium, Mumbai",Mumbai,Chennai Super Kings,Mumbai Indians,Mumbai Indians,field,Chennai Super Kings,1,completed,Chennai Super Kings,Mumbai Indians,Mumbai Indians,Chennai Super Kings,,SV Samson
1529277,2026,2026-04-24,"M Chinnaswamy Stadium, Bengaluru",Bengaluru,Gujarat Titans,Royal Challengers Bangalore,Royal Challengers Bangalore,field,Royal Challengers Bangalore,0,completed,Gujarat Titans,Royal Challengers Bengaluru,Royal Challengers Bengaluru,Royal Challengers Bengaluru,,V Kohli
1529278,2026,2026-04-25,"Arun Jaitley Stadium, Delhi",Delhi,Delhi Capitals,Punjab Kings,Delhi Capitals,bat,Punjab Kings,0,completed,Delhi Capitals,Punjab Kings,Delhi Capitals,Punjab Kings,,KL Rahul
1529279,2026,2026-04-25,"Sawai Mansingh Stadium, Jaipur",Jaipur,Rajasthan Royals,Sunrisers Hyderabad,Sunrisers Hyderabad,field,Sunrisers Hyderabad,0,completed,Rajasthan Royals,Sunrisers Hyderabad,Sunrisers Hyderabad,Sunrisers Hyderabad,,Ishan Kishan
1529280,2026,2026-04-26,"MA Chidambaram Stadium, Chepauk, Chennai",Chennai,Chennai Super Kings,Gujarat Titans,Gujarat Titans,field,Gujarat Titans,0,completed,Chennai Super Kings,Gujarat Titans,Gujarat Titans,Gujarat Titans,,K Rabada
1529281,2026,2026-04-26,"Bharat Ratna Shri Atal Bihari Vajpayee Ekana Cricket Stadium, Lucknow",Lucknow,Kolkata Knight Riders,Lucknow Super Giants,Lucknow Super Giants,field,Kolkata Knight Riders,1,tie_with_eliminator,Kolkata Knight Riders,Lucknow Super Giants,Lucknow Super Giants,Kolkata Knight Riders,Kolkata Knight Riders,RK Singh
1529282,2026,2026-04-27,"Arun Jaitley Stadium, Delhi",Delhi,Delhi Capitals,Royal Challengers Bangalore,Royal Challengers Bangalore,field,Royal Challengers Bangalore,0,completed,Delhi Capitals,Royal Challengers Bengaluru,Royal Challengers Bengaluru,Royal Challengers Bengaluru,,JR Hazlewood
1529283,2026,2026-04-28,"Maharaja Yadavindra Singh International Cricket Stadium, New Chandigarh",New Chandigarh,Punjab Kings,Rajasthan Royals,Rajasthan Royals,field,Rajasthan Royals,0,completed,Punjab Kings,Rajasthan Royals,Rajasthan Royals,Rajasthan Royals,,D Ferreira
1529284,2026,2026-04-29,"Wankhede Stadium, Mumbai",Mumbai,Mumbai Indians,Sunrisers Hyderabad,Mumbai Indians,bat,Sunrisers Hyderabad,0,completed,Mumbai Indians,Sunrisers Hyderabad,Mumbai Indians,Sunrisers Hyderabad,,H Klaasen
1529285,2026,2026-04-30,"Narendra Modi Stadium, Ahmedabad",Ahmedabad,Royal Challengers Bangalore,Gujarat Titans,Gujarat Titans,field,Gujarat Titans,0,completed,Royal Challengers Bengaluru,Gujarat Titans,Gujarat Titans,Gujarat Titans,,JO Holder
1529286,2026,2026-05-01,"Sawai Mansingh Stadium, Jaipur",Jaipur,Rajasthan Royals,Delhi Capitals,Rajasthan Royals,bat,Delhi Capitals,0,completed,Rajasthan Royals,Delhi Capitals,Rajasthan Royals,Delhi Capitals,,KL Rahul
1529287,2026,2026-05-02,"MA Chidambaram Stadium, Chepauk, Chennai",Chennai,Mumbai Indians,Chennai Super Kings,Mumbai Indians,bat,Chennai Super Kings,0,completed,Mumbai Indians,Chennai Super Kings,Mumbai Indians,Chennai Super Kings,,RD Gaikwad
1529288,2026,2026-05-03,"Rajiv Gandhi International Stadium, Uppal, Hyderabad",Hyderabad,Sunrisers Hyderabad,Kolkata Knight Riders,Sunrisers Hyderabad,bat,Kolkata Knight Riders,0,completed,Sunrisers Hyderabad,Kolkata Knight Riders,Sunrisers Hyderabad,Kolkata Knight Riders,,CV Varun
1529289,2026,2026-05-03,"Narendra Modi Stadium, Ahmedabad",Ahmedabad,Punjab Kings,Gujarat Titans,Gujarat Titans,field,Gujarat Titans,0,completed,Punjab Kings,Gujarat Titans,Gujarat Titans,Gujarat Titans,,JO Holder
1529290,2026,2026-05-04,"Wankhede Stadium, Mumbai",Mumbai,Lucknow Super Giants,Mumbai Indians,Mumbai Indians,field,Mumbai Indians,0,completed,Lucknow Super Giants,Mumbai Indians,Mumbai Indians,Mumbai Indians,,RD Rickelton
1529291,2026,2026-05-05,"Arun Jaitley Stadium, Delhi",Delhi,Delhi Capitals,Chennai Super Kings,Delhi Capitals,bat,Chennai Super Kings,0,completed,Delhi Capitals,Chennai Super Kings,Delhi Capitals,Chennai Super Kings,,SV Samson
1529292,2026,2026-05-06,"Rajiv Gandhi International Stadium, Uppal, Hyderabad",Hyderabad,Sunrisers Hyderabad,Punjab Kings,Punjab Kings,field,Sunrisers Hyderabad,1,completed,Sunrisers Hyderabad,Punjab Kings,Punjab Kings,Sunrisers Hyderabad,,PJ Cummins
1529293,2026,2026-05-07,"Bharat Ratna Shri Atal Bihari Vajpayee Ekana Cricket Stadium, Lucknow",Lucknow,Lucknow Super Giants,Royal Challengers Bangalore,Royal Challengers Bangalore,field,Lucknow Super Giants,1,completed,Lucknow Super Giants,Royal Challengers Bengaluru,Royal Challengers Bengaluru,Lucknow Super Giants,,MR Marsh
1529294,2026,2026-05-08,"Arun Jaitley Stadium, Delhi",Delhi,Delhi Capitals,Kolkata Knight Riders,Kolkata Knight Riders,field,Kolkata Knight Riders,0,completed,Delhi Capitals,Kolkata Knight Riders,Kolkata Knight Riders,Kolkata Knight Riders,,FH Allen
1529295,2026,2026-05-09,"Sawai Mansingh Stadium, Jaipur",Jaipur,Gujarat Titans,Rajasthan Royals,Rajasthan Royals,field,Gujarat Titans,1,completed,Gujarat Titans,Rajasthan Royals,Rajasthan Royals,Gujarat Titans,,Rashid Khan
1529296,2026,2026-05-10,"MA Chidambaram Stadium, Chepauk, Chennai",Chennai,Lucknow Super Giants,Chennai Super Kings,Chennai Super Kings,field,Chennai Super Kings,0,completed,Lucknow Super Giants,Chennai Super Kings,Chennai Super Kings,Chennai Super Kings,,J Overton
1529297,2026,2026-05-10,"Shaheed Veer Narayan Singh International Stadium, Raipur",Raipur,Mumbai Indians,Royal Challengers Bangalore,Royal Challengers Bangalore,field,Royal Challengers Bangalore,0,completed,Mumbai Indians,Royal Challengers Bengaluru,Royal Challengers Bengaluru,Royal Challengers Bengaluru,,B Kumar
1529298,2026,2026-05-11,"Himachal Pradesh Cricket Association Stadium, Dharamsala",Dharamsala,Punjab Kings,Delhi Capitals,Delhi Capitals,field,Delhi Capitals,0,completed,Punjab Kings,Delhi Capitals,Delhi Capitals,Delhi Capitals,,M Tiwari
1529299,2026,2026-05-12,"Narendra Modi Stadium, Ahmedabad",Ahmedabad,Gujarat Titans,Sunrisers Hyderabad,Sunrisers Hyderabad,field,Gujarat Titans,1,completed,Gujarat Titans,Sunrisers Hyderabad,Sunrisers Hyderabad,Gujarat Titans,,K Rabada
1529300,2026,2026-05-13,"Shaheed Veer Narayan Singh International Stadium, Raipur",Raipur,Kolkata Knight Riders,Royal Challengers Bangalore,Royal Challengers Bangalore,field,Royal Challengers Bangalore,0,completed,Kolkata Knight Riders,Royal Challengers Bengaluru,Royal Challengers Bengaluru,Royal Challengers Bengaluru,,V Kohli
1529301,2026,2026-05-14,"Himachal Pradesh Cricket Association Stadium, Dharamsala",Dharamsala,Punjab Kings,Mumbai Indians,Mumbai Indians,field,Mumbai Indians,0,completed,Punjab Kings,Mumbai Indians,Mumbai Indians,Mumbai Indians,,Tilak Varma
1529302,2026,2026-05-15,"Bharat Ratna Shri Atal Bihari Vajpayee Ekana Cricket Stadium, Lucknow",Lucknow,Chennai Super Kings,Lucknow Super Giants,Lucknow Super Giants,field,Lucknow Super Giants,0,completed,Chennai Super Kings,Lucknow Super Giants,Lucknow Super Giants,Lucknow Super Giants,,MR Marsh
1529303,2026,2026-05-16,"Eden Gardens, Kolkata",Kolkata,Kolkata Knight Riders,Gujarat Titans,Gujarat Titans,field,Kolkata Knight Riders,1,completed,Kolkata Knight Riders,Gujarat Titans,Gujarat Titans,Kolkata Knight Riders,,SP Narine
1529304,2026,2026-05-17,"Himachal Pradesh Cricket Association Stadium, Dharamsala",Dharamsala,Royal Challengers Bangalore,Punjab Kings,Punjab Kings,field,Royal Challengers Bangalore,1,completed,Royal Challengers Bengaluru,Punjab Kings,Punjab Kings,Royal Challengers Bengaluru,,VR Iyer
1529305,2026,2026-05-17,"Arun Jaitley Stadium, Delhi",Delhi,Rajasthan Royals,Delhi Capitals,Delhi Capitals,field,Delhi Capitals,0,completed,Rajasthan Royals,Delhi Capitals,Delhi Capitals,Delhi Capitals,,MA Starc
1529306,2026,2026-05-18,"MA Chidambaram Stadium, Chepauk, Chennai",Chennai,Chennai Super Kings,Sunrisers Hyderabad,Chennai Super Kings,bat,Sunrisers Hyderabad,0,completed,Chennai Super Kings,Sunrisers Hyderabad,Chennai Super Kings,Sunrisers Hyderabad,,Ishan Kishan
1529307,2026,2026-05-19,"Sawai Mansingh Stadium, Jaipur",Jaipur,Lucknow Super Giants,Rajasthan Royals,Rajasthan Royals,field,Rajasthan Royals,0,completed,Lucknow Super Giants,Rajasthan Royals,Rajasthan Royals,Rajasthan Royals,,V Suryavanshi
1529308,2026,2026-05-20,"Eden Gardens, Kolkata",Kolkata,Mumbai Indians,Kolkata Knight Riders,Kolkata Knight Riders,field,Kolkata Knight Riders,0,completed,Mumbai Indians,Kolkata Knight Riders,Kolkata Knight Riders,Kolkata Knight Riders,,MK Pandey
1529309,2026,2026-05-21,"Narendra Modi Stadium, Ahmedabad",Ahmedabad,Gujarat Titans,Chennai Super Kings,Chennai Super Kings,field,Gujarat Titans,1,completed,Gujarat Titans,Chennai Super Kings,Chennai Super Kings,Gujarat Titans,,Mohammed Siraj
1529310,2026,2026-05-22,"Rajiv Gandhi International Stadium, Uppal, Hyderabad",Hyderabad,Sunrisers Hyderabad,Royal Challengers Bangalore,Sunrisers Hyderabad,bat,Sunrisers Hyderabad,1,completed,Sunrisers Hyderabad,Royal Challengers Bengaluru,Sunrisers Hyderabad,Sunrisers Hyderabad,,Ishan Kishan
1529311,2026,2026-05-23,"Bharat Ratna Shri Atal Bihari Vajpayee Ekana Cricket Stadium, Lucknow",Lucknow,Lucknow Super Giants,Punjab Kings,Punjab Kings,field,Punjab Kings,0,completed,Lucknow Super Giants,Punjab Kings,Punjab Kings,Punjab Kings,,SS Iyer
1529312,2026,2026-05-24,"Wankhede Stadium, Mumbai",Mumbai,Rajasthan Royals,Mumbai Indians,Mumbai Indians,field,Rajasthan Royals,1,completed,Rajasthan Royals,Mumbai Indians,Mumbai Indians,Rajasthan Royals,,JC Archer
1529313,2026,2026-05-24,"Eden Gardens, Kolkata",Kolkata,Delhi Capitals,Kolkata Knight Riders,Kolkata Knight Riders,field,Delhi Capitals,1,completed,Delhi Capitals,Kolkata Knight Riders,Kolkata Knight Riders,Delhi Capitals,,Kuldeep Yadav
1535462,2026,2026-05-26,"Himachal Pradesh Cricket Association Stadium, Dharamsala",Dharamsala,Royal Challengers Bangalore,Gujarat Titans,Gujarat Titans,field,Royal Challengers Bangalore,1,completed,Royal Challengers Bengaluru,Gujarat Titans,Gujarat Titans,Royal Challengers Bengaluru,,RM Patidar
1535463,2026,2026-05-27,"Maharaja Yadavindra Singh International Cricket Stadium, New Chandigarh",New Chandigarh,Rajasthan Royals,Sunrisers Hyderabad,Sunrisers Hyderabad,field,Rajasthan Royals,1,completed,Rajasthan Royals,Sunrisers Hyderabad,Sunrisers Hyderabad,Rajasthan Royals,,V Suryavanshi
1535464,2026,2026-05-29,"Maharaja Yadavindra Singh International Cricket Stadium, New Chandigarh",New Chandigarh,Rajasthan Royals,Gujarat Titans,Rajasthan Royals,bat,Gujarat Titans,0,completed,Rajasthan Royals,Gujarat Titans,Rajasthan Royals,Gujarat Titans,,Shubman Gill
1535465,2026,2026-05-31,"Narendra Modi Stadium, Ahmedabad",Ahmedabad,Gujarat Titans,Royal Challengers Bangalore,Royal Challengers Bangalore,field,Royal Challengers Bangalore,0,completed,Gujarat Titans,Royal Challengers Bengaluru,Royal Challengers Bengaluru,Royal Challengers Bengaluru,,V Kohli
