match_id,date,team1,team2,venue,city,season,team1_prior_win_rate,team2_prior_win_rate,team1_last_5_win_rate,team2_last_5_win_rate,team1_last_10_win_rate,team2_last_10_win_rate,h2h_team1_win_rate,h2h_matches_before,team1_venue_win_rate,team2_venue_win_rate,venue_matches_before,team1_elo,team2_elo,elo_diff,prior_win_rate_diff,last_5_win_rate_diff,last_10_win_rate_diff,venue_win_rate_diff,venue_chase_win_rate,team1_home_advantage,team1_toss_winner,toss_decision_field,team1_win
335982,2008-04-18,Royal Challengers Bangalore,Kolkata Knight Riders,M Chinnaswamy Stadium,Bangalore,2007/08,0.5,0.5,0.5,0.5,0.5,0.5,0.5,0,0.5,0.5,0,1500.0,1500.0,0.0,0.0,0.0,0.0,0.0,0.5,1,1,1,0
335983,2008-04-19,Punjab Kings,Chennai Super Kings,"Punjab Cricket Association Stadium, Mohali",Chandigarh,2007/08,0.5,0.5,0.5,0.5,0.5,0.5,0.5,0,0.5,0.5,0,1500.0,1500.0,0.0,0.0,0.0,0.0,0.0,0.5,1,0,0,0
335984,2008-04-19,Delhi Capitals,Rajasthan Royals,Feroz Shah Kotla,Delhi,2007/08,0.5,0.5,0.5,0.5,0.5,0.5,0.5,0,0.5,0.5,0,1500.0,1500.0,0.0,0.0,0.0,0.0,0.0,0.5,1,0,0,1
335985,2008-04-20,Mumbai Indians,Royal Challengers Bangalore,Wankhede Stadium,Mumbai,2007/08,0.5,0.0,0.5,0.0,0.5,0.0,0.5,0,0.5,0.5,0,1500.0,1484.0,16.0,0.5,0.5,0.5,0.0,0.5,1,1,0,0
335986,2008-04-20,Kolkata Knight Riders,Deccan Chargers,Eden Gardens,Kolkata,2007/08,1.0,0.5,1.0,0.5,1.0,0.5,0.5,0,0.5,0.5,0,1516.0,1500.0,16.0,0.5,0.5,0.5,0.0,0.5,1,0,0,1
335987,2008-04-21,Rajasthan Royals,Punjab Kings,Sawai Mansingh Stadium,Jaipur,2007/08,0.0,0.0,0.0,0.0,0.0,0.0,0.5,0,0.5,0.5,0,1484.0,1484.0,0.0,0.0,0.0,0.0,0.0,0.5,1,0,0,1
335988,2008-04-22,Deccan Chargers,Delhi Capitals,"Rajiv Gandhi International Stadium, Uppal",Hyderabad,2007/08,0.0,1.0,0.0,1.0,0.0,1.0,0.5,0,0.5,0.5,0,1484.74,1516.0,-31.26,-1.0,-1.0,-1.0,0.0,0.5,1,1,0,0
335989,2008-04-23,Chennai Super Kings,Mumbai Indians,"MA Chidambaram Stadium, Chepauk",Chennai,2007/08,1.0,0.0,1.0,0.0,1.0,0.0,0.5,0,0.5,0.5,0,1516.0,1483.26,32.74,1.0,1.0,1.0,0.0,0.5,1,0,1,1
335990,2008-04-24,Deccan Chargers,Rajasthan Royals,"Rajiv Gandhi International Stadium, Uppal",Hyderabad,2007/08,0.0,0.5,0.0,0.5,0.0,0.5,0.5,0,0.0,0.5,1,1470.17,1500.0,-29.83,-0.5,-0.5,-0.5,-0.5,1.0,1,0,1,0
335991,2008-04-25,Punjab Kings,Mumbai Indians,"Punjab Cricket Association Stadium, Mohali",Chandigarh,2007/08,0.0,0.0,0.0,0.0,0.0,0.0,0.5,0,0.0,0.5,1,1468.0,1468.77,-0.77,0.0,0.0,0.0,-0.5,0.0,1,0,1,1
335992,2008-04-26,Royal Challengers Bangalore,Rajasthan Royals,M Chinnaswamy Stadium,Bangalore,2007/08,0.5,0.6667,0.5,0.6667,0.5,0.6667,0.5,0,0.0,0.5,1,1500.74,1514.63,-13.89,-0.1667,-0.1667,-0.1667,-0.5,0.0,1,0,1,0
335993,2008-04-26,Chennai Super Kings,Kolkata Knight Riders,"MA Chidambaram Stadium, Chepauk",Chennai,2007/08,1.0,1.0,1.0,1.0,1.0,1.0,0.5,0,1.0,0.5,1,1530.5,1531.26,-0.77,0.0,0.0,0.0,0.5,0.0,1,0,0,1
335994,2008-04-27,Mumbai Indians,Deccan Chargers,Dr DY Patil Sports Academy,Mumbai,2007/08,0.0,0.0,0.0,0.0,0.0,0.0,0.5,0,0.5,0.5,0,1452.73,1455.54,-2.81,0.0,0.0,0.0,0.0,0.5,1,0,1,0
335995,2008-04-27,Punjab Kings,Delhi Capitals,"Punjab Cricket Association Stadium, Mohali",Chandigarh,2007/08,0.3333,1.0,0.3333,1.0,0.3333,1.0,0.5,0,0.5,0.5,2,1484.04,1530.56,-46.53,-0.6667,-0.6667,-0.6667,0.0,0.0,1,0,0,1
335996,2008-04-28,Royal Challengers Bangalore,Chennai Super Kings,M Chinnaswamy Stadium,Bangalore,2007/08,0.3333,1.0,0.3333,1.0,0.3333,1.0,0.5,0,0.0,0.5,2,1485.38,1546.53,-61.16,-0.6667,-0.6667,-0.6667,-0.5,0.5,1,0,0,0
335997,2008-04-29,Kolkata Knight Riders,Mumbai Indians,Eden Gardens,Kolkata,2007/08,0.6667,0.0,0.6667,0.0,0.6667,0.0,0.5,0,1.0,0.5,1,1515.23,1436.86,78.37,0.6667,0.6667,0.6667,0.5,1.0,1,1,0,0
335998,2008-04-30,Delhi Capitals,Royal Challengers Bangalore,Feroz Shah Kotla,Delhi,2007/08,0.6667,0.25,0.6667,0.25,0.6667,0.25,0.5,0,1.0,0.5,1,1512.43,1472.16,40.27,0.4167,0.4167,0.4167,0.5,1.0,1,0,1,1
335999,2008-05-01,Deccan Chargers,Punjab Kings,"Rajiv Gandhi International Stadium, Uppal",Hyderabad,2007/08,0.25,0.5,0.25,0.5,0.25,0.5,0.5,0,0.0,0.5,2,1471.41,1502.17,-30.75,-0.25,-0.25,-0.25,-0.5,1.0,1,0,1,0
336000,2008-05-01,Rajasthan Royals,Kolkata Knight Riders,Sawai Mansingh Stadium,Jaipur,2007/08,0.75,0.5,0.75,0.5,0.75,0.5,0.5,0,1.0,0.5,1,1529.99,1495.68,34.31,0.25,0.25,0.25,0.5,1.0,1,1,0,1
336001,2008-05-02,Chennai Super Kings,Delhi Capitals,"MA Chidambaram Stadium, Chepauk",Chennai,2007/08,1.0,0.75,1.0,0.75,1.0,0.75,0.5,0,1.0,0.5,2,1559.74,1526.59,33.16,0.25,0.25,0.25,0.5,0.5,1,1,0,0
336003,2008-05-03,Punjab Kings,Kolkata Knight Riders,"Punjab Cricket Association Stadium, Mohali",Chandigarh,2007/08,0.6,0.4,0.6,0.4,0.6,0.4,0.5,0,0.6667,0.5,3,1516.75,1481.25,35.5,0.2,0.2,0.2,0.1667,0.3333,1,1,0,1
336034,2008-05-03,Royal Challengers Bangalore,Deccan Chargers,M Chinnaswamy Stadium,Bangalore,2007/08,0.2,0.2,0.2,0.2,0.2,0.2,0.5,0,0.0,0.5,3,1458.01,1456.83,1.18,0.0,0.0,0.0,-0.5,0.3333,1,0,1,1
336004,2008-05-04,Mumbai Indians,Delhi Capitals,Dr DY Patil Sports Academy,Mumbai,2007/08,0.2,0.8,0.2,0.8,0.2,0.8,0.5,0,0.0,0.5,1,1456.41,1544.11,-87.7,-0.6,-0.6,-0.6,-0.5,1.0,1,0,1,1
336005,2008-05-04,Rajasthan Royals,Chennai Super Kings,Sawai Mansingh Stadium,Jaipur,2007/08,0.8,0.8,0.8,0.8,0.8,0.8,0.5,0,1.0,0.5,2,1544.42,1542.22,2.19,0.0,0.0,0.0,0.5,0.5,1,0,0,1
336006,2008-05-05,Royal Challengers Bangalore,Punjab Kings,M Chinnaswamy Stadium,Bangalore,2007/08,0.3333,0.6667,0.4,0.8,0.3333,0.6667,0.5,0,0.25,0.5,4,1473.96,1531.12,-57.17,-0.3333,-0.4,-0.3333,-0.25,0.25,1,0,1,0
336007,2008-05-06,Chennai Super Kings,Deccan Chargers,"MA Chidambaram Stadium, Chepauk",Chennai,2007/08,0.6667,0.1667,0.6,0.2,0.6667,0.1667,0.5,0,0.6667,0.5,3,1526.32,1440.88,85.44,0.5,0.4,0.5,0.1667,0.6667,1,0,1,0
336008,2008-05-07,Mumbai Indians,Rajasthan Royals,Dr DY Patil Sports Academy,Mumbai,2007/08,0.3333,0.8333,0.4,1.0,0.3333,0.8333,0.5,0,0.5,0.5,2,1476.37,1560.31,-83.95,-0.5,-0.6,-0.5,0.0,0.5,1,1,1,1
336009,2008-05-08,Delhi Capitals,Chennai Super Kings,Feroz Shah Kotla,Delhi,2007/08,0.6667,0.5714,0.6,0.4,0.6667,0.5714,1.0,1,1.0,0.5,2,1524.16,1506.47,17.69,0.0952,0.2,0.0952,0.5,0.5,1,0,1,0
336010,2008-05-08,Kolkata Knight Riders,Royal Challengers Bangalore,Eden Gardens,Kolkata,2007/08,0.3333,0.2857,0.2,0.2,0.3333,0.2857,1.0,1,0.5,0.5,2,1466.88,1460.56,6.32,0.0476,0.0,0.0476,0.0,1.0,1,1,0,1
336011,2008-05-09,Rajasthan Royals,Deccan Chargers,Sawai Mansingh Stadium,Jaipur,2007/08,0.7143,0.2857,0.8,0.4,0.7143,0.2857,1.0,1,1.0,0.5,3,1540.52,1460.74,79.78,0.4286,0.4,0.4286,0.5,0.6667,1,1,1,1
336013,2008-05-10,Chennai Super Kings,Punjab Kings,"MA Chidambaram Stadium, Chepauk",Chennai,2007/08,0.625,0.7143,0.4,1.0,0.625,0.7143,1.0,1,0.5,0.5,4,1523.28,1544.51,-21.23,-0.0893,-0.6,-0.0893,0.0,0.75,1,0,1,1
336014,2008-05-11,Deccan Chargers,Kolkata Knight Riders,"Rajiv Gandhi International Stadium, Uppal",Hyderabad,2007/08,0.25,0.4286,0.4,0.2,0.25,0.4286,0.0,1,0.0,0.5,3,1448.35,1482.59,-34.24,-0.1786,0.2,-0.1786,-0.5,1.0,1,0,0,0
336015,2008-05-11,Rajasthan Royals,Delhi Capitals,Sawai Mansingh Stadium,Jaipur,2007/08,0.75,0.5714,0.8,0.4,0.75,0.5714,0.0,1,1.0,0.5,4,1552.91,1507.34,45.57,0.1786,0.4,0.1786,0.5,0.75,1,1,1,1
336016,2008-05-12,Punjab Kings,Royal Challengers Bangalore,"Punjab Cricket Association Stadium, Mohali",Chandigarh,2007/08,0.625,0.25,0.8,0.2,0.625,0.25,1.0,1,0.75,0.5,4,1527.54,1444.86,82.68,0.375,0.6,0.375,0.25,0.25,1,0,0,1
336017,2008-05-13,Kolkata Knight Riders,Delhi Capitals,Eden Gardens,Kolkata,2007/08,0.5,0.5,0.4,0.4,0.5,0.5,0.5,0,0.6667,0.5,3,1497.02,1493.43,3.59,0.0,0.0,0.0,0.1667,0.6667,1,1,0,1
336018,2008-05-14,Mumbai Indians,Chennai Super Kings,Wankhede Stadium,Mumbai,2007/08,0.4286,0.6667,0.6,0.4,0.4286,0.6667,0.0,1,0.0,0.5,1,1496.16,1540.26,-44.1,-0.2381,0.2,-0.2381,-0.5,1.0,1,1,1,1
336020,2008-05-15,Delhi Capitals,Deccan Chargers,Feroz Shah Kotla,Delhi,2007/08,0.4444,0.2222,0.2,0.2,0.4444,0.2222,1.0,1,0.6667,0.5,3,1477.59,1433.92,43.67,0.2222,0.0,0.2222,0.1667,0.6667,1,0,1,1
336021,2008-05-16,Mumbai Indians,Kolkata Knight Riders,Wankhede Stadium,Mumbai,2007/08,0.5,0.5556,0.8,0.6,0.5,0.5556,1.0,1,0.5,0.5,2,1514.18,1512.86,1.32,-0.0556,0.2,-0.0556,0.0,1.0,1,1,1,1
336022,2008-05-17,Delhi Capitals,Punjab Kings,Feroz Shah Kotla,Delhi,2007/08,0.5,0.6667,0.2,0.8,0.5,0.6667,0.0,1,0.75,0.5,4,1491.59,1539.8,-48.21,-0.1667,-0.6,-0.1667,0.25,0.5,1,1,0,0
336023,2008-05-17,Rajasthan Royals,Royal Challengers Bangalore,Sawai Mansingh Stadium,Jaipur,2007/08,0.7778,0.2222,0.8,0.2,0.7778,0.2222,1.0,1,1.0,0.5,5,1566.82,1432.59,134.23,0.5556,0.6,0.5556,0.5,0.8,1,0,1,1
336024,2008-05-18,Deccan Chargers,Mumbai Indians,"Rajiv Gandhi International Stadium, Uppal",Hyderabad,2007/08,0.2,0.5556,0.2,1.0,0.2,0.5556,1.0,1,0.0,0.5,4,1419.92,1530.12,-110.2,-0.3556,-0.8,-0.3556,-0.5,0.75,1,1,1,0
336025,2008-05-18,Kolkata Knight Riders,Chennai Super Kings,Eden Gardens,Kolkata,2007/08,0.5,0.6,0.6,0.4,0.5,0.6,0.0,1,0.75,0.5,4,1496.92,1522.24,-25.32,-0.1,0.2,-0.1,0.25,0.5,1,1,0,0
336026,2008-05-19,Royal Challengers Bangalore,Delhi Capitals,M Chinnaswamy Stadium,Bangalore,2007/08,0.2,0.4545,0.2,0.2,0.2,0.4,0.0,1,0.2,0.5,5,1422.48,1477.8,-55.31,-0.2545,0.0,-0.2,-0.3,0.4,1,0,1,0
336027,2008-05-20,Kolkata Knight Riders,Rajasthan Royals,Eden Gardens,Kolkata,2007/08,0.4545,0.8,0.6,0.8,0.4,0.8,0.0,1,0.6,0.5,5,1482.08,1576.93,-94.85,-0.3455,-0.2,-0.4,0.1,0.6,1,0,1,0
336028,2008-05-21,Mumbai Indians,Punjab Kings,Wankhede Stadium,Mumbai,2007/08,0.6,0.7,1.0,0.8,0.6,0.7,0.0,1,0.6667,0.5,3,1541.21,1553.59,-12.39,-0.1,0.2,-0.1,0.1667,1.0,1,1,1,0
336029,2008-05-21,Chennai Super Kings,Royal Challengers Bangalore,"MA Chidambaram Stadium, Chepauk",Chennai,2007/08,0.6364,0.1818,0.6,0.0,0.6,0.2,1.0,1,0.6,0.5,5,1537.07,1409.01,128.06,0.4545,0.6,0.4,0.1,0.6,1,0,0,0
336031,2008-05-23,Punjab Kings,Deccan Chargers,"Punjab Cricket Association Stadium, Mohali",Chandigarh,2007/08,0.7273,0.1818,0.8,0.2,0.8,0.2,1.0,1,0.8,0.5,5,1569.02,1408.83,160.19,0.5455,0.6,0.6,0.3,0.4,1,1,1,1
336032,2008-05-24,Delhi Capitals,Mumbai Indians,Feroz Shah Kotla,Delhi,2007/08,0.5,0.5455,0.4,0.8,0.4,0.6,0.0,1,0.6,0.5,5,1491.27,1525.78,-34.5,-0.0455,-0.4,-0.2,0.1,0.6,1,1,1,1
336033,2008-05-24,Chennai Super Kings,Rajasthan Royals,"MA Chidambaram Stadium, Chepauk",Chennai,2007/08,0.5833,0.8182,0.6,0.8,0.5,0.9,0.0,1,0.5,0.5,6,1515.43,1588.67,-73.24,-0.2348,-0.2,-0.4,0.0,0.5,1,0,0,0
336002,2008-05-25,Deccan Chargers,Royal Challengers Bangalore,"Rajiv Gandhi International Stadium, Uppal",Hyderabad,2007/08,0.1667,0.25,0.0,0.2,0.2,0.2,0.0,1,0.0,0.5,5,1399.73,1430.65,-30.93,-0.0833,-0.2,0.0,-0.5,0.6,1,1,0,0
336035,2008-05-25,Kolkata Knight Riders,Punjab Kings,Eden Gardens,Kolkata,2007/08,0.4167,0.75,0.4,0.8,0.3,0.9,0.0,1,0.5,0.5,6,1470.34,1578.13,-107.79,-0.3333,-0.4,-0.6,0.0,0.6667,1,0,0,1
336036,2008-05-26,Rajasthan Royals,Mumbai Indians,Sawai Mansingh Stadium,Jaipur,2007/08,0.8333,0.5,1.0,0.6,0.9,0.6,0.0,1,1.0,0.5,6,1601.35,1508.19,93.15,0.3333,0.4,0.3,0.5,0.6667,1,1,1,1
336037,2008-05-27,Deccan Chargers,Chennai Super Kings,"Rajiv Gandhi International Stadium, Uppal",Hyderabad,2007/08,0.1538,0.5385,0.0,0.4,0.2,0.4,1.0,1,0.0,0.5,6,1385.15,1502.75,-117.6,-0.3846,-0.4,-0.2,-0.5,0.6667,1,1,0,0
336012,2008-05-28,Royal Challengers Bangalore,Mumbai Indians,M Chinnaswamy Stadium,Bangalore,2007/08,0.3077,0.4615,0.4,0.4,0.3,0.6,1.0,1,0.1667,0.5,6,1445.23,1496.38,-51.15,-0.1538,0.0,-0.3,-0.3333,0.5,1,0,1,0
336019,2008-05-28,Punjab Kings,Rajasthan Royals,"Punjab Cricket Association Stadium, Mohali",Chandigarh,2007/08,0.6923,0.8462,0.8,1.0,0.8,0.9,0.0,1,0.8333,0.5,6,1557.32,1613.16,-55.84,-0.1538,-0.2,-0.1,0.3333,0.5,1,0,1,1
336038,2008-05-30,Delhi Capitals,Rajasthan Royals,Wankhede Stadium,Mumbai,2007/08,0.5385,0.7857,0.6,0.8,0.5,0.8,0.5,2,0.5,0.5,4,1508.86,1594.61,-85.75,-0.2473,-0.2,-0.3,0.0,0.75,0,1,1,0
336039,2008-05-31,Chennai Super Kings,Punjab Kings,Wankhede Stadium,Mumbai,2007/08,0.5714,0.7143,0.4,0.8,0.4,0.8,1.0,2,0.0,1.0,5,1513.53,1575.87,-62.33,-0.1429,-0.4,-0.4,-1.0,0.6,0,0,0,1
336040,2008-06-01,Chennai Super Kings,Rajasthan Royals,Dr DY Patil Sports Academy,Mumbai,2007/08,0.6,0.8,0.6,0.8,0.5,0.8,0.0,2,0.5,0.0,3,1532.37,1606.74,-74.36,-0.2,-0.2,-0.3,0.5,0.6667,0,0,1,0
392181,2009-04-18,Chennai Super Kings,Mumbai Indians,Newlands,Cape Town,2009,0.5625,0.5,0.4,0.4,0.5,0.7,0.5,2,0.5,0.5,0,1519.75,1510.04,9.7,0.0625,0.0,-0.2,0.0,0.5,0,1,1,0
392182,2009-04-18,Royal Challengers Bangalore,Rajasthan Royals,Newlands,Cape Town,2009,0.2857,0.8125,0.4,0.8,0.3,0.8,0.0,2,0.5,0.5,1,1431.57,1619.36,-187.79,-0.5268,-0.4,-0.5,0.0,0.0,0,1,0,1
392183,2009-04-19,Delhi Capitals,Punjab Kings,Newlands,Cape Town,2009,0.5,0.6667,0.6,0.6,0.4,0.7,0.0,2,0.5,0.5,2,1496.73,1557.03,-60.3,-0.1667,0.0,-0.3,0.0,0.0,0,1,1,1
392184,2009-04-19,Deccan Chargers,Kolkata Knight Riders,Newlands,Cape Town,2009,0.1429,0.4615,0.0,0.4,0.1,0.4,0.0,2,0.5,0.5,3,1374.37,1491.15,-116.79,-0.3187,-0.4,-0.3,0.0,0.3333,0,0,0,1
392185,2009-04-20,Royal Challengers Bangalore,Chennai Super Kings,St George's Park,Port Elizabeth,2009,0.3333,0.5294,0.6,0.4,0.4,0.5,0.5,2,0.5,0.5,0,1455.47,1503.3,-47.83,-0.1961,0.2,-0.1,0.0,0.5,0,0,0,0
392186,2009-04-21,Punjab Kings,Kolkata Knight Riders,Kingsmead,Durban,2009,0.625,0.4286,0.4,0.2,0.6,0.4,0.5,2,0.5,0.5,0,1538.28,1469.97,68.31,0.1964,0.2,0.2,0.0,0.5,0,0,1,0
392188,2009-04-22,Royal Challengers Bangalore,Deccan Chargers,Newlands,Cape Town,2009,0.3125,0.2,0.6,0.2,0.3,0.2,1.0,2,1.0,1.0,4,1441.66,1395.55,46.1,0.1125,0.4,0.1,0.0,0.5,0,0,0,0
392189,2009-04-23,Chennai Super Kings,Delhi Capitals,Kingsmead,Durban,2009,0.5556,0.5333,0.6,0.6,0.5,0.4,0.5,2,0.5,0.5,1,1517.11,1515.48,1.64,0.0222,0.0,0.1,0.0,1.0,0,0,0,0
392190,2009-04-23,Kolkata Knight Riders,Rajasthan Royals,Newlands,Cape Town,2009,0.4667,0.7647,0.4,0.6,0.5,0.8,0.0,2,0.0,0.0,5,1489.07,1595.47,-106.39,-0.298,-0.2,-0.3,0.0,0.4,0,1,1,0
392191,2009-04-24,Royal Challengers Bangalore,Punjab Kings,Kingsmead,Durban,2009,0.2941,0.5882,0.4,0.2,0.3,0.5,0.0,2,0.5,0.0,2,1423.54,1519.17,-95.63,-0.2941,0.2,-0.2,0.5,0.5,0,1,0,0
392192,2009-04-25,Deccan Chargers,Mumbai Indians,Kingsmead,Durban,2009,0.25,0.5333,0.4,0.4,0.3,0.7,0.5,2,0.5,0.5,3,1413.66,1526.49,-112.83,-0.2833,0.0,-0.4,0.0,0.6667,0,1,0,1
392194,2009-04-26,Royal Challengers Bangalore,Delhi Capitals,St George's Park,Port Elizabeth,2009,0.2778,0.5625,0.2,0.8,0.3,0.5,0.0,2,0.0,0.5,1,1411.84,1531.55,-119.71,-0.2847,-0.6,-0.2,-0.5,0.0,0,1,0,0
392195,2009-04-26,Punjab Kings,Rajasthan Royals,Newlands,Cape Town,2009,0.6111,0.7778,0.4,0.6,0.6,0.8,0.5,2,0.0,0.5,6,1530.88,1606.72,-75.84,-0.1667,-0.2,-0.2,-0.5,0.3333,0,1,0,1
392196,2009-04-27,Chennai Super Kings,Deccan Chargers,Kingsmead,Durban,2009,0.5263,0.2941,0.4,0.6,0.4,0.3,0.5,2,0.0,1.0,4,1501.04,1434.68,66.35,0.2322,-0.2,0.1,-1.0,0.5,0,0,1,0
392197,2009-04-27,Kolkata Knight Riders,Mumbai Indians,St George's Park,Port Elizabeth,2009,0.4375,0.5,0.4,0.4,0.5,0.6,0.0,2,0.5,0.5,2,1477.83,1505.47,-27.64,-0.0625,0.0,-0.1,0.0,0.5,0,0,0,0
392198,2009-04-28,Delhi Capitals,Rajasthan Royals,SuperSport Park,Centurion,2009,0.5882,0.7368,0.8,0.6,0.6,0.7,0.3333,3,0.5,0.5,0,1542.25,1587.28,-45.03,-0.1486,0.2,-0.1,0.0,0.5,0,1,0,0
392199,2009-04-29,Royal Challengers Bangalore,Kolkata Knight Riders,Kingsmead,Durban,2009,0.2632,0.4118,0.2,0.4,0.3,0.4,0.0,2,0.0,1.0,5,1401.14,1463.1,-61.95,-0.1486,-0.2,-0.1,-1.0,0.6,0,0,0,1
392200,2009-04-29,Punjab Kings,Mumbai Indians,Kingsmead,Durban,2009,0.6316,0.5294,0.4,0.6,0.6,0.6,1.0,2,0.5,0.0,6,1550.31,1520.2,30.12,0.1022,-0.2,0.0,0.5,0.6667,0,1,0,1
392201,2009-04-30,Deccan Chargers,Delhi Capitals,SuperSport Park,Centurion,2009,0.3333,0.5556,0.8,0.6,0.4,0.6,0.0,2,0.5,0.0,1,1453.7,1528.31,-74.61,-0.2222,0.2,-0.2,0.5,1.0,0,0,1,0
392202,2009-04-30,Chennai Super Kings,Rajasthan Royals,SuperSport Park,Centurion,2009,0.5,0.75,0.2,0.6,0.4,0.7,0.0,3,0.5,1.0,2,1482.02,1601.22,-119.2,-0.25,-0.4,-0.3,-0.5,1.0,0,0,1,1
392203,2009-05-01,Kolkata Knight Riders,Mumbai Indians,Buffalo Park,East London,2009,0.3889,0.5,0.2,0.6,0.3,0.5,0.0,3,0.5,0.5,0,1444.27,1505.58,-61.31,-0.1111,-0.4,-0.2,0.0,0.5,0,0,0,0
392204,2009-05-01,Royal Challengers Bangalore,Punjab Kings,Kingsmead,Durban,2009,0.3,0.65,0.2,0.6,0.4,0.6,0.0,3,0.5,0.6667,7,1419.97,1564.93,-144.96,-0.35,-0.4,-0.2,-0.1667,0.5714,0,1,0,1
392205,2009-05-02,Deccan Chargers,Rajasthan Royals,St George's Park,Port Elizabeth,2009,0.3158,0.7143,0.8,0.4,0.4,0.6,0.0,2,0.5,0.5,3,1441.09,1579.93,-138.85,-0.3985,0.4,-0.2,0.0,0.3333,0,1,0,0
392206,2009-05-02,Chennai Super Kings,Delhi Capitals,New Wanderers Stadium,Johannesburg,2009,0.5238,0.5789,0.4,0.8,0.4,0.7,0.3333,3,0.5,0.5,0,1503.3,1540.93,-37.62,-0.0551,-0.4,-0.3,0.0,0.5,0,0,1,1
392207,2009-05-03,Punjab Kings,Kolkata Knight Riders,St George's Park,Port Elizabeth,2009,0.619,0.3684,0.6,0.2,0.5,0.2,0.3333,3,0.5,0.0,4,1542.62,1431.07,111.55,0.2506,0.4,0.3,0.5,0.5,0,0,0,1
392208,2009-05-03,Royal Challengers Bangalore,Mumbai Indians,New Wanderers Stadium,Johannesburg,2009,0.3333,0.5263,0.4,0.6,0.5,0.5,0.5,2,0.5,0.5,1,1442.28,1518.79,-76.51,-0.193,-0.2,0.0,0.0,0.0,0,0,0,1
392209,2009-05-04,Chennai Super Kings,Deccan Chargers,Buffalo Park,East London,2009,0.5455,0.3,0.6,0.6,0.5,0.4,0.3333,3,0.5,0.5,1,1521.03,1431.16,89.87,0.2455,0.0,0.1,0.0,0.0,0,1,0,1
392210,2009-05-05,Punjab Kings,Rajasthan Royals,Kingsmead,Durban,2009,0.6364,0.7273,0.8,0.6,0.5,0.6,0.6667,3,0.5,0.5,8,1553.65,1589.86,-36.21,-0.0909,0.2,-0.1,0.0,0.5,0,1,1,0
392211,2009-05-05,Delhi Capitals,Kolkata Knight Riders,Kingsmead,Durban,2009,0.55,0.35,0.6,0.0,0.6,0.2,0.0,1,1.0,0.5,9,1523.2,1420.04,103.16,0.2,0.6,0.4,0.5,0.4444,0,0,0,1
392212,2009-05-06,Deccan Chargers,Mumbai Indians,SuperSport Park,Centurion,2009,0.2857,0.5,0.4,0.4,0.4,0.4,0.6667,3,0.0,0.5,3,1419.21,1499.32,-80.11,-0.2143,0.0,0.0,-0.5,0.6667,0,1,0,1
392213,2009-05-07,Royal Challengers Bangalore,Rajasthan Royals,SuperSport Park,Centurion,2009,0.3636,0.7391,0.6,0.6,0.5,0.6,0.3333,3,0.5,0.5,4,1461.75,1604.2,-142.45,-0.3755,0.0,-0.1,0.0,0.5,0,0,1,0
392214,2009-05-07,Chennai Super Kings,Punjab Kings,SuperSport Park,Centurion,2009,0.5652,0.6087,0.6,0.6,0.6,0.5,1.0,3,1.0,0.5,5,1532.98,1539.31,-6.33,-0.0435,0.0,0.1,0.5,0.6,0,1,0,1
392215,2009-05-08,Delhi Capitals,Mumbai Indians,Buffalo Park,East London,2009,0.5714,0.4762,0.6,0.4,0.7,0.4,0.5,2,0.5,1.0,2,1534.58,1479.7,54.89,0.0952,0.2,0.3,-0.5,0.0,0,0,0,1
392216,2009-05-09,Deccan Chargers,Punjab Kings,De Beers Diamond Oval,Kimberley,2009,0.3182,0.5833,0.4,0.4,0.5,0.4,0.0,2,0.5,0.5,0,1438.83,1523.02,-84.19,-0.2652,0.0,0.1,0.0,0.5,0,0,1,0
392217,2009-05-09,Chennai Super Kings,Rajasthan Royals,De Beers Diamond Oval,Kimberley,2009,0.5833,0.75,0.8,0.8,0.6,0.7,0.25,4,0.5,0.5,1,1549.27,1613.98,-64.71,-0.1667,0.0,-0.1,0.0,1.0,0,0,0,1
392218,2009-05-10,Royal Challengers Bangalore,Mumbai Indians,St George's Park,Port Elizabeth,2009,0.3478,0.4545,0.6,0.2,0.4,0.4,0.6667,3,0.0,1.0,5,1451.96,1466.2,-14.24,-0.1067,0.4,0.0,-1.0,0.6,0,0,0,0
392219,2009-05-10,Delhi Capitals,Kolkata Knight Riders,New Wanderers Stadium,Johannesburg,2009,0.5909,0.3333,0.6,0.0,0.7,0.2,0.5,2,0.0,0.5,2,1548.08,1408.65,139.42,0.2576,0.6,0.5,-0.5,0.5,0,1,1,1
392220,2009-05-11,Deccan Chargers,Rajasthan Royals,De Beers Diamond Oval,Kimberley,2009,0.3043,0.72,0.2,0.6,0.5,0.6,0.0,3,0.0,0.0,2,1426.64,1595.04,-168.4,-0.4157,-0.4,-0.1,0.0,1.0,0,1,0,1
392221,2009-05-12,Royal Challengers Bangalore,Kolkata Knight Riders,SuperSport Park,Centurion,2009,0.3333,0.3182,0.6,0.0,0.4,0.2,0.3333,3,0.0,0.5,6,1436.62,1398.75,37.87,0.0152,0.6,0.2,-0.5,0.5,0,1,1,1
392222,2009-05-12,Punjab Kings,Mumbai Indians,SuperSport Park,Centurion,2009,0.6,0.4783,0.4,0.4,0.5,0.5,1.0,3,0.0,0.0,7,1535.22,1481.55,53.67,0.1217,0.0,0.0,0.0,0.5714,0,1,0,0
392223,2009-05-13,Deccan Chargers,Delhi Capitals,Kingsmead,Durban,2009,0.3333,0.6087,0.4,0.8,0.6,0.7,0.0,3,1.0,1.0,10,1449.84,1557.98,-108.14,-0.2754,-0.4,-0.1,0.0,0.5,0,1,1,0
392224,2009-05-14,Royal Challengers Bangalore,Chennai Super Kings,Kingsmead,Durban,2009,0.36,0.6,0.6,1.0,0.4,0.6,0.3333,3,0.6667,0.0,11,1450.88,1568.22,-117.33,-0.24,-0.4,-0.2,0.6667,0.4545,0,0,0,1
392225,2009-05-14,Mumbai Indians,Rajasthan Royals,Kingsmead,Durban,2009,0.5,0.6923,0.4,0.6,0.5,0.5,0.5,2,0.0,1.0,12,1500.0,1571.84,-71.84,-0.1923,-0.2,0.0,-1.0,0.5,0,0,0,0
392226,2009-05-15,Delhi Capitals,Punjab Kings,OUTsurance Oval,Bloemfontein,2009,0.625,0.5769,0.8,0.4,0.8,0.5,0.3333,3,0.5,0.5,0,1569.15,1516.77,52.39,0.0481,0.4,0.3,0.0,0.5,0,0,1,0
392227,2009-05-16,Chennai Super Kings,Mumbai Indians,St George's Park,Port Elizabeth,2009,0.5769,0.48,0.8,0.4,0.6,0.4,0.3333,3,1.0,1.0,6,1547.01,1487.26,59.75,0.0969,0.4,0.2,0.0,0.5,0,0,0,1
392228,2009-05-16,Deccan Chargers,Kolkata Knight Riders,New Wanderers Stadium,Johannesburg,2009,0.32,0.3043,0.4,0.0,0.5,0.1,0.3333,3,0.5,0.0,3,1438.66,1384.49,54.18,0.0157,0.4,0.4,0.5,0.6667,0,1,1,1
392229,2009-05-17,Deccan Chargers,Punjab Kings,New Wanderers Stadium,Johannesburg,2009,0.3462,0.5926,0.6,0.4,0.5,0.6,0.0,3,1.0,0.5,4,1452.19,1535.16,-82.97,-0.2464,0.2,-0.1,0.5,0.75,0,1,1,0
392230,2009-05-17,Delhi Capitals,Rajasthan Royals,OUTsurance Oval,Bloemfontein,2009,0.6,0.7037,0.8,0.6,0.7,0.6,0.25,4,0.0,0.5,1,1550.76,1584.57,-33.81,-0.1037,0.2,0.1,-0.5,1.0,0,1,0,1
392231,2009-05-18,Chennai Super Kings,Kolkata Knight Riders,SuperSport Park,Centurion,2009,0.5926,0.2917,0.8,0.0,0.7,0.1,1.0,2,1.0,0.0,8,1560.28,1370.96,189.32,0.3009,0.8,0.6,1.0,0.625,0,1,0,0
392232,2009-05-19,Royal Challengers Bangalore,Delhi Capitals,New Wanderers Stadium,Johannesburg,2009,0.3846,0.6154,0.6,0.8,0.5,0.7,0.0,3,1.0,0.5,5,1472.09,1568.31,-96.22,-0.2308,-0.2,-0.2,0.5,0.6,0,0,0,1
392233,2009-05-20,Kolkata Knight Riders,Rajasthan Royals,Kingsmead,Durban,2009,0.32,0.6786,0.2,0.4,0.1,0.5,0.0,3,0.3333,1.0,13,1394.91,1567.02,-172.11,-0.3586,-0.2,-0.4,-0.6667,0.4615,0,1,1,1
392234,2009-05-20,Chennai Super Kings,Punjab Kings,Kingsmead,Durban,2009,0.5714,0.6071,0.6,0.6,0.6,0.6,1.0,4,0.0,0.4,14,1536.34,1547.41,-11.07,-0.0357,0.0,0.0,-0.4,0.5,0,1,0,1
392235,2009-05-21,Delhi Capitals,Mumbai Indians,SuperSport Park,Centurion,2009,0.5926,0.4615,0.6,0.4,0.6,0.4,0.6667,3,0.5,0.5,9,1547.99,1473.99,74.01,0.1311,0.2,0.2,0.0,0.6667,0,1,1,1
392236,2009-05-21,Royal Challengers Bangalore,Deccan Chargers,SuperSport Park,Centurion,2009,0.4074,0.3333,0.6,0.4,0.6,0.4,0.6667,3,0.5,0.5,10,1492.41,1439.94,52.47,0.0741,0.2,0.2,0.0,0.7,0,1,0,1
392237,2009-05-22,Delhi Capitals,Deccan Chargers,SuperSport Park,Centurion,2009,0.6071,0.3214,0.6,0.4,0.7,0.3,1.0,4,0.6667,0.3333,11,1560.63,1426.33,134.3,0.2857,0.2,0.4,0.3333,0.6364,0,0,1,0
392238,2009-05-23,Royal Challengers Bangalore,Chennai Super Kings,New Wanderers Stadium,Johannesburg,2009,0.4286,0.5862,0.8,0.6,0.7,0.7,0.5,4,1.0,1.0,6,1506.01,1552.85,-46.83,-0.1576,0.2,0.0,0.0,0.6667,0,1,1,1
392239,2009-05-24,Royal Challengers Bangalore,Deccan Chargers,New Wanderers Stadium,Johannesburg,2009,0.4483,0.3448,1.0,0.4,0.8,0.4,0.75,4,1.0,0.5,7,1524.16,1448.23,75.93,0.1034,0.6,0.4,0.5,0.7143,0,1,1,0
419106,2010-03-12,Deccan Chargers,Kolkata Knight Riders,Dr DY Patil Sports Academy,Mumbai,2009/10,0.3667,0.3462,0.6,0.4,0.5,0.2,0.5,4,1.0,0.5,4,1467.67,1418.24,49.43,0.0205,0.2,0.3,0.5,0.75,0,1,1,0
419107,2010-03-13,Mumbai Indians,Rajasthan Royals,Brabourne Stadium,Mumbai,2009/10,0.4444,0.6552,0.4,0.2,0.3,0.5,0.3333,3,0.5,0.5,0,1461.34,1543.69,-82.34,-0.2107,0.2,-0.2,0.0,0.5,1,1,0,1
419108,2010-03-13,Punjab Kings,Delhi Capitals,"Punjab Cricket Association Stadium, Mohali",Chandigarh,2009/10,0.5862,0.5862,0.6,0.4,0.5,0.6,0.75,4,0.8571,0.0,7,1530.9,1538.74,-7.84,0.0,0.2,-0.1,0.8571,0.4286,1,0,1,0
419109,2010-03-14,Kolkata Knight Riders,Royal Challengers Bangalore,Eden Gardens,Kolkata,2009/10,0.3704,0.4333,0.6,0.8,0.3,0.7,0.5,4,0.5714,0.0,7,1436.5,1504.71,-68.21,-0.063,-0.2,-0.4,0.5714,0.7143,1,1,1,1
419110,2010-03-14,Chennai Super Kings,Deccan Chargers,"MA Chidambaram Stadium, Chepauk",Chennai,2009/10,0.5667,0.3548,0.4,0.4,0.7,0.5,0.5,4,0.4286,1.0,7,1534.7,1449.41,85.29,0.2118,0.0,0.2,-0.5714,0.4286,1,0,0,0
419111,2010-03-15,Rajasthan Royals,Delhi Capitals,"Sardar Patel Stadium, Motera",Ahmedabad,2009/10,0.6333,0.6,0.2,0.6,0.4,0.7,0.6,5,0.5,0.5,0,1523.96,1554.38,-30.41,0.0333,-0.4,-0.3,0.0,0.5,0,0,1,0
419112,2010-03-16,Royal Challengers Bangalore,Punjab Kings,M Chinnaswamy Stadium,Bangalore,2009/10,0.4194,0.5667,0.6,0.4,0.6,0.4,0.25,4,0.1429,1.0,7,1485.61,1515.26,-29.65,-0.1473,0.2,0.2,-0.8571,0.5714,1,0,0,1
419113,2010-03-16,Kolkata Knight Riders,Chennai Super Kings,Eden Gardens,Kolkata,2009/10,0.3929,0.5484,0.8,0.4,0.4,0.6,0.3333,3,0.625,1.0,8,1455.61,1514.85,-59.25,-0.1555,0.4,-0.2,-0.375,0.75,1,0,0,0
419114,2010-03-17,Delhi Capitals,Mumbai Indians,Feroz Shah Kotla,Delhi,2009/10,0.6129,0.4643,0.6,0.4,0.7,0.4,0.75,4,0.6667,0.0,6,1568.98,1481.07,87.92,0.1486,0.2,0.3,0.6667,0.6667,1,1,1,0
419115,2010-03-18,Royal Challengers Bangalore,Rajasthan Royals,M Chinnaswamy Stadium,Bangalore,2009/10,0.4375,0.6129,0.6,0.2,0.6,0.4,0.25,4,0.25,1.0,8,1502.98,1509.36,-6.39,-0.1754,0.4,0.2,-0.75,0.625,1,1,1,1
419116,2010-03-19,Delhi Capitals,Chennai Super Kings,Feroz Shah Kotla,Delhi,2009/10,0.5938,0.5625,0.6,0.4,0.6,0.6,0.5,4,0.5714,1.0,7,1549.02,1528.15,20.87,0.0312,0.2,0.0,-0.4286,0.5714,1,1,0,0
419117,2010-03-19,Deccan Chargers,Punjab Kings,Barabati Stadium,Cuttack,2009/10,0.375,0.5484,0.6,0.4,0.5,0.4,0.0,4,0.5,0.5,0,1469.26,1497.9,-28.64,-0.1734,0.2,0.1,0.0,0.5,0,0,1,1
419118,2010-03-20,Rajasthan Royals,Kolkata Knight Riders,"Sardar Patel Stadium, Motera",Ahmedabad,2009/10,0.5938,0.3793,0.0,0.8,0.3,0.4,0.75,4,0.0,0.5,1,1493.07,1442.31,50.76,0.2144,-0.8,-0.1,-0.5,1.0,0,1,0,1
419119,2010-03-20,Mumbai Indians,Royal Challengers Bangalore,Brabourne Stadium,Mumbai,2009/10,0.4828,0.4545,0.4,0.6,0.4,0.7,0.5,4,1.0,0.5,1,1501.03,1519.27,-18.24,0.0282,-0.2,-0.3,0.5,0.0,1,1,0,0
419120,2010-03-21,Deccan Chargers,Delhi Capitals,Barabati Stadium,Cuttack,2009/10,0.3939,0.5758,0.8,0.4,0.6,0.5,0.2,5,1.0,0.5,1,1486.58,1532.06,-45.48,-0.1818,0.4,0.1,0.5,0.0,0,1,0,1
419121,2010-03-21,Chennai Super Kings,Punjab Kings,"MA Chidambaram Stadium, Chepauk",Chennai,2009/10,0.5758,0.5312,0.6,0.2,0.6,0.3,1.0,5,0.375,0.0,8,1545.11,1480.58,64.53,0.0445,0.4,0.3,0.375,0.375,1,1,1,0
419122,2010-03-22,Mumbai Indians,Kolkata Knight Riders,Brabourne Stadium,Mumbai,2009/10,0.4667,0.3667,0.4,0.6,0.4,0.4,1.0,4,0.5,0.5,2,1485.87,1428.63,57.24,0.1,-0.2,0.0,0.0,0.5,1,0,0,1
419123,2010-03-23,Royal Challengers Bangalore,Chennai Super Kings,M Chinnaswamy Stadium,Bangalore,2009/10,0.4706,0.5588,0.6,0.4,0.8,0.5,0.6,5,0.3333,1.0,9,1534.43,1526.17,8.26,-0.0882,0.2,0.3,-0.6667,0.6667,1,0,1,1
419124,2010-03-24,Punjab Kings,Rajasthan Royals,"Punjab Cricket Association Stadium, Mohali",Chandigarh,2009/10,0.5455,0.6061,0.2,0.2,0.4,0.3,0.5,4,0.75,0.0,8,1499.52,1506.75,-7.22,-0.0606,0.0,0.1,0.75,0.5,1,1,1,0
419125,2010-03-25,Chennai Super Kings,Mumbai Indians,"Brabourne Stadium, Mumbai",Mumbai,2009/10,0.5429,0.4839,0.4,0.6,0.4,0.5,0.5,4,0.5,0.5,0,1510.55,1499.26,11.3,0.059,-0.2,-0.1,0.0,0.5,-1,0,1,0
419128,2010-03-25,Royal Challengers Bangalore,Delhi Capitals,M Chinnaswamy Stadium,Bangalore,2009/10,0.4857,0.5588,0.8,0.4,0.8,0.4,0.25,4,0.4,1.0,10,1550.05,1513.97,36.08,-0.0731,0.4,0.4,-0.6,0.6,1,1,1,0
419126,2010-03-26,Rajasthan Royals,Deccan Chargers,"Sardar Patel Stadium, Motera",Ahmedabad,2009/10,0.6176,0.4118,0.4,0.8,0.3,0.6,0.75,4,0.5,0.5,2,1522.41,1504.66,17.75,0.2059,-0.4,-0.3,0.0,0.5,0,0,0,1
419127,2010-03-27,Punjab Kings,Kolkata Knight Riders,"Punjab Cricket Association Stadium, Mohali",Chandigarh,2009/10,0.5294,0.3548,0.2,0.4,0.4,0.4,0.5,4,0.6667,0.0,9,1483.85,1415.24,68.61,0.1746,-0.2,0.0,0.6667,0.4444,1,0,0,0
419129,2010-03-28,Rajasthan Royals,Chennai Super Kings,"Sardar Patel Stadium, Motera",Ahmedabad,2009/10,0.6286,0.5278,0.6,0.4,0.4,0.4,0.6,5,0.6667,0.5,3,1537.6,1494.03,43.56,0.1008,0.2,0.0,0.1667,0.6667,0,1,0,1
419130,2010-03-28,Deccan Chargers,Mumbai Indians,Dr DY Patil Sports Academy,Mumbai,2009/10,0.4,0.5,0.6,0.8,0.6,0.6,0.75,4,0.5,0.6667,5,1489.48,1515.78,-26.3,-0.1,-0.2,0.0,-0.1667,0.6,-1,1,1,0
419131,2010-03-29,Delhi Capitals,Kolkata Knight Riders,Feroz Shah Kotla,Delhi,2009/10,0.5714,0.375,0.4,0.4,0.5,0.5,0.6667,3,0.5,0.5,8,1531.63,1434.36,97.27,0.1964,0.0,0.0,0.0,0.625,1,1,0,1
419132,2010-03-30,Mumbai Indians,Punjab Kings,Brabourne Stadium,Mumbai,2009/10,0.5152,0.5143,0.8,0.2,0.6,0.3,0.25,4,0.6667,0.5,3,1530.57,1464.73,65.83,0.0009,0.6,0.3,0.1667,0.6667,1,1,1,1
419133,2010-03-31,Chennai Super Kings,Royal Challengers Bangalore,"MA Chidambaram Stadium, Chepauk",Chennai,2009/10,0.5135,0.4722,0.2,0.8,0.3,0.7,0.3333,6,0.3333,1.0,9,1480.03,1532.39,-52.37,0.0413,-0.6,-0.4,-0.6667,0.3333,1,0,0,1
419134,2010-03-31,Delhi Capitals,Rajasthan Royals,Feroz Shah Kotla,Delhi,2009/10,0.5833,0.6389,0.4,0.8,0.5,0.5,0.5,6,0.5556,0.0,9,1543.26,1551.6,-8.34,-0.0556,-0.4,0.0,0.5556,0.5556,1,1,0,1
419135,2010-04-01,Kolkata Knight Riders,Deccan Chargers,Eden Gardens,Kolkata,2009/10,0.3636,0.3889,0.2,0.6,0.5,0.5,0.6,5,0.5556,0.0,9,1422.73,1474.68,-51.96,-0.0253,-0.4,0.0,0.5556,0.6667,1,1,0,1
419136,2010-04-02,Punjab Kings,Royal Challengers Bangalore,"Punjab Cricket Association Stadium, Mohali",Chandigarh,2009/10,0.5,0.4595,0.2,0.6,0.3,0.6,0.6,5,0.6,0.0,10,1451.73,1514.0,-62.27,0.0405,-0.4,-0.3,0.6,0.4,1,1,0,0
419137,2010-04-03,Chennai Super Kings,Rajasthan Royals,"MA Chidambaram Stadium, Chepauk",Chennai,2009/10,0.5263,0.6216,0.2,0.8,0.4,0.4,0.3333,6,0.4,1.0,10,1498.42,1535.22,-36.8,-0.0953,-0.6,0.0,-0.6,0.4,1,1,0,1
419138,2010-04-03,Mumbai Indians,Deccan Chargers,Brabourne Stadium,Mumbai,2009/10,0.5294,0.3784,0.8,0.4,0.6,0.5,0.4,5,0.75,0.5,4,1543.57,1456.31,87.26,0.151,0.4,0.1,0.25,0.75,1,1,0,1
419139,2010-04-04,Kolkata Knight Riders,Punjab Kings,Eden Gardens,Kolkata,2009/10,0.3824,0.4865,0.4,0.2,0.6,0.2,0.6,5,0.6,0.0,10,1441.1,1438.57,2.53,-0.1041,0.2,0.4,0.6,0.6,1,1,0,0
419140,2010-04-04,Delhi Capitals,Royal Challengers Bangalore,Feroz Shah Kotla,Delhi,2009/10,0.5946,0.4737,0.6,0.6,0.6,0.6,0.8,5,0.6,0.0,10,1559.65,1527.16,32.48,0.1209,0.0,0.0,0.6,0.5,1,1,0,1
419141,2010-04-05,Deccan Chargers,Rajasthan Royals,"Vidarbha Cricket Association Stadium, Jamtha",Nagpur,2009/10,0.3684,0.6053,0.2,0.6,0.5,0.4,0.2,5,0.5,0.5,0,1444.25,1517.53,-73.28,-0.2368,-0.4,0.1,0.0,0.5,0,0,0,0
419142,2010-04-06,Chennai Super Kings,Mumbai Indians,"MA Chidambaram Stadium, Chepauk",Chennai,2009/10,0.5385,0.5429,0.4,1.0,0.4,0.7,0.4,5,0.4545,0.0,11,1516.11,1555.64,-39.53,-0.0044,-0.6,-0.3,0.4545,0.3636,1,1,0,1
419143,2010-04-07,Rajasthan Royals,Punjab Kings,Sawai Mansingh Stadium,Jaipur,2009/10,0.6154,0.5,0.6,0.2,0.5,0.2,0.6,5,1.0,0.0,7,1530.2,1454.68,75.52,0.1154,0.4,0.3,1.0,0.7143,1,0,0,1
419144,2010-04-07,Kolkata Knight Riders,Delhi Capitals,Eden Gardens,Kolkata,2009/10,0.3714,0.6053,0.4,0.8,0.5,0.6,0.25,4,0.5455,0.0,11,1424.99,1574.16,-149.17,-0.2338,-0.4,-0.1,0.5455,0.6364,1,1,0,1
419145,2010-04-08,Royal Challengers Bangalore,Deccan Chargers,M Chinnaswamy Stadium,Bangalore,2009/10,0.4615,0.359,0.4,0.0,0.5,0.4,0.6,5,0.3636,0.0,11,1512.66,1431.57,81.08,0.1026,0.4,0.1,0.3636,0.5455,1,0,1,0
419146,2010-04-09,Punjab Kings,Mumbai Indians,"Punjab Cricket Association Stadium, Mohali",Chandigarh,2009/10,0.4872,0.5278,0.2,0.8,0.2,0.7,0.6,5,0.5455,0.0,11,1442.11,1537.82,-95.72,-0.0406,-0.6,-0.5,0.5455,0.4545,1,0,0,1
419147,2010-04-10,Deccan Chargers,Chennai Super Kings,"Vidarbha Cricket Association Stadium, Jamtha",Nagpur,2009/10,0.375,0.55,0.2,0.6,0.4,0.5,0.6,5,0.0,0.5,1,1451.24,1533.92,-82.68,-0.175,-0.4,-0.1,-0.5,0.0,0,0,0,1
419148,2010-04-10,Royal Challengers Bangalore,Kolkata Knight Riders,M Chinnaswamy Stadium,Bangalore,2009/10,0.45,0.3889,0.2,0.6,0.5,0.5,0.4,5,0.3333,1.0,12,1492.99,1447.46,45.53,0.0611,-0.4,0.0,-0.6667,0.5833,1,1,1,1
419149,2010-04-11,Delhi Capitals,Punjab Kings,Feroz Shah Kotla,Delhi,2009/10,0.5897,0.5,0.8,0.4,0.6,0.3,0.4,5,0.6364,1.0,11,1551.68,1462.41,89.27,0.0897,0.4,0.3,-0.3636,0.4545,1,1,0,0
419150,2010-04-11,Rajasthan Royals,Mumbai Indians,Sawai Mansingh Stadium,Jaipur,2009/10,0.625,0.5135,0.6,0.6,0.6,0.7,0.5,4,1.0,0.0,8,1542.78,1517.52,25.25,0.1115,0.0,-0.1,1.0,0.75,1,1,1,0
419151,2010-04-12,Deccan Chargers,Royal Challengers Bangalore,"Vidarbha Cricket Association Stadium, Jamtha",Nagpur,2009/10,0.3902,0.4634,0.4,0.4,0.5,0.6,0.5,6,0.5,0.5,2,1470.98,1506.9,-35.93,-0.0732,0.0,-0.1,0.0,0.5,0,0,1,1
419152,2010-04-13,Mumbai Indians,Delhi Capitals,Brabourne Stadium,Mumbai,2009/10,0.5263,0.575,0.6,0.6,0.7,0.5,0.4,5,0.8,0.5,5,1534.68,1531.66,3.03,-0.0487,0.0,0.2,0.3,0.6,1,1,0,1
419153,2010-04-13,Chennai Super Kings,Kolkata Knight Riders,"MA Chidambaram Stadium, Chepauk",Chennai,2009/10,0.5366,0.3784,0.6,0.4,0.5,0.4,0.75,4,0.5,0.0,12,1514.18,1433.55,80.64,0.1582,0.2,0.1,0.5,0.3333,1,0,0,1
419154,2010-04-14,Rajasthan Royals,Royal Challengers Bangalore,Sawai Mansingh Stadium,Jaipur,2009/10,0.6098,0.4524,0.4,0.4,0.6,0.5,0.6,5,0.8889,0.0,9,1525.62,1489.25,36.36,0.1574,0.0,0.1,0.8889,0.6667,1,1,0,0
419155,2010-04-15,Chennai Super Kings,Delhi Capitals,"MA Chidambaram Stadium, Chepauk",Chennai,2009/10,0.5476,0.561,0.8,0.4,0.5,0.4,0.6,5,0.5385,1.0,13,1526.54,1515.8,10.74,-0.0134,0.4,0.1,-0.4615,0.3846,1,1,0,0
419156,2010-04-16,Punjab Kings,Deccan Chargers,Himachal Pradesh Cricket Association Stadium,Dharamsala,2009/10,0.5122,0.4048,0.6,0.6,0.4,0.5,0.8,5,0.5,0.5,0,1482.43,1488.63,-6.19,0.1074,0.0,-0.1,0.0,0.5,1,0,1,0
419157,2010-04-17,Royal Challengers Bangalore,Mumbai Indians,M Chinnaswamy Stadium,Bangalore,2009/10,0.4651,0.5385,0.4,0.6,0.5,0.7,0.6,5,0.3846,1.0,13,1506.92,1550.55,-43.62,-0.0733,-0.2,-0.2,-0.6154,0.6154,1,1,1,0
419158,2010-04-17,Kolkata Knight Riders,Rajasthan Royals,Eden Gardens,Kolkata,2009/10,0.3684,0.5952,0.4,0.4,0.3,0.6,0.2,5,0.5833,1.0,12,1421.19,1507.95,-86.75,-0.2268,0.0,-0.3,-0.4167,0.5833,1,0,0,1
419159,2010-04-18,Punjab Kings,Chennai Super Kings,Himachal Pradesh Cricket Association Stadium,Dharamsala,2009/10,0.5,0.5349,0.6,0.6,0.4,0.4,0.1667,6,0.0,0.5,1,1466.72,1510.04,-43.33,-0.0349,0.0,0.0,-0.5,1.0,1,0,1,0
419160,2010-04-18,Delhi Capitals,Deccan Chargers,Feroz Shah Kotla,Delhi,2009/10,0.5714,0.4186,0.4,0.8,0.5,0.5,0.6667,6,0.5833,0.0,12,1532.29,1504.34,27.95,0.1528,-0.4,0.0,0.5833,0.5,1,0,0,0
419161,2010-04-19,Kolkata Knight Riders,Mumbai Indians,Eden Gardens,Kolkata,2009/10,0.3846,0.55,0.4,0.6,0.4,0.8,0.0,5,0.6154,1.0,13,1441.11,1564.55,-123.44,-0.1654,-0.2,-0.4,-0.3846,0.6154,1,0,0,1
419162,2010-04-21,Royal Challengers Bangalore,Mumbai Indians,Dr DY Patil Sports Academy,Mumbai,2009/10,0.4545,0.5366,0.4,0.6,0.4,0.7,0.5,6,0.5,0.75,6,1492.92,1543.09,-50.17,-0.082,-0.2,-0.3,-0.25,0.5,-1,0,0,0
419163,2010-04-22,Chennai Super Kings,Deccan Chargers,Dr DY Patil Sports Academy,Mumbai,2009/10,0.5455,0.4318,0.6,1.0,0.5,0.5,0.3333,6,0.0,0.3333,7,1524.06,1521.62,2.43,0.1136,-0.4,0.0,-0.3333,0.4286,0,1,0,1
419164,2010-04-24,Royal Challengers Bangalore,Deccan Chargers,Dr DY Patil Sports Academy,Mumbai,2009/10,0.4444,0.4222,0.4,0.8,0.3,0.5,0.4286,7,0.0,0.25,8,1479.22,1505.74,-26.52,0.0222,-0.4,-0.2,-0.25,0.375,0,0,0,1
419165,2010-04-25,Chennai Super Kings,Mumbai Indians,Dr DY Patil Sports Academy,Mumbai,2009/10,0.5556,0.5476,0.6,0.8,0.6,0.7,0.5,6,0.5,0.8,9,1539.94,1556.8,-16.85,0.0079,-0.2,-0.1,-0.3,0.4444,-1,1,0,1
501198,2011-04-08,Chennai Super Kings,Kolkata Knight Riders,"MA Chidambaram Stadium, Chepauk",Chennai,2011,0.5652,0.4,0.8,0.6,0.7,0.5,0.8,5,0.5,0.0,14,1556.72,1462.57,94.15,0.1652,0.2,0.2,0.5,0.4286,1,1,0,1
501199,2011-04-09,Deccan Chargers,Rajasthan Royals,"Rajiv Gandhi International Stadium, Uppal",Hyderabad,2011,0.413,0.5814,0.6,0.4,0.5,0.5,0.1667,6,0.0,1.0,7,1488.52,1488.03,0.48,-0.1684,0.2,0.0,-1.0,0.7143,1,0,1,0
501200,2011-04-09,Kochi Tuskers Kerala,Royal Challengers Bangalore,Nehru Stadium,Kochi,2011,0.5,0.4565,0.5,0.4,0.5,0.4,0.5,0,0.5,0.5,0,1500.0,1496.43,3.57,0.0435,0.1,0.1,0.0,0.5,1,1,0,0
501201,2011-04-10,Delhi Capitals,Mumbai Indians,Feroz Shah Kotla,Delhi,2011,0.5581,0.5349,0.2,0.6,0.5,0.6,0.5,6,0.5385,0.5,13,1515.01,1540.02,-25.01,0.0233,-0.4,-0.1,0.0385,0.4615,1,1,0,0
501202,2011-04-10,Pune Warriors,Punjab Kings,Dr DY Patil Sports Academy,Mumbai,2011,0.5,0.4884,0.5,0.4,0.5,0.3,0.5,0,0.5,0.5,10,1500.0,1452.7,47.3,0.0116,0.1,0.2,0.0,0.4,0,0,0,1
501203,2011-04-11,Kolkata Knight Riders,Deccan Chargers,Eden Gardens,Kolkata,2011,0.3902,0.4043,0.4,0.4,0.5,0.5,0.6667,6,0.6429,0.0,14,1450.8,1472.5,-21.7,-0.014,0.0,0.0,0.6429,0.6429,1,1,0,1
501204,2011-04-12,Rajasthan Royals,Delhi Capitals,Sawai Mansingh Stadium,Jaipur,2011,0.5909,0.5455,0.4,0.2,0.5,0.5,0.4286,7,0.8,0.0,10,1504.06,1500.16,3.9,0.0455,0.2,0.0,0.8,0.7,1,0,0,1
501205,2011-04-12,Royal Challengers Bangalore,Mumbai Indians,M Chinnaswamy Stadium,Bangalore,2011,0.4681,0.5455,0.6,0.6,0.5,0.6,0.4286,7,0.3571,1.0,14,1512.6,1554.87,-42.27,-0.0774,0.0,-0.1,-0.6429,0.5714,1,0,1,0
501206,2011-04-13,Punjab Kings,Chennai Super Kings,"Punjab Cricket Association Stadium, Mohali",Chandigarh,2011,0.4773,0.5745,0.4,0.8,0.3,0.8,0.1429,7,0.5833,1.0,12,1438.87,1568.49,-129.62,-0.0972,-0.4,-0.5,-0.4167,0.5,1,1,1,1
501207,2011-04-13,Pune Warriors,Kochi Tuskers Kerala,Dr DY Patil Sports Academy,Mumbai,2011,1.0,0.0,1.0,0.0,1.0,0.0,0.5,0,1.0,0.5,11,1513.84,1483.84,30.0,1.0,1.0,1.0,0.5,0.4545,0,0,0,1
501208,2011-04-14,Deccan Chargers,Royal Challengers Bangalore,"Rajiv Gandhi International Stadium, Uppal",Hyderabad,2011,0.3958,0.4583,0.2,0.4,0.5,0.4,0.5,8,0.0,1.0,8,1455.5,1498.54,-43.04,-0.0625,-0.2,0.1,-1.0,0.75,1,0,1,1
501209,2011-04-15,Rajasthan Royals,Kolkata Knight Riders,Sawai Mansingh Stadium,Jaipur,2011,0.6,0.4048,0.4,0.6,0.5,0.5,0.6667,6,0.8182,0.0,11,1519.88,1467.8,52.08,0.1952,-0.2,0.0,0.8182,0.7273,1,0,1,0
501210,2011-04-15,Mumbai Indians,Kochi Tuskers Kerala,Wankhede Stadium,Mumbai,2011,0.5556,0.0,0.6,0.0,0.6,0.0,0.5,0,0.5,0.5,6,1568.93,1469.21,99.72,0.5556,0.6,0.6,0.0,0.6667,1,0,1,0
501211,2011-04-16,Chennai Super Kings,Royal Challengers Bangalore,"MA Chidambaram Stadium, Chepauk",Chennai,2011,0.5625,0.449,0.8,0.4,0.7,0.4,0.4286,7,0.5333,0.5,15,1546.78,1480.56,66.22,0.1135,0.4,0.3,0.0333,0.4,1,1,0,1
501212,2011-04-16,Deccan Chargers,Punjab Kings,"Rajiv Gandhi International Stadium, Uppal",Hyderabad,2011,0.4082,0.4889,0.2,0.4,0.6,0.4,0.3333,6,0.1111,1.0,9,1473.47,1460.57,12.9,-0.0807,-0.2,0.2,-0.8889,0.6667,1,0,1,0
501213,2011-04-17,Pune Warriors,Delhi Capitals,Dr DY Patil Sports Academy,Mumbai,2011,1.0,0.5333,1.0,0.2,1.0,0.4,0.5,0,1.0,0.0,12,1528.46,1484.34,44.12,0.4667,0.8,0.6,1.0,0.5,0,0,1,0
501214,2011-04-17,Kolkata Knight Riders,Rajasthan Royals,Eden Gardens,Kolkata,2011,0.4186,0.587,0.8,0.4,0.6,0.4,0.4286,7,0.6667,0.5,15,1486.18,1501.5,-15.32,-0.1684,0.4,0.2,0.1667,0.6,1,1,1,1
501215,2011-04-18,Kochi Tuskers Kerala,Chennai Super Kings,Nehru Stadium,Kochi,2011,0.3333,0.5714,0.3333,0.8,0.3333,0.7,0.5,0,0.0,0.5,1,1489.68,1559.77,-70.08,-0.2381,-0.4667,-0.3667,-0.5,1.0,1,1,1,1
501216,2011-04-19,Delhi Capitals,Deccan Chargers,Feroz Shah Kotla,Delhi,2011,0.5435,0.4,0.4,0.2,0.4,0.5,0.5714,7,0.5,0.5,14,1502.36,1456.88,45.48,0.1435,0.2,-0.1,0.0,0.5,1,0,0,0
501218,2011-04-20,Mumbai Indians,Pune Warriors,Wankhede Stadium,Mumbai,2011,0.5435,0.6667,0.6,0.6667,0.6,0.6667,0.5,0,0.4,0.5,7,1548.46,1510.44,38.03,-0.1232,-0.0667,-0.0667,-0.1,0.7143,1,0,0,1
501219,2011-04-20,Kolkata Knight Riders,Kochi Tuskers Kerala,Eden Gardens,Kolkata,2011,0.4318,0.5,0.8,0.5,0.6,0.5,0.5,0,0.6875,0.5,16,1502.88,1508.87,-5.99,-0.0682,0.3,0.1,0.1875,0.625,1,1,1,0
501220,2011-04-21,Punjab Kings,Rajasthan Royals,"Punjab Cricket Association Stadium, Mohali",Chandigarh,2011,0.5,0.5745,0.4,0.4,0.5,0.4,0.3333,6,0.6154,0.5,13,1477.17,1484.79,-7.63,-0.0745,0.0,0.1,0.1154,0.5385,1,0,1,1
501221,2011-04-22,Mumbai Indians,Chennai Super Kings,Wankhede Stadium,Mumbai,2011,0.5532,0.56,0.6,0.6,0.7,0.6,0.4286,7,0.5,0.5,8,1562.72,1540.58,22.14,-0.0068,0.0,0.1,0.0,0.75,1,0,1,1
501222,2011-04-22,Kolkata Knight Riders,Royal Challengers Bangalore,Eden Gardens,Kolkata,2011,0.4222,0.44,0.6,0.4,0.6,0.4,0.5,6,0.6471,0.0,17,1487.16,1467.58,19.58,-0.0178,0.2,0.2,0.6471,0.5882,1,0,1,0
501223,2011-04-23,Delhi Capitals,Punjab Kings,Feroz Shah Kotla,Delhi,2011,0.5319,0.5106,0.2,0.6,0.3,0.6,0.3333,6,0.4667,1.0,15,1484.27,1493.52,-9.24,0.0213,-0.4,-0.3,-0.5333,0.4667,1,0,1,1
501224,2011-04-24,Deccan Chargers,Mumbai Indians,"Rajiv Gandhi International Stadium, Uppal",Hyderabad,2011,0.4118,0.5625,0.4,0.8,0.5,0.7,0.5,6,0.1,1.0,10,1474.96,1577.7,-102.74,-0.1507,-0.4,-0.2,-0.9,0.7,1,1,1,0
501225,2011-04-24,Rajasthan Royals,Kochi Tuskers Kerala,Sawai Mansingh Stadium,Jaipur,2011,0.5625,0.6,0.4,0.6,0.4,0.6,0.5,0,0.75,0.5,12,1468.44,1524.59,-56.15,-0.0375,-0.2,-0.2,0.25,0.75,1,1,1,1
501226,2011-04-25,Chennai Super Kings,Pune Warriors,"MA Chidambaram Stadium, Chepauk",Chennai,2011,0.549,0.5,0.4,0.5,0.6,0.5,0.5,0,0.5625,0.5,16,1525.6,1496.18,29.42,0.049,-0.1,0.1,0.0625,0.375,1,0,1,1
501227,2011-04-26,Delhi Capitals,Royal Challengers Bangalore,Feroz Shah Kotla,Delhi,2011,0.5417,0.451,0.4,0.4,0.3,0.4,0.8333,6,0.5,0.0,16,1500.7,1484.48,16.22,0.0907,0.0,-0.1,0.5,0.4375,1,0,1,0
501228,2011-04-27,Pune Warriors,Chennai Super Kings,Dr DY Patil Sports Academy,Mumbai,2011,0.4,0.5577,0.4,0.4,0.4,0.6,0.0,1,0.6667,0.6667,13,1481.53,1540.25,-58.72,-0.1577,0.0,-0.2,0.0,0.5385,0,1,0,0
501229,2011-04-27,Kochi Tuskers Kerala,Deccan Chargers,Nehru Stadium,Kochi,2011,0.5,0.4038,0.6,0.4,0.5,0.4,0.5,0,0.5,0.5,2,1506.03,1463.56,42.47,0.0962,0.2,0.1,0.0,1.0,1,1,1,0
501230,2011-04-28,Delhi Capitals,Kolkata Knight Riders,Feroz Shah Kotla,Delhi,2011,0.5306,0.413,0.4,0.6,0.3,0.5,0.6,5,0.4706,0.0,17,1483.95,1470.26,13.7,0.1176,-0.2,-0.2,0.4706,0.4706,1,1,1,0
501231,2011-04-29,Rajasthan Royals,Mumbai Indians,Sawai Mansingh Stadium,Jaipur,2011,0.5714,0.5714,0.4,0.8,0.4,0.7,0.4,5,0.7692,0.5,13,1487.0,1589.1,-102.1,0.0,-0.4,-0.3,0.2692,0.7692,1,1,1,1
501232,2011-04-29,Royal Challengers Bangalore,Pune Warriors,M Chinnaswamy Stadium,Bangalore,2011,0.4615,0.3333,0.4,0.2,0.5,0.3333,0.5,0,0.3333,0.5,15,1501.22,1468.21,33.01,0.1282,0.2,0.1667,-0.1667,0.6,1,0,1,1
501233,2011-04-30,Kochi Tuskers Kerala,Delhi Capitals,Nehru Stadium,Kochi,2011,0.4286,0.52,0.6,0.4,0.4286,0.3,0.5,0,0.3333,0.5,3,1488.08,1467.32,20.76,-0.0914,0.2,0.1286,-0.1667,0.6667,1,0,0,0
501234,2011-04-30,Kolkata Knight Riders,Punjab Kings,Eden Gardens,Kolkata,2011,0.4255,0.5,0.6,0.6,0.6,0.5,0.5,6,0.6111,0.5,18,1486.89,1477.09,9.8,-0.0745,0.0,0.1,0.1111,0.6111,1,1,1,1
501235,2011-05-01,Rajasthan Royals,Pune Warriors,Sawai Mansingh Stadium,Jaipur,2011,0.58,0.2857,0.4,0.0,0.4,0.2857,0.5,0,0.7857,0.5,14,1507.58,1453.73,53.85,0.2943,0.4,0.1143,0.2857,0.7857,1,1,1,1
501236,2011-05-01,Chennai Super Kings,Deccan Chargers,"MA Chidambaram Stadium, Chepauk",Chennai,2011,0.566,0.4151,0.6,0.6,0.7,0.4,0.4286,7,0.5882,1.0,17,1553.57,1481.5,72.07,0.1509,0.0,0.3,-0.4118,0.3529,1,1,0,1
501237,2011-05-02,Mumbai Indians,Punjab Kings,Wankhede Stadium,Mumbai,2011,0.56,0.4898,0.6,0.6,0.6,0.5,0.3333,6,0.5714,0.5,9,1568.53,1461.54,106.99,0.0702,0.0,0.1,0.0714,0.6667,1,0,1,1
501238,2011-05-02,Delhi Capitals,Kochi Tuskers Kerala,Feroz Shah Kotla,Delhi,2011,0.5294,0.375,0.4,0.4,0.4,0.375,1.0,1,0.4444,0.5,18,1484.28,1471.13,13.15,0.1544,0.0,0.025,-0.0556,0.4444,1,0,1,0
501239,2011-05-03,Deccan Chargers,Kolkata Knight Riders,"Rajiv Gandhi International Stadium, Uppal",Hyderabad,2011,0.4074,0.4375,0.4,0.6,0.3,0.7,0.2857,7,0.0909,1.0,11,1468.77,1502.44,-33.66,-0.0301,-0.2,-0.4,-0.9091,0.6364,1,1,1,0
501240,2011-05-04,Chennai Super Kings,Rajasthan Royals,"MA Chidambaram Stadium, Chepauk",Chennai,2011,0.5741,0.5882,0.6,0.6,0.7,0.5,0.4286,7,0.6111,0.5,18,1566.3,1521.12,45.18,-0.0142,0.0,0.2,0.1111,0.3333,1,0,0,1
501241,2011-05-04,Pune Warriors,Mumbai Indians,Dr DY Patil Sports Academy,Mumbai,2011,0.25,0.5686,0.0,0.8,0.25,0.7,0.0,1,0.5,0.6667,14,1440.19,1579.75,-139.57,-0.3186,-0.8,-0.45,-0.1667,0.5714,-1,1,1,0
501242,2011-05-05,Kochi Tuskers Kerala,Kolkata Knight Riders,Nehru Stadium,Kochi,2011,0.4444,0.449,0.4,0.6,0.4444,0.7,1.0,1,0.25,0.5,4,1487.73,1516.89,-29.16,-0.0045,-0.2,-0.2556,-0.25,0.5,1,0,1,1
501243,2011-05-05,Deccan Chargers,Delhi Capitals,"Rajiv Gandhi International Stadium, Uppal",Hyderabad,2011,0.4,0.5192,0.4,0.4,0.3,0.3,0.5,8,0.0833,1.0,12,1454.32,1467.67,-13.35,-0.1192,0.0,0.0,-0.9167,0.5833,1,0,1,0
501244,2011-05-06,Royal Challengers Bangalore,Punjab Kings,M Chinnaswamy Stadium,Bangalore,2011,0.4717,0.48,0.6,0.4,0.5,0.4,0.5,6,0.375,0.5,16,1515.71,1450.32,65.39,-0.0083,0.2,0.1,-0.125,0.5625,1,0,1,1
501245,2011-05-07,Kolkata Knight Riders,Chennai Super Kings,Eden Gardens,Kolkata,2011,0.44,0.5818,0.6,0.8,0.6,0.7,0.1667,6,0.6316,1.0,19,1499.55,1580.23,-80.68,-0.1418,-0.2,-0.1,-0.3684,0.6316,1,0,0,1
501246,2011-05-07,Mumbai Indians,Delhi Capitals,Wankhede Stadium,Mumbai,2011,0.5769,0.5283,0.8,0.4,0.7,0.4,0.5714,7,0.625,0.0,10,1589.65,1483.06,106.59,0.0486,0.4,0.3,0.625,0.6,1,0,1,1
501247,2011-05-08,Royal Challengers Bangalore,Kochi Tuskers Kerala,M Chinnaswamy Stadium,Bangalore,2011,0.4815,0.5,0.8,0.4,0.6,0.5,1.0,1,0.4118,0.5,17,1528.73,1505.07,23.66,-0.0185,0.4,0.1,-0.0882,0.5294,1,0,0,1
501248,2011-05-08,Punjab Kings,Pune Warriors,"Punjab Cricket Association Stadium, Mohali",Chandigarh,2011,0.4706,0.2222,0.2,0.0,0.3,0.2222,0.0,1,0.6429,0.5,14,1437.3,1430.29,7.01,0.2484,0.2,0.0778,0.1429,0.5,1,1,0,0
501249,2011-05-09,Rajasthan Royals,Chennai Super Kings,Sawai Mansingh Stadium,Jaipur,2011,0.5769,0.5714,0.6,0.8,0.5,0.6,0.5,8,0.8,0.0,15,1507.18,1560.58,-53.4,0.0055,-0.2,-0.1,0.8,0.8,1,1,1,0
501250,2011-05-10,Deccan Chargers,Pune Warriors,"Rajiv Gandhi International Stadium, Uppal",Hyderabad,2011,0.3929,0.3,0.2,0.2,0.3,0.3,0.5,0,0.0769,0.5,13,1438.93,1446.61,-7.68,0.0929,0.0,0.0,-0.4231,0.6154,1,1,0,0
501251,2011-05-10,Punjab Kings,Mumbai Indians,"Punjab Cricket Association Stadium, Mohali",Chandigarh,2011,0.4615,0.5849,0.0,0.8,0.3,0.8,0.5714,7,0.6,0.0,15,1420.97,1600.89,-179.92,-0.1234,-0.8,-0.5,0.6,0.5333,1,0,1,1
501252,2011-05-11,Rajasthan Royals,Royal Challengers Bangalore,Sawai Mansingh Stadium,Jaipur,2011,0.566,0.4909,0.6,1.0,0.5,0.7,0.5,6,0.75,0.5,16,1493.62,1543.64,-50.02,0.0751,-0.4,-0.2,0.25,0.75,1,0,1,0
501253,2011-05-12,Chennai Super Kings,Delhi Capitals,"MA Chidambaram Stadium, Chepauk",Chennai,2011,0.5789,0.5185,0.8,0.4,0.6,0.4,0.5,6,0.6316,1.0,19,1574.14,1471.82,102.32,0.0604,0.4,0.2,-0.3684,0.3684,1,1,0,1
501254,2011-05-13,Kochi Tuskers Kerala,Punjab Kings,Holkar Cricket Stadium,Indore,2011,0.4545,0.4717,0.4,0.2,0.5,0.4,0.5,0,0.5,0.5,0,1490.16,1444.59,45.57,-0.0172,0.2,0.1,0.0,0.5,0,0,1,0
501255,2011-05-14,Royal Challengers Bangalore,Kolkata Knight Riders,M Chinnaswamy Stadium,Bangalore,2011,0.5,0.451,1.0,0.8,0.7,0.7,0.5714,7,0.4444,0.5,18,1557.36,1519.2,38.16,0.049,0.2,0.0,-0.0556,0.5556,1,1,1,1
501256,2011-05-14,Mumbai Indians,Deccan Chargers,Wankhede Stadium,Mumbai,2011,0.5741,0.386,0.6,0.2,0.7,0.3,0.5714,7,0.6667,0.5,11,1577.28,1423.29,153.99,0.1881,0.4,0.4,0.1667,0.5455,1,0,0,0
501257,2011-05-15,Punjab Kings,Delhi Capitals,Himachal Pradesh Cricket Association Stadium,Dharamsala,2011,0.4815,0.5091,0.4,0.4,0.5,0.4,0.5714,7,0.0,0.5,2,1462.68,1460.4,2.28,-0.0276,0.0,0.1,-0.5,1.0,1,0,1,1
501258,2011-05-15,Kochi Tuskers Kerala,Rajasthan Royals,Holkar Cricket Stadium,Indore,2011,0.4167,0.5556,0.4,0.4,0.5,0.4,0.0,1,0.0,0.5,1,1472.07,1479.91,-7.84,-0.1389,0.0,0.1,-0.5,1.0,0,1,1,1
501259,2011-05-16,Pune Warriors,Deccan Chargers,Dr DY Patil Sports Academy,Mumbai,2011,0.3636,0.3966,0.4,0.2,0.3,0.4,1.0,1,0.4,0.2,15,1462.26,1445.95,16.31,-0.0329,0.2,-0.1,0.2,0.5333,0,0,1,0
501260,2011-05-17,Punjab Kings,Royal Challengers Bangalore,Himachal Pradesh Cricket Association Stadium,Dharamsala,2011,0.4909,0.5088,0.6,1.0,0.5,0.7,0.4286,7,0.3333,0.5,3,1478.57,1571.61,-93.03,-0.0179,-0.4,-0.2,-0.1667,0.6667,1,1,0,1
501261,2011-05-18,Chennai Super Kings,Kochi Tuskers Kerala,"MA Chidambaram Stadium, Chepauk",Chennai,2011,0.5862,0.4615,0.8,0.6,0.7,0.5,0.0,1,0.65,0.5,20,1585.56,1488.43,97.12,0.1247,0.2,0.2,0.15,0.35,1,1,0,1
501262,2011-05-19,Pune Warriors,Kolkata Knight Riders,Dr DY Patil Sports Academy,Mumbai,2011,0.3333,0.4423,0.4,0.6,0.2,0.6,0.5,0,0.3333,1.0,16,1445.51,1504.95,-59.44,-0.109,-0.2,-0.4,-0.6667,0.5625,0,0,1,0
501263,2011-05-20,Mumbai Indians,Rajasthan Royals,Wankhede Stadium,Mumbai,2011,0.5636,0.5455,0.6,0.2,0.6,0.3,0.5,6,0.6,1.0,12,1554.61,1463.55,91.06,0.0182,0.4,0.3,-0.4,0.5,1,1,0,0
501264,2011-05-21,Punjab Kings,Deccan Chargers,Himachal Pradesh Cricket Association Stadium,Dharamsala,2011,0.5,0.4068,0.8,0.4,0.5,0.4,0.7143,7,0.5,1.0,4,1498.76,1462.7,36.06,0.0932,0.4,0.1,-0.5,0.5,1,1,1,0
501266,2011-05-22,Royal Challengers Bangalore,Chennai Super Kings,M Chinnaswamy Stadium,Bangalore,2011,0.5,0.5932,0.8,0.8,0.7,0.7,0.5,8,0.4737,0.5,19,1551.42,1597.2,-45.78,-0.0932,0.0,0.0,-0.0263,0.5789,1,1,1,1
501267,2011-05-22,Kolkata Knight Riders,Mumbai Indians,Eden Gardens,Kolkata,2011,0.4528,0.5536,0.6,0.4,0.6,0.6,0.1667,6,0.65,0.5,20,1518.24,1534.51,-16.27,-0.1007,0.2,0.0,0.15,0.65,1,0,1,0
501268,2011-05-24,Royal Challengers Bangalore,Chennai Super Kings,Wankhede Stadium,Mumbai,2011,0.5085,0.5833,0.8,0.6,0.8,0.7,0.5556,9,1.0,0.3333,13,1569.52,1579.1,-9.59,-0.0749,0.2,0.1,0.6667,0.5385,0,0,1,0
501269,2011-05-25,Mumbai Indians,Kolkata Knight Riders,Wankhede Stadium,Mumbai,2011,0.5614,0.4444,0.4,0.4,0.6,0.5,0.8571,7,0.5455,0.0,14,1549.77,1502.99,46.78,0.117,0.0,0.1,0.5455,0.5714,1,1,1,1
501270,2011-05-27,Royal Challengers Bangalore,Mumbai Indians,"MA Chidambaram Stadium, Chepauk",Chennai,2011,0.5,0.569,0.6,0.4,0.8,0.6,0.375,8,0.3333,0.0,21,1553.96,1563.62,-9.66,-0.069,0.2,0.2,0.3333,0.3333,0,0,1,1
501271,2011-05-28,Chennai Super Kings,Royal Challengers Bangalore,"MA Chidambaram Stadium, Chepauk",Chennai,2011,0.5902,0.5082,0.8,0.6,0.8,0.8,0.5,10,0.6667,0.5,22,1594.66,1570.4,24.26,0.082,0.2,0.0,0.1667,0.3182,1,1,0,1
548306,2012-04-04,Chennai Super Kings,Mumbai Indians,"MA Chidambaram Stadium, Chepauk",Chennai,2012,0.5968,0.5593,0.8,0.4,0.8,0.5,0.5,8,0.6818,0.0,23,1609.55,1547.18,62.37,0.0375,0.4,0.3,0.6818,0.3043,1,0,1,0
548307,2012-04-05,Kolkata Knight Riders,Delhi Capitals,Eden Gardens,Kolkata,2012,0.4364,0.5,0.4,0.2,0.5,0.3,0.5,6,0.619,0.0,21,1489.13,1444.5,44.63,-0.0636,0.2,0.2,0.619,0.6667,1,0,1,0
548308,2012-04-06,Mumbai Indians,Pune Warriors,Wankhede Stadium,Mumbai,2012,0.5667,0.3077,0.6,0.4,0.6,0.2,1.0,2,0.5833,0.0,15,1566.02,1432.22,133.8,0.259,0.2,0.4,0.5833,0.6,1,1,1,0
548309,2012-04-06,Rajasthan Royals,Punjab Kings,Sawai Mansingh Stadium,Jaipur,2012,0.5536,0.4912,0.2,0.8,0.4,0.4,0.5714,7,0.7059,0.0,17,1483.65,1481.1,2.55,0.0623,-0.6,0.0,0.7059,0.7647,1,0,1,1
548310,2012-04-07,Royal Challengers Bangalore,Delhi Capitals,M Chinnaswamy Stadium,Bangalore,2012,0.5,0.5088,0.4,0.4,0.7,0.4,0.2857,7,0.5,1.0,20,1555.52,1462.55,92.97,-0.0088,0.0,0.3,-0.5,0.6,1,0,1,1
548311,2012-04-07,Deccan Chargers,Chennai Super Kings,Dr. Y.S. Rajasekhara Reddy ACA-VDCA Cricket Stadium,Visakhapatnam,2012,0.4167,0.5873,0.6,0.6,0.5,0.7,0.5,8,0.5,0.5,0,1480.35,1590.71,-110.35,-0.1706,0.0,-0.2,0.0,0.5,0,1,1,0
548312,2012-04-08,Rajasthan Royals,Kolkata Knight Riders,Sawai Mansingh Stadium,Jaipur,2012,0.5614,0.4286,0.4,0.2,0.5,0.5,0.5,8,0.7222,0.5,18,1499.53,1471.09,28.45,0.1328,0.2,0.0,0.2222,0.7222,1,0,1,1
548313,2012-04-08,Pune Warriors,Punjab Kings,Subrata Roy Sahara Stadium,Pune,2012,0.3571,0.4828,0.6,0.6,0.3,0.4,1.0,2,0.5,0.5,0,1454.09,1465.22,-11.13,-0.1256,0.0,-0.1,0.0,0.5,1,1,0,1
548314,2012-04-09,Deccan Chargers,Mumbai Indians,Dr. Y.S. Rajasekhara Reddy ACA-VDCA Cricket Stadium,Visakhapatnam,2012,0.4098,0.5574,0.6,0.6,0.4,0.5,0.5,8,0.0,0.5,1,1469.27,1544.15,-74.87,-0.1475,0.0,-0.1,-0.5,0.0,0,1,0,0
548315,2012-04-10,Royal Challengers Bangalore,Kolkata Knight Riders,M Chinnaswamy Stadium,Bangalore,2012,0.5079,0.4211,0.6,0.2,0.7,0.4,0.625,8,0.5238,0.3333,21,1567.34,1456.39,110.94,0.0869,0.4,0.3,0.1905,0.5714,1,1,1,0
548316,2012-04-10,Delhi Capitals,Chennai Super Kings,Feroz Shah Kotla,Delhi,2012,0.5,0.5938,0.2,0.6,0.3,0.7,0.4286,7,0.4211,1.0,19,1450.73,1601.79,-151.06,-0.0938,-0.4,-0.4,-0.5789,0.4737,1,1,1,1
548317,2012-04-11,Mumbai Indians,Rajasthan Royals,Wankhede Stadium,Mumbai,2012,0.5645,0.569,0.6,0.6,0.5,0.6,0.4286,7,0.5385,1.0,16,1556.75,1514.23,42.52,-0.0044,0.0,-0.1,-0.4615,0.5625,1,0,1,1
548318,2012-04-12,Chennai Super Kings,Royal Challengers Bangalore,"MA Chidambaram Stadium, Chepauk",Chennai,2012,0.5846,0.5,0.6,0.4,0.6,0.6,0.5455,11,0.6522,0.4,24,1579.24,1546.39,32.84,0.0846,0.2,0.0,0.2522,0.3333,1,0,0,1
548319,2012-04-12,Punjab Kings,Pune Warriors,"Punjab Cricket Association Stadium, Mohali",Chandigarh,2012,0.4746,0.4,0.4,0.6,0.4,0.4,0.0,3,0.625,1.0,16,1448.71,1470.61,-21.9,0.0746,-0.2,0.0,-0.375,0.5,1,1,1,1
548320,2012-04-13,Kolkata Knight Riders,Rajasthan Royals,Eden Gardens,Kolkata,2012,0.431,0.5593,0.2,0.6,0.4,0.5,0.4444,9,0.5909,0.3333,22,1477.34,1500.18,-22.84,-0.1283,-0.4,-0.1,0.2576,0.6818,1,0,0,1
548322,2012-04-14,Pune Warriors,Chennai Super Kings,Subrata Roy Sahara Stadium,Pune,2012,0.375,0.5909,0.4,0.6,0.4,0.7,0.0,2,1.0,0.5,1,1453.6,1593.73,-140.13,-0.2159,-0.2,-0.3,0.5,0.0,1,0,0,1
548323,2012-04-15,Kolkata Knight Riders,Punjab Kings,Eden Gardens,Kolkata,2012,0.4407,0.4833,0.4,0.4,0.4,0.5,0.5714,7,0.6087,0.3333,23,1494.39,1465.71,28.67,-0.0427,0.0,-0.1,0.2754,0.6957,1,1,1,0
548324,2012-04-15,Royal Challengers Bangalore,Rajasthan Royals,M Chinnaswamy Stadium,Bangalore,2012,0.4923,0.55,0.4,0.6,0.5,0.4,0.5714,7,0.5,0.5,22,1531.9,1483.12,48.78,-0.0577,-0.2,0.1,0.0,0.5455,1,0,0,0
548325,2012-04-16,Mumbai Indians,Delhi Capitals,Wankhede Stadium,Mumbai,2012,0.5714,0.5085,0.6,0.4,0.5,0.4,0.625,8,0.5714,0.0,17,1570.8,1473.28,97.52,0.063,0.2,0.1,0.5714,0.5294,1,0,1,0
548326,2012-04-17,Rajasthan Royals,Deccan Chargers,Sawai Mansingh Stadium,Jaipur,2012,0.5574,0.4032,0.6,0.6,0.4,0.4,0.8571,7,0.7368,0.0,19,1501.36,1456.67,44.69,0.1542,0.0,0.0,0.7368,0.6842,1,0,0,1
548327,2012-04-17,Royal Challengers Bangalore,Pune Warriors,M Chinnaswamy Stadium,Bangalore,2012,0.4848,0.4118,0.2,0.6,0.4,0.5,1.0,1,0.4783,0.0,23,1513.67,1475.72,37.95,0.0731,-0.4,-0.1,0.4783,0.5217,1,0,0,1
548328,2012-04-18,Punjab Kings,Kolkata Knight Riders,"Punjab Cricket Association Stadium, Mohali",Chandigarh,2012,0.4918,0.4333,0.4,0.4,0.6,0.4,0.5,8,0.6471,0.5,17,1483.03,1477.07,5.96,0.0585,0.0,0.2,0.1471,0.5294,1,1,0,0
548321,2012-04-19,Delhi Capitals,Deccan Chargers,Feroz Shah Kotla,Delhi,2012,0.5167,0.3968,0.6,0.4,0.5,0.3,0.5556,9,0.45,0.6667,20,1493.66,1442.71,50.94,0.1198,0.2,0.2,-0.2167,0.5,1,0,0,1
548330,2012-04-19,Chennai Super Kings,Pune Warriors,"MA Chidambaram Stadium, Chepauk",Chennai,2012,0.5821,0.3889,0.4,0.6,0.6,0.5,0.6667,3,0.6667,0.0,25,1571.61,1461.46,110.14,0.1932,-0.2,0.1,0.6667,0.36,1,0,1,1
548331,2012-04-20,Punjab Kings,Royal Challengers Bangalore,"Punjab Cricket Association Stadium, Mohali",Chandigarh,2012,0.4839,0.4925,0.4,0.4,0.6,0.4,0.5,8,0.6111,0.5,18,1466.76,1527.93,-61.17,-0.0087,0.0,0.2,0.1111,0.5556,1,0,1,0
548332,2012-04-21,Chennai Super Kings,Rajasthan Royals,"MA Chidambaram Stadium, Chepauk",Chennai,2012,0.5882,0.5645,0.6,0.6,0.6,0.5,0.5556,9,0.68,0.3333,26,1582.7,1515.31,67.39,0.0237,0.0,0.1,0.3467,0.3462,1,0,0,1
548333,2012-04-21,Delhi Capitals,Pune Warriors,Feroz Shah Kotla,Delhi,2012,0.5246,0.3684,0.8,0.4,0.5,0.5,1.0,1,0.4762,0.5,21,1507.33,1450.37,56.95,0.1562,0.4,0.0,-0.0238,0.5238,1,1,1,0
548334,2012-04-22,Mumbai Indians,Punjab Kings,Wankhede Stadium,Mumbai,2012,0.5625,0.4762,0.6,0.4,0.5,0.5,0.375,8,0.5333,0.3333,18,1550.43,1453.55,96.88,0.0863,0.2,0.0,0.2,0.5556,1,1,0,0
548335,2012-04-22,Deccan Chargers,Kolkata Knight Riders,Barabati Stadium,Cuttack,2012,0.3906,0.4426,0.2,0.6,0.3,0.4,0.25,8,1.0,0.5,2,1429.04,1493.34,-64.3,-0.052,-0.4,-0.1,0.5,0.0,0,0,1,0
548336,2012-04-23,Rajasthan Royals,Royal Challengers Bangalore,Sawai Mansingh Stadium,Jaipur,2012,0.5556,0.5,0.4,0.4,0.5,0.5,0.5,8,0.75,0.6667,20,1502.37,1541.14,-38.77,0.0556,0.0,0.0,0.0833,0.7,1,1,1,0
548337,2012-04-24,Pune Warriors,Delhi Capitals,Subrata Roy Sahara Stadium,Pune,2012,0.4,0.5161,0.4,0.6,0.5,0.5,0.5,2,1.0,0.5,2,1468.97,1488.73,-19.75,-0.1161,-0.2,0.0,0.5,0.5,1,1,0,0
548339,2012-04-25,Punjab Kings,Mumbai Indians,"Punjab Cricket Association Stadium, Mohali",Chandigarh,2012,0.4844,0.5538,0.6,0.4,0.5,0.5,0.6667,9,0.5789,0.0,19,1473.89,1530.08,-56.18,-0.0695,0.2,0.0,0.5789,0.5789,1,1,0,0
548341,2012-04-26,Pune Warriors,Deccan Chargers,Subrata Roy Sahara Stadium,Pune,2012,0.381,0.3846,0.4,0.0,0.4,0.3,0.5,2,0.6667,0.5,3,1453.88,1415.97,37.91,-0.0037,0.4,0.1,0.1667,0.6667,1,0,0,0
548342,2012-04-27,Delhi Capitals,Mumbai Indians,Feroz Shah Kotla,Delhi,2012,0.5238,0.5606,0.8,0.6,0.5,0.6,0.4444,9,0.4545,0.6667,22,1503.82,1543.51,-39.69,-0.0368,0.2,-0.1,-0.2121,0.5,1,0,1,1
548343,2012-04-28,Chennai Super Kings,Punjab Kings,"MA Chidambaram Stadium, Chepauk",Chennai,2012,0.5942,0.4769,0.6,0.4,0.6,0.4,0.75,8,0.6923,0.5,27,1595.63,1460.46,135.17,0.1173,0.2,0.2,0.1923,0.3704,1,0,0,0
548344,2012-04-28,Kolkata Knight Riders,Royal Challengers Bangalore,Eden Gardens,Kolkata,2012,0.4516,0.5072,0.8,0.6,0.5,0.5,0.4444,9,0.5833,0.3333,24,1506.42,1555.36,-48.95,-0.0556,0.2,0.0,0.25,0.6667,1,1,0,1
548345,2012-04-29,Delhi Capitals,Rajasthan Royals,Feroz Shah Kotla,Delhi,2012,0.5312,0.5469,0.8,0.4,0.6,0.5,0.5,8,0.4783,0.0,23,1521.64,1488.15,33.49,-0.0156,0.4,0.1,0.4783,0.4783,1,1,0,1
548346,2012-04-29,Mumbai Indians,Deccan Chargers,Wankhede Stadium,Mumbai,2012,0.5522,0.3939,0.4,0.2,0.5,0.4,0.5556,9,0.5,1.0,19,1525.69,1433.71,91.98,0.1583,0.2,0.1,-0.5,0.5789,1,1,1,1
548347,2012-04-30,Chennai Super Kings,Kolkata Knight Riders,"MA Chidambaram Stadium, Chepauk",Chennai,2012,0.5857,0.4603,0.6,0.8,0.6,0.5,0.7143,7,0.6667,0.0,28,1573.7,1524.65,49.05,0.1254,-0.2,0.1,0.6667,0.3571,1,1,0,0
548348,2012-05-01,Deccan Chargers,Pune Warriors,Barabati Stadium,Cuttack,2012,0.3881,0.3636,0.2,0.2,0.4,0.4,0.6667,3,0.6667,0.5,3,1421.85,1436.14,-14.29,0.0244,0.0,0.0,0.1667,0.3333,0,1,0,1
548349,2012-05-01,Rajasthan Royals,Delhi Capitals,Sawai Mansingh Stadium,Jaipur,2012,0.5385,0.5385,0.4,0.8,0.5,0.7,0.4444,9,0.7143,0.0,21,1473.69,1536.1,-62.41,0.0,-0.4,-0.2,0.7143,0.6667,1,1,0,0
548350,2012-05-02,Royal Challengers Bangalore,Punjab Kings,M Chinnaswamy Stadium,Bangalore,2012,0.5,0.4848,0.6,0.4,0.5,0.4,0.5556,9,0.5,0.3333,24,1537.12,1482.39,54.74,0.0152,0.2,0.1,0.1667,0.5417,1,0,1,0
548351,2012-05-03,Pune Warriors,Mumbai Indians,Subrata Roy Sahara Stadium,Pune,2012,0.3478,0.5588,0.2,0.4,0.4,0.5,0.3333,3,0.5,0.5,4,1419.48,1537.55,-118.07,-0.211,-0.2,-0.1,0.0,0.5,1,0,0,0
548352,2012-05-04,Chennai Super Kings,Deccan Chargers,"MA Chidambaram Stadium, Chepauk",Chennai,2012,0.5775,0.3971,0.4,0.4,0.5,0.4,0.5556,9,0.6429,0.6667,29,1555.46,1438.51,116.95,0.1804,0.0,0.1,-0.0238,0.3793,1,1,0,1
548353,2012-05-05,Kolkata Knight Riders,Pune Warriors,Eden Gardens,Kolkata,2012,0.4688,0.3333,0.8,0.2,0.6,0.3,1.0,1,0.6,0.5,25,1542.9,1408.72,134.18,0.1354,0.6,0.3,0.1,0.64,1,1,0,1
548354,2012-05-05,Punjab Kings,Rajasthan Royals,"Punjab Cricket Association Stadium, Mohali",Chandigarh,2012,0.4925,0.5303,0.6,0.2,0.5,0.4,0.375,8,0.55,0.3333,20,1500.89,1460.53,40.36,-0.0378,0.4,0.1,0.2167,0.6,1,0,0,0
548355,2012-05-06,Mumbai Indians,Chennai Super Kings,Wankhede Stadium,Mumbai,2012,0.5652,0.5833,0.6,0.6,0.6,0.5,0.5556,9,0.5294,0.5,20,1548.31,1566.27,-17.95,-0.0181,0.0,0.1,0.0294,0.6,1,1,1,1
548356,2012-05-06,Royal Challengers Bangalore,Deccan Chargers,M Chinnaswamy Stadium,Bangalore,2012,0.493,0.3913,0.6,0.4,0.4,0.3,0.4444,9,0.48,0.5,25,1518.62,1427.7,90.93,0.1017,0.2,0.1,-0.02,0.56,1,1,1,1
548357,2012-05-07,Delhi Capitals,Kolkata Knight Riders,Feroz Shah Kotla,Delhi,2012,0.5455,0.4769,0.8,1.0,0.8,0.7,0.5714,7,0.5,0.5,24,1549.26,1553.01,-3.75,0.0685,-0.2,0.1,0.0,0.4583,1,1,0,0
548358,2012-05-08,Pune Warriors,Rajasthan Royals,Subrata Roy Sahara Stadium,Pune,2012,0.32,0.5373,0.0,0.2,0.2,0.4,0.0,1,0.4,0.5,5,1398.61,1478.38,-79.77,-0.2173,-0.2,-0.2,-0.1,0.4,1,1,0,0
548359,2012-05-08,Deccan Chargers,Punjab Kings,"Rajiv Gandhi International Stadium, Uppal",Hyderabad,2012,0.3857,0.4853,0.4,0.6,0.2,0.5,0.375,8,0.0714,1.0,14,1415.79,1483.04,-67.25,-0.0996,-0.2,-0.3,-0.9286,0.6429,1,1,1,0
548360,2012-05-09,Mumbai Indians,Royal Challengers Bangalore,Wankhede Stadium,Mumbai,2012,0.5714,0.5,0.8,0.6,0.6,0.5,0.5556,9,0.5556,0.5,21,1565.14,1530.53,34.61,0.0714,0.2,0.1,0.0556,0.619,1,0,1,0
548329,2012-05-10,Deccan Chargers,Delhi Capitals,"Rajiv Gandhi International Stadium, Uppal",Hyderabad,2012,0.3803,0.5373,0.2,0.8,0.2,0.7,0.4,10,0.0667,1.0,15,1402.85,1533.43,-130.58,-0.157,-0.6,-0.5,-0.9333,0.6,1,1,0,0
548361,2012-05-10,Rajasthan Royals,Chennai Super Kings,Sawai Mansingh Stadium,Jaipur,2012,0.5441,0.5753,0.4,0.4,0.4,0.5,0.4,10,0.6818,0.5,22,1490.77,1549.44,-58.67,-0.0312,0.0,-0.1,0.1818,0.6818,1,0,1,0
548362,2012-05-11,Pune Warriors,Royal Challengers Bangalore,Subrata Roy Sahara Stadium,Pune,2012,0.3077,0.5068,0.0,0.6,0.2,0.5,0.0,2,0.3333,0.5,6,1386.22,1548.12,-161.9,-0.1992,-0.6,-0.3,-0.1667,0.5,1,1,1,0
548363,2012-05-12,Kolkata Knight Riders,Mumbai Indians,Eden Gardens,Kolkata,2012,0.4848,0.5634,1.0,0.6,0.8,0.6,0.125,8,0.6154,0.6667,26,1568.84,1547.55,21.29,-0.0785,0.4,0.2,-0.0513,0.6154,1,0,0,0
548364,2012-05-12,Chennai Super Kings,Delhi Capitals,"MA Chidambaram Stadium, Chepauk",Chennai,2012,0.5811,0.5441,0.4,0.8,0.5,0.8,0.5,8,0.6552,0.6667,30,1562.77,1543.68,19.08,0.037,-0.4,-0.3,-0.0115,0.3667,1,1,1,1
548365,2012-05-13,Rajasthan Royals,Pune Warriors,Sawai Mansingh Stadium,Jaipur,2012,0.5362,0.2963,0.4,0.0,0.4,0.1,1.0,2,0.6522,0.0,23,1477.45,1377.18,100.27,0.2399,0.4,0.3,0.6522,0.6957,1,1,0,1
548366,2012-05-13,Punjab Kings,Deccan Chargers,"Punjab Cricket Association Stadium, Mohali",Chandigarh,2012,0.4928,0.375,0.6,0.2,0.6,0.2,0.6667,9,0.5238,0.0,21,1495.98,1392.6,103.38,0.1178,0.4,0.4,0.5238,0.5714,1,0,0,1
548367,2012-05-14,Royal Challengers Bangalore,Mumbai Indians,M Chinnaswamy Stadium,Bangalore,2012,0.5135,0.5694,0.6,0.8,0.6,0.6,0.5,10,0.5,1.0,26,1557.16,1564.53,-7.37,-0.0559,-0.2,0.0,-0.5,0.5769,1,0,1,0
548368,2012-05-14,Kolkata Knight Riders,Chennai Super Kings,Eden Gardens,Kolkata,2012,0.4776,0.5867,0.8,0.6,0.8,0.6,0.375,8,0.5926,0.6667,27,1551.86,1577.89,-26.03,-0.1091,0.2,0.2,-0.0741,0.5926,1,0,1,0
548369,2012-05-15,Delhi Capitals,Punjab Kings,Feroz Shah Kotla,Delhi,2012,0.5362,0.5,0.6,0.8,0.7,0.6,0.375,8,0.48,0.6667,25,1528.56,1507.35,21.21,0.0362,-0.2,0.1,-0.1867,0.48,1,0,0,1
548370,2012-05-16,Mumbai Indians,Kolkata Knight Riders,Wankhede Stadium,Mumbai,2012,0.5753,0.4706,0.8,0.6,0.6,0.7,0.8889,9,0.5263,0.0,22,1580.19,1537.05,43.14,0.1048,0.2,-0.1,0.5263,0.6364,1,1,1,0
548371,2012-05-17,Punjab Kings,Chennai Super Kings,Himachal Pradesh Cricket Association Stadium,Dharamsala,2012,0.493,0.5921,0.6,0.8,0.5,0.6,0.3333,9,0.4,1.0,5,1492.33,1592.69,-100.36,-0.0991,-0.2,-0.1,-0.6,0.4,1,1,1,1
548372,2012-05-17,Delhi Capitals,Royal Challengers Bangalore,Feroz Shah Kotla,Delhi,2012,0.5429,0.5067,0.6,0.6,0.7,0.6,0.625,8,0.5,0.3333,26,1543.59,1541.5,2.09,0.0362,0.0,0.1,0.1667,0.5,1,1,1,0
548373,2012-05-18,Deccan Chargers,Rajasthan Royals,"Rajiv Gandhi International Stadium, Uppal",Hyderabad,2012,0.3699,0.5429,0.0,0.6,0.2,0.5,0.125,8,0.0625,1.0,16,1381.22,1488.96,-107.73,-0.173,-0.6,-0.3,-0.9375,0.625,1,0,0,1
548374,2012-05-19,Punjab Kings,Delhi Capitals,Himachal Pradesh Cricket Association Stadium,Dharamsala,2012,0.5,0.5352,0.6,0.4,0.6,0.6,0.5556,9,0.5,0.0,6,1512.83,1527.49,-14.66,-0.0352,0.2,0.0,0.5,0.5,1,0,1,0
548375,2012-05-19,Pune Warriors,Kolkata Knight Riders,Subrata Roy Sahara Stadium,Pune,2012,0.2857,0.4783,0.0,0.6,0.1,0.7,0.0,2,0.2857,0.5,7,1365.67,1555.03,-189.36,-0.1925,-0.6,-0.6,-0.2143,0.4286,1,0,0,0
548376,2012-05-20,Deccan Chargers,Royal Challengers Bangalore,"Rajiv Gandhi International Stadium, Uppal",Hyderabad,2012,0.3784,0.5132,0.2,0.8,0.3,0.7,0.5,10,0.1176,0.5,17,1402.03,1557.6,-155.57,-0.1348,-0.6,-0.4,-0.3824,0.6471,1,0,1,1
548377,2012-05-20,Rajasthan Royals,Mumbai Indians,Sawai Mansingh Stadium,Jaipur,2012,0.5352,0.5676,0.6,0.6,0.4,0.6,0.5,8,0.6667,0.3333,24,1468.15,1562.22,-94.07,-0.0324,0.0,-0.2,0.3333,0.6667,1,1,0,0
548378,2012-05-22,Delhi Capitals,Kolkata Knight Riders,Subrata Roy Sahara Stadium,Pune,2012,0.5417,0.4857,0.6,0.6,0.7,0.8,0.5,8,1.0,1.0,8,1542.82,1563.08,-20.27,0.056,0.0,-0.1,0.0,0.375,0,0,0,0
548379,2012-05-23,Chennai Super Kings,Mumbai Indians,M Chinnaswamy Stadium,Bangalore,2012,0.5844,0.5733,0.6,0.6,0.6,0.7,0.4,10,0.3333,1.0,27,1572.19,1573.99,-1.79,0.0111,0.0,-0.1,-0.6667,0.5926,0,0,1,1
548380,2012-05-25,Delhi Capitals,Chennai Super Kings,"MA Chidambaram Stadium, Chepauk",Chennai,2012,0.5342,0.5897,0.4,0.8,0.6,0.6,0.4444,9,0.5,0.6667,31,1527.75,1588.28,-60.53,-0.0555,-0.4,0.0,-0.1667,0.3871,-1,1,1,0
548381,2012-05-27,Kolkata Knight Riders,Chennai Super Kings,"MA Chidambaram Stadium, Chepauk",Chennai,2012,0.493,0.5949,0.6,0.8,0.8,0.6,0.3333,9,0.25,0.6774,32,1578.15,1601.52,-23.37,-0.102,-0.2,0.2,-0.4274,0.375,-1,0,0,1
597998,2013-04-03,Kolkata Knight Riders,Delhi Capitals,Eden Gardens,Kolkata,2013,0.5,0.527,0.8,0.4,0.8,0.5,0.5556,9,0.5714,0.3333,28,1595.22,1514.51,80.72,-0.027,0.4,0.3,0.2381,0.6071,1,1,1,1
597999,2013-04-04,Royal Challengers Bangalore,Mumbai Indians,M Chinnaswamy Stadium,Bangalore,2013,0.5065,0.5658,0.6,0.6,0.6,0.6,0.4545,11,0.4815,0.8,28,1534.87,1557.9,-23.03,-0.0593,0.0,0.0,-0.3185,0.5714,1,0,1,1
598000,2013-04-05,Sunrisers Hyderabad,Pune Warriors,"Rajiv Gandhi International Stadium, Uppal",Hyderabad,2013,0.5,0.2759,0.5,0.0,0.5,0.1,0.5,0,0.5,1.0,18,1500.0,1357.62,142.38,0.2241,0.5,0.4,-0.5,0.6111,1,0,1,1
598001,2013-04-06,Delhi Capitals,Rajasthan Royals,Feroz Shah Kotla,Delhi,2013,0.52,0.5278,0.2,0.4,0.4,0.3,0.6,10,0.4815,0.0,27,1502.16,1456.38,45.78,-0.0078,-0.2,0.1,0.4815,0.4815,1,0,0,0
598002,2013-04-06,Chennai Super Kings,Mumbai Indians,"MA Chidambaram Stadium, Chepauk",Chennai,2013,0.5875,0.5584,0.6,0.4,0.6,0.6,0.4545,11,0.6562,0.25,33,1584.44,1540.84,43.6,0.0291,0.2,0.0,0.4062,0.3939,1,0,0,0
598003,2013-04-07,Pune Warriors,Punjab Kings,Subrata Roy Sahara Stadium,Pune,2013,0.2667,0.4932,0.0,0.6,0.0,0.6,0.75,4,0.25,0.0,9,1347.83,1497.5,-149.67,-0.2265,-0.6,-0.6,0.25,0.3333,1,1,0,0
598004,2013-04-07,Sunrisers Hyderabad,Royal Challengers Bangalore,"Rajiv Gandhi International Stadium, Uppal",Hyderabad,2013,1.0,0.5128,1.0,0.6,1.0,0.6,0.5,0,1.0,0.3333,19,1509.79,1551.93,-42.15,0.4872,0.4,0.4,0.6667,0.5789,1,0,0,1
598005,2013-04-08,Rajasthan Royals,Kolkata Knight Riders,Sawai Mansingh Stadium,Jaipur,2013,0.5342,0.5068,0.4,1.0,0.4,0.8,0.5,10,0.64,0.3333,25,1474.47,1607.57,-133.1,0.0274,-0.6,-0.4,0.3067,0.68,1,0,1,1
598006,2013-04-09,Mumbai Indians,Delhi Capitals,Wankhede Stadium,Mumbai,2013,0.5641,0.5132,0.4,0.2,0.6,0.3,0.5,10,0.5,0.3333,23,1558.84,1484.06,74.78,0.0509,0.2,0.3,0.1667,0.6087,1,1,0,1
598048,2013-04-09,Royal Challengers Bangalore,Sunrisers Hyderabad,M Chinnaswamy Stadium,Bangalore,2013,0.5063,1.0,0.4,1.0,0.5,1.0,0.0,1,0.5,0.5,29,1534.0,1527.72,6.28,-0.4937,-0.6,-0.5,0.0,0.5517,1,0,0,1
598007,2013-04-10,Punjab Kings,Chennai Super Kings,"Punjab Cricket Association Stadium, Mohali",Chandigarh,2013,0.5,0.5802,0.6,0.4,0.6,0.6,0.4,10,0.5455,0.5,22,1507.01,1566.45,-59.44,-0.0802,0.2,0.0,0.0455,0.5909,1,0,1,0
598008,2013-04-11,Royal Challengers Bangalore,Kolkata Knight Riders,M Chinnaswamy Stadium,Bangalore,2013,0.5125,0.5,0.6,0.8,0.6,0.7,0.5,10,0.5172,0.5,30,1549.71,1585.73,-36.01,0.0125,-0.2,-0.1,0.0172,0.5667,1,1,1,1
598009,2013-04-11,Pune Warriors,Rajasthan Royals,Subrata Roy Sahara Stadium,Pune,2013,0.2581,0.5405,0.0,0.6,0.0,0.5,0.0,3,0.2222,1.0,10,1338.33,1496.32,-157.99,-0.2825,-0.6,-0.5,-0.7778,0.4,1,0,0,1
598010,2013-04-12,Delhi Capitals,Sunrisers Hyderabad,Feroz Shah Kotla,Delhi,2013,0.5065,0.6667,0.0,0.6667,0.3,0.6667,0.5,0,0.4643,0.5,28,1471.45,1512.01,-40.55,-0.1602,-0.6667,-0.3667,-0.0357,0.4643,1,1,0,0
598011,2013-04-13,Mumbai Indians,Pune Warriors,Wankhede Stadium,Mumbai,2013,0.5696,0.2812,0.6,0.2,0.6,0.1,0.75,4,0.5238,0.5,24,1571.45,1361.14,210.31,0.2884,0.4,0.5,0.0238,0.5833,1,1,0,1
598012,2013-04-13,Chennai Super Kings,Royal Challengers Bangalore,"MA Chidambaram Stadium, Chepauk",Chennai,2013,0.5854,0.5185,0.6,0.6,0.6,0.7,0.5833,12,0.6364,0.3333,34,1579.73,1567.37,12.37,0.0668,0.0,-0.1,0.303,0.3824,1,1,1,1
598013,2013-04-14,Kolkata Knight Riders,Sunrisers Hyderabad,Eden Gardens,Kolkata,2013,0.4933,0.75,0.6,0.75,0.6,0.75,0.5,0,0.5862,0.5,29,1568.07,1526.15,41.93,-0.2567,-0.15,-0.15,0.0862,0.6207,1,1,0,1
598014,2013-04-14,Rajasthan Royals,Punjab Kings,Sawai Mansingh Stadium,Jaipur,2013,0.5333,0.4933,0.4,0.4,0.5,0.6,0.6667,9,0.6538,0.0,26,1473.51,1493.72,-20.21,0.04,0.0,-0.1,0.6538,0.6538,1,1,1,1
598015,2013-04-15,Chennai Super Kings,Pune Warriors,"MA Chidambaram Stadium, Chepauk",Chennai,2013,0.5904,0.2727,0.6,0.2,0.7,0.1,0.75,4,0.6471,0.0,35,1595.16,1353.8,241.37,0.3176,0.4,0.6,0.6471,0.4,1,0,0,0
598016,2013-04-16,Punjab Kings,Kolkata Knight Riders,"Punjab Cricket Association Stadium, Mohali",Chandigarh,2013,0.4868,0.5,0.4,0.6,0.5,0.6,0.4444,9,0.5217,0.6667,23,1476.79,1582.15,-105.36,-0.0132,-0.2,-0.1,-0.1449,0.6087,1,0,1,1
598017,2013-04-16,Royal Challengers Bangalore,Delhi Capitals,M Chinnaswamy Stadium,Bangalore,2013,0.5122,0.5,0.6,0.0,0.6,0.2,0.4444,9,0.5333,0.6667,31,1551.93,1457.31,94.62,0.0122,0.6,0.4,-0.1333,0.5806,1,1,1,1
598018,2013-04-17,Pune Warriors,Sunrisers Hyderabad,Maharashtra Cricket Association Stadium,Pune,2013,0.2941,0.6,0.4,0.6,0.2,0.6,0.0,1,0.5,0.5,0,1379.41,1512.07,-132.66,-0.3059,-0.2,-0.4,0.0,0.5,1,1,1,0
598019,2013-04-17,Rajasthan Royals,Mumbai Indians,Sawai Mansingh Stadium,Jaipur,2013,0.5395,0.575,0.6,0.6,0.6,0.6,0.4444,9,0.6667,0.5,27,1490.44,1578.8,-88.36,-0.0355,0.0,0.0,0.1667,0.6667,1,1,0,1
598020,2013-04-18,Delhi Capitals,Chennai Super Kings,Feroz Shah Kotla,Delhi,2013,0.4937,0.5833,0.0,0.4,0.2,0.6,0.4,10,0.4483,0.6667,29,1445.57,1569.55,-123.98,-0.0897,-0.4,-0.4,-0.2184,0.4828,1,0,0,0
598021,2013-04-19,Sunrisers Hyderabad,Punjab Kings,"Rajiv Gandhi International Stadium, Uppal",Hyderabad,2013,0.6667,0.4935,0.6,0.4,0.6667,0.5,0.5,0,1.0,1.0,20,1522.24,1497.5,24.74,0.1732,0.2,0.1667,0.0,0.6,1,0,0,1
598022,2013-04-20,Kolkata Knight Riders,Chennai Super Kings,Eden Gardens,Kolkata,2013,0.4935,0.5882,0.4,0.6,0.6,0.6,0.4,10,0.6,0.75,30,1561.44,1580.07,-18.63,-0.0947,-0.2,0.0,-0.15,0.6,1,1,0,0
598023,2013-04-20,Royal Challengers Bangalore,Rajasthan Royals,M Chinnaswamy Stadium,Bangalore,2013,0.5181,0.5455,0.6,0.8,0.6,0.6,0.5556,9,0.5484,0.6667,32,1563.68,1510.42,53.26,-0.0274,-0.2,0.0,-0.1183,0.5938,1,1,1,1
598024,2013-04-21,Delhi Capitals,Mumbai Indians,Feroz Shah Kotla,Delhi,2013,0.4875,0.5679,0.0,0.6,0.1,0.6,0.4545,11,0.4333,0.5,30,1435.05,1558.81,-123.77,-0.0804,-0.6,-0.5,-0.0667,0.4667,1,0,0,1
598025,2013-04-21,Punjab Kings,Pune Warriors,"Punjab Cricket Association Stadium, Mohali",Chandigarh,2013,0.4872,0.2857,0.4,0.4,0.5,0.2,0.4,5,0.5417,0.5,24,1482.63,1369.24,113.39,0.2015,0.0,0.3,0.0417,0.5833,1,1,1,1
598026,2013-04-22,Chennai Super Kings,Rajasthan Royals,"MA Chidambaram Stadium, Chepauk",Chennai,2013,0.593,0.5385,0.8,0.6,0.6,0.5,0.6364,11,0.6286,0.25,36,1595.21,1496.85,98.36,0.0546,0.2,0.1,0.3786,0.3889,1,0,0,1
598027,2013-04-23,Royal Challengers Bangalore,Pune Warriors,M Chinnaswamy Stadium,Bangalore,2013,0.5238,0.2778,0.8,0.4,0.6,0.2,1.0,3,0.5625,0.0,33,1577.25,1358.28,218.96,0.246,0.4,0.4,0.5625,0.6061,1,0,1,1
598059,2013-04-23,Delhi Capitals,Punjab Kings,Feroz Shah Kotla,Delhi,2013,0.4938,0.4937,0.2,0.4,0.2,0.5,0.5,10,0.4516,0.5,31,1456.52,1493.59,-37.07,0.0002,-0.2,-0.3,-0.0484,0.4839,1,0,1,0
598029,2013-04-24,Kolkata Knight Riders,Mumbai Indians,Eden Gardens,Kolkata,2013,0.4872,0.561,0.2,0.6,0.6,0.5,0.2,10,0.5806,0.75,31,1546.3,1537.34,8.96,-0.0738,-0.4,0.1,-0.1694,0.6129,1,1,0,0
598030,2013-04-25,Chennai Super Kings,Sunrisers Hyderabad,"MA Chidambaram Stadium, Chepauk",Chennai,2013,0.5977,0.7143,0.8,0.6,0.7,0.7143,0.5,0,0.6389,0.5,37,1606.8,1537.1,69.7,-0.1166,0.2,-0.0143,0.1389,0.4054,1,0,0,1
598031,2013-04-26,Kolkata Knight Riders,Punjab Kings,Eden Gardens,Kolkata,2013,0.481,0.5,0.2,0.6,0.5,0.5,0.5,10,0.5625,0.5,32,1529.89,1507.89,22.0,-0.019,-0.4,0.0,0.0625,0.625,1,0,0,1
598032,2013-04-27,Rajasthan Royals,Sunrisers Hyderabad,Sawai Mansingh Stadium,Jaipur,2013,0.5316,0.625,0.4,0.6,0.5,0.625,0.5,0,0.6786,0.5,28,1485.27,1524.27,-39.0,-0.0934,-0.2,-0.125,0.1786,0.6429,1,0,0,1
598033,2013-04-27,Mumbai Indians,Royal Challengers Bangalore,Wankhede Stadium,Mumbai,2013,0.5663,0.5294,0.6,0.8,0.5,0.7,0.5,12,0.5455,0.6667,25,1553.76,1584.32,-30.56,0.0369,-0.2,-0.2,-0.1212,0.56,1,1,0,1
598034,2013-04-28,Chennai Super Kings,Kolkata Knight Riders,"MA Chidambaram Stadium, Chepauk",Chennai,2013,0.6023,0.4875,0.8,0.4,0.7,0.5,0.6364,11,0.6486,0.4,38,1619.63,1544.88,74.76,0.1148,0.4,0.2,0.2486,0.4211,1,0,1,1
598035,2013-04-28,Delhi Capitals,Pune Warriors,Shaheed Veer Narayan Singh International Stadium,Raipur,2013,0.4878,0.2703,0.2,0.2,0.1,0.2,0.6667,3,0.5,0.5,0,1442.22,1351.22,91.0,0.2175,0.0,-0.1,0.0,0.5,0,0,1,1
598036,2013-04-29,Rajasthan Royals,Royal Challengers Bangalore,Sawai Mansingh Stadium,Jaipur,2013,0.5375,0.5233,0.6,0.6,0.5,0.6,0.4,10,0.6897,0.75,29,1503.06,1566.91,-63.86,0.0142,0.0,-0.1,-0.0603,0.6552,1,1,1,1
598037,2013-04-29,Mumbai Indians,Punjab Kings,Wankhede Stadium,Mumbai,2013,0.5714,0.4938,0.6,0.6,0.6,0.5,0.4,10,0.5652,0.5,26,1571.16,1492.9,78.26,0.0776,0.0,0.1,0.0652,0.5385,1,1,0,1
598038,2013-04-30,Pune Warriors,Chennai Super Kings,Subrata Roy Sahara Stadium,Pune,2013,0.2632,0.6067,0.2,1.0,0.2,0.7,0.4,5,0.3,0.0,11,1339.31,1632.24,-292.93,-0.3436,-0.8,-0.5,0.3,0.4545,1,0,0,0
598039,2013-05-01,Sunrisers Hyderabad,Mumbai Indians,"Rajiv Gandhi International Stadium, Uppal",Hyderabad,2013,0.5556,0.5765,0.4,0.6,0.5556,0.6,0.5,0,1.0,1.0,21,1506.48,1583.62,-77.13,-0.0209,-0.2,-0.0444,0.0,0.619,1,0,0,1
598040,2013-05-01,Delhi Capitals,Kolkata Knight Riders,Shaheed Veer Narayan Singh International Stadium,Raipur,2013,0.494,0.4815,0.4,0.2,0.2,0.4,0.4,10,1.0,0.5,1,1454.12,1532.27,-78.15,0.0125,0.2,-0.2,0.5,0.0,0,0,0,1
598041,2013-05-02,Chennai Super Kings,Punjab Kings,"MA Chidambaram Stadium, Chepauk",Chennai,2013,0.6111,0.4878,1.0,0.4,0.8,0.4,0.6364,11,0.6579,0.6667,39,1637.24,1480.45,156.8,0.1233,0.6,0.4,-0.0088,0.4103,1,1,0,1
598042,2013-05-02,Pune Warriors,Royal Challengers Bangalore,Subrata Roy Sahara Stadium,Pune,2013,0.2564,0.5172,0.0,0.6,0.2,0.6,0.0,4,0.2727,1.0,12,1334.31,1548.01,-213.69,-0.2608,-0.6,-0.4,-0.7273,0.4167,1,0,0,0
598043,2013-05-03,Kolkata Knight Riders,Rajasthan Royals,Eden Gardens,Kolkata,2013,0.4756,0.5432,0.2,0.6,0.3,0.6,0.4545,11,0.5758,0.25,33,1512.73,1521.96,-9.24,-0.0676,-0.4,-0.3,0.3258,0.6364,1,0,0,1
598044,2013-05-04,Sunrisers Hyderabad,Delhi Capitals,"Rajiv Gandhi International Stadium, Uppal",Hyderabad,2013,0.6,0.5,0.6,0.6,0.6,0.3,1.0,1,1.0,1.0,22,1525.98,1473.66,52.32,0.1,0.0,0.3,0.0,0.6364,1,0,0,1
598046,2013-05-05,Mumbai Indians,Chennai Super Kings,Wankhede Stadium,Mumbai,2013,0.5698,0.6154,0.6,1.0,0.6,0.9,0.5833,12,0.5833,0.4,27,1564.12,1646.48,-82.36,-0.0456,-0.4,-0.3,0.1833,0.5185,1,1,0,1
598047,2013-05-05,Rajasthan Royals,Pune Warriors,Sawai Mansingh Stadium,Jaipur,2013,0.5366,0.25,0.4,0.0,0.6,0.2,0.75,4,0.7,0.0,30,1505.54,1327.08,178.46,0.2866,0.4,0.4,0.7,0.6667,1,0,0,1
598064,2013-05-06,Punjab Kings,Royal Challengers Bangalore,"Punjab Cricket Association Stadium, Mohali",Chandigarh,2013,0.4819,0.5227,0.4,0.6,0.4,0.6,0.5,10,0.56,0.6667,25,1471.21,1555.24,-84.03,-0.0408,-0.2,-0.2,-0.1067,0.6,1,1,1,1
598049,2013-05-07,Rajasthan Royals,Delhi Capitals,Sawai Mansingh Stadium,Jaipur,2013,0.5422,0.4941,0.6,0.6,0.6,0.3,0.4545,11,0.7097,0.3333,31,1513.97,1460.05,53.92,0.0481,0.0,0.3,0.3763,0.6774,1,0,0,1
598050,2013-05-07,Mumbai Indians,Kolkata Knight Riders,Wankhede Stadium,Mumbai,2013,0.5747,0.4819,0.8,0.4,0.7,0.3,0.8182,11,0.6,0.3333,28,1583.84,1529.15,54.69,0.0928,0.4,0.4,0.2667,0.5,1,1,0,1
598051,2013-05-08,Sunrisers Hyderabad,Chennai Super Kings,"Rajiv Gandhi International Stadium, Uppal",Hyderabad,2013,0.6364,0.6087,0.6,0.8,0.6,0.8,0.0,1,1.0,1.0,23,1539.59,1626.75,-87.17,0.0277,-0.2,-0.2,0.0,0.6522,1,1,1,0
598052,2013-05-09,Punjab Kings,Rajasthan Royals,"Punjab Cricket Association Stadium, Mohali",Chandigarh,2013,0.4881,0.5476,0.4,0.8,0.4,0.6,0.3,10,0.5769,0.5,26,1491.01,1527.51,-36.5,-0.0595,-0.4,-0.2,0.0769,0.6154,1,0,1,0
598053,2013-05-09,Pune Warriors,Kolkata Knight Riders,Subrata Roy Sahara Stadium,Pune,2013,0.2439,0.4762,0.0,0.4,0.2,0.3,0.0,3,0.25,1.0,13,1318.64,1515.65,-197.01,-0.2323,-0.4,-0.1,-0.75,0.3846,1,0,0,0
598054,2013-05-10,Delhi Capitals,Royal Challengers Bangalore,Feroz Shah Kotla,Delhi,2013,0.4884,0.5169,0.4,0.4,0.3,0.6,0.5,10,0.4375,0.5,32,1446.51,1535.45,-88.93,-0.0285,0.0,-0.3,-0.0625,0.5,1,1,1,0
598055,2013-05-11,Pune Warriors,Mumbai Indians,Subrata Roy Sahara Stadium,Pune,2013,0.2381,0.5795,0.0,0.8,0.1,0.7,0.2,5,0.2308,1.0,14,1310.85,1597.35,-286.49,-0.3415,-0.8,-0.6,-0.7692,0.3571,1,1,0,0
598056,2013-05-11,Punjab Kings,Sunrisers Hyderabad,"Punjab Cricket Association Stadium, Mohali",Chandigarh,2013,0.4824,0.5833,0.2,0.4,0.4,0.5,0.0,1,0.5556,0.5,27,1476.68,1527.52,-50.83,-0.101,-0.2,-0.1,0.0556,0.6296,1,1,1,0
598057,2013-05-12,Kolkata Knight Riders,Royal Challengers Bangalore,JSCA International Stadium Complex,Ranchi,2013,0.4824,0.5222,0.4,0.4,0.4,0.6,0.4545,11,0.5,0.5,0,1523.44,1547.44,-24.0,-0.0399,0.0,-0.2,0.0,0.5,0,1,1,1
598058,2013-05-12,Rajasthan Royals,Chennai Super Kings,Sawai Mansingh Stadium,Jaipur,2013,0.5529,0.6129,0.8,0.8,0.7,0.8,0.3333,12,0.7188,0.6667,32,1541.84,1638.82,-96.99,-0.06,0.0,-0.1,0.0521,0.6875,1,1,1,1
598060,2013-05-13,Mumbai Indians,Sunrisers Hyderabad,Wankhede Stadium,Mumbai,2013,0.5843,0.6154,0.8,0.6,0.7,0.6,0.0,1,0.6154,0.5,29,1602.5,1541.19,61.31,-0.0311,0.2,0.1,0.1154,0.4828,1,0,0,1
598045,2013-05-14,Royal Challengers Bangalore,Punjab Kings,M Chinnaswamy Stadium,Bangalore,2013,0.5165,0.4767,0.4,0.2,0.5,0.4,0.4545,11,0.5758,0.5,34,1530.33,1463.01,67.33,0.0397,0.2,0.1,0.0758,0.5882,1,0,1,0
598062,2013-05-14,Chennai Super Kings,Delhi Capitals,"MA Chidambaram Stadium, Chepauk",Chennai,2013,0.6064,0.4828,0.6,0.4,0.8,0.3,0.6364,11,0.6667,0.4,40,1618.47,1434.52,183.95,0.1236,0.2,0.5,0.2667,0.4,1,1,0,1
598061,2013-05-15,Kolkata Knight Riders,Pune Warriors,JSCA International Stadium Complex,Ranchi,2013,0.4884,0.2326,0.6,0.0,0.4,0.1,1.0,4,1.0,0.5,1,1540.54,1305.69,234.85,0.2558,0.6,0.3,0.5,1.0,0,1,1,0
598063,2013-05-15,Mumbai Indians,Rajasthan Royals,Wankhede Stadium,Mumbai,2013,0.5889,0.5581,0.8,0.8,0.7,0.7,0.5,10,0.6296,0.6667,30,1615.71,1562.19,53.52,0.0307,0.0,0.0,-0.037,0.5,1,0,1,1
598028,2013-05-16,Punjab Kings,Delhi Capitals,Himachal Pradesh Cricket Association Stadium,Dharamsala,2013,0.4828,0.4773,0.4,0.2,0.4,0.3,0.5455,11,0.4286,0.5,7,1482.07,1426.28,55.79,0.0055,0.2,0.1,-0.0714,0.5714,1,0,1,1
598065,2013-05-17,Sunrisers Hyderabad,Rajasthan Royals,"Rajiv Gandhi International Stadium, Uppal",Hyderabad,2013,0.5714,0.5517,0.6,0.8,0.5,0.6,0.0,1,0.8333,0.6667,24,1527.99,1548.63,-20.65,0.0197,-0.2,-0.1,0.1667,0.625,1,1,0,1
598066,2013-05-18,Punjab Kings,Mumbai Indians,Himachal Pradesh Cricket Association Stadium,Dharamsala,2013,0.4886,0.5934,0.6,1.0,0.5,0.8,0.5455,11,0.5,0.5,8,1495.52,1629.26,-133.74,-0.1048,-0.4,-0.3,0.0,0.5,1,0,1,1
598068,2013-05-18,Royal Challengers Bangalore,Chennai Super Kings,M Chinnaswamy Stadium,Bangalore,2013,0.5109,0.6105,0.4,0.6,0.5,0.8,0.3846,13,0.5588,0.5,35,1511.27,1626.71,-115.44,-0.0997,-0.2,-0.3,0.0588,0.6,1,0,1,1
598067,2013-05-19,Pune Warriors,Delhi Capitals,Subrata Roy Sahara Stadium,Pune,2013,0.25,0.4719,0.2,0.0,0.1,0.3,0.25,4,0.2143,0.5,15,1331.11,1412.83,-81.71,-0.2219,0.2,-0.2,-0.2857,0.4,1,1,0,1
598069,2013-05-19,Sunrisers Hyderabad,Kolkata Knight Riders,"Rajiv Gandhi International Stadium, Uppal",Hyderabad,2013,0.6,0.4828,0.6,0.6,0.6,0.4,0.0,1,0.8571,1.0,25,1544.94,1515.12,29.82,0.1172,0.0,0.2,-0.1429,0.6,1,0,0,1
598070,2013-05-21,Chennai Super Kings,Mumbai Indians,Feroz Shah Kotla,Delhi,2013,0.6042,0.587,0.4,0.8,0.7,0.8,0.3846,13,0.75,0.4,33,1605.58,1607.39,-1.81,0.0172,-0.4,-0.1,0.35,0.4848,0,1,0,1
598071,2013-05-22,Rajasthan Royals,Sunrisers Hyderabad,Feroz Shah Kotla,Delhi,2013,0.5455,0.625,0.6,0.6,0.6,0.6,0.5,2,0.25,1.0,34,1531.68,1559.57,-27.88,-0.0795,0.0,0.0,-0.75,0.4706,0,0,0,1
598072,2013-05-24,Mumbai Indians,Rajasthan Royals,Eden Gardens,Kolkata,2013,0.5806,0.5506,0.6,0.6,0.7,0.7,0.5455,11,0.8,0.2,34,1591.31,1548.97,42.34,0.0301,0.0,0.0,0.6,0.6471,0,0,0,1
598073,2013-05-26,Chennai Super Kings,Mumbai Indians,Eden Gardens,Kolkata,2013,0.6082,0.5851,0.6,0.6,0.7,0.7,0.4286,14,0.8,0.8333,35,1621.66,1605.37,16.29,0.0231,0.0,0.0,-0.0333,0.6571,0,0,0,0
729279,2014-04-16,Mumbai Indians,Kolkata Knight Riders,Sheikh Zayed Stadium,Abu Dhabi,2014,0.5895,0.4773,0.6,0.4,0.7,0.4,0.8333,12,0.5,0.5,0,1622.12,1500.49,121.63,0.1122,0.2,0.3,0.0,0.5,0,0,0,0
729281,2014-04-17,Delhi Capitals,Royal Challengers Bangalore,Sharjah Cricket Stadium,Sharjah,2014,0.4667,0.5161,0.0,0.4,0.3,0.5,0.4545,11,0.5,0.5,0,1393.13,1532.4,-139.27,-0.0495,-0.4,-0.2,0.0,0.5,0,0,1,0
729283,2014-04-18,Chennai Super Kings,Punjab Kings,Sheikh Zayed Stadium,Abu Dhabi,2014,0.602,0.4944,0.4,0.6,0.6,0.5,0.6667,12,0.5,0.5,1,1604.91,1517.39,87.52,0.1077,-0.2,0.1,0.0,0.0,0,1,0,0
729285,2014-04-18,Sunrisers Hyderabad,Rajasthan Royals,Sheikh Zayed Stadium,Abu Dhabi,2014,0.5882,0.5444,0.6,0.4,0.5,0.6,0.3333,3,0.5,0.5,2,1542.29,1534.91,7.38,0.0438,0.2,-0.1,0.0,0.5,0,0,1,0
729287,2014-04-19,Royal Challengers Bangalore,Mumbai Indians,Dubai International Cricket Stadium,Dubai,2014,0.5213,0.5833,0.6,0.4,0.5,0.7,0.4615,13,0.5,0.5,0,1542.31,1600.74,-58.43,-0.0621,0.2,-0.2,0.0,0.5,0,1,1,1
729289,2014-04-19,Kolkata Knight Riders,Delhi Capitals,Dubai International Cricket Stadium,Dubai,2014,0.4831,0.4615,0.6,0.0,0.5,0.2,0.5455,11,0.5,0.5,1,1521.87,1383.22,138.65,0.0216,0.6,0.3,0.0,1.0,0,1,0,0
729291,2014-04-20,Rajasthan Royals,Punjab Kings,Sharjah Cricket Stadium,Sharjah,2014,0.5495,0.5,0.4,0.8,0.6,0.5,0.7273,11,0.5,0.5,1,1551.25,1537.34,13.9,0.0495,-0.4,0.1,0.0,1.0,0,0,1,0
729293,2014-04-21,Chennai Super Kings,Delhi Capitals,Sheikh Zayed Stadium,Abu Dhabi,2014,0.596,0.4674,0.4,0.2,0.5,0.3,0.6667,12,0.0,0.5,3,1584.97,1405.29,179.68,0.1286,0.2,0.2,-0.5,0.6667,0,1,0,1
729295,2014-04-22,Punjab Kings,Sunrisers Hyderabad,Sharjah Cricket Stadium,Sharjah,2014,0.5055,0.5556,1.0,0.4,0.6,0.5,0.0,2,1.0,0.5,2,1553.98,1525.95,28.03,-0.0501,0.6,0.1,0.5,1.0,0,0,1,1
729297,2014-04-23,Rajasthan Royals,Chennai Super Kings,Dubai International Cricket Stadium,Dubai,2014,0.5435,0.6,0.4,0.4,0.6,0.5,0.3846,13,0.5,0.5,2,1534.61,1593.36,-58.75,-0.0565,0.0,0.1,0.0,1.0,0,1,1,0
729299,2014-04-24,Royal Challengers Bangalore,Kolkata Knight Riders,Sharjah Cricket Stadium,Sharjah,2014,0.5263,0.4778,0.6,0.4,0.5,0.4,0.5,12,1.0,0.5,3,1560.98,1499.81,61.17,0.0485,0.2,0.1,0.5,0.6667,0,1,1,0
729301,2014-04-25,Sunrisers Hyderabad,Delhi Capitals,Dubai International Cricket Stadium,Dubai,2014,0.5263,0.4624,0.4,0.2,0.5,0.2,1.0,2,0.5,1.0,3,1511.24,1396.9,114.34,0.064,0.2,0.3,-0.5,0.6667,0,1,0,1
729303,2014-04-25,Chennai Super Kings,Mumbai Indians,Dubai International Cricket Stadium,Dubai,2014,0.604,0.5773,0.6,0.4,0.5,0.6,0.4,15,1.0,0.0,4,1606.68,1582.07,24.61,0.0266,0.2,-0.1,1.0,0.5,0,0,0,1
729305,2014-04-26,Rajasthan Royals,Royal Challengers Bangalore,Sheikh Zayed Stadium,Abu Dhabi,2014,0.5376,0.5208,0.4,0.6,0.5,0.5,0.4545,11,1.0,0.5,4,1521.29,1542.19,-20.9,0.0168,-0.2,0.0,0.5,0.5,0,1,1,1
729307,2014-04-26,Kolkata Knight Riders,Punjab Kings,Sheikh Zayed Stadium,Abu Dhabi,2014,0.4835,0.5109,0.4,1.0,0.5,0.7,0.5455,11,1.0,1.0,5,1518.6,1568.69,-50.1,-0.0274,-0.6,-0.2,0.0,0.6,0,1,1,0
729309,2014-04-27,Delhi Capitals,Mumbai Indians,Sharjah Cricket Stadium,Sharjah,2014,0.4574,0.5714,0.2,0.4,0.1,0.5,0.5,12,0.0,0.5,4,1385.98,1567.2,-181.22,-0.114,-0.2,-0.4,-0.5,0.5,0,0,0,1
729311,2014-04-27,Sunrisers Hyderabad,Chennai Super Kings,Sharjah Cricket Stadium,Sharjah,2014,0.55,0.6078,0.4,0.6,0.5,0.6,0.0,2,0.0,0.5,5,1522.15,1621.55,-99.39,-0.0578,-0.2,-0.1,-0.5,0.6,0,1,0,0
729313,2014-04-28,Punjab Kings,Royal Challengers Bangalore,Dubai International Cricket Stadium,Dubai,2014,0.5161,0.5155,1.0,0.6,0.8,0.5,0.5833,12,0.5,1.0,5,1582.4,1525.23,57.18,0.0007,0.4,0.3,-0.5,0.6,0,1,1,1
729315,2014-04-29,Kolkata Knight Riders,Rajasthan Royals,Sheikh Zayed Stadium,Abu Dhabi,2014,0.4783,0.5426,0.4,0.4,0.5,0.5,0.5,12,0.5,1.0,6,1504.89,1538.25,-33.36,-0.0643,0.0,0.0,-0.5,0.5,0,0,0,0
729317,2014-04-30,Mumbai Indians,Sunrisers Hyderabad,Dubai International Cricket Stadium,Dubai,2014,0.5657,0.5238,0.2,0.2,0.4,0.4,0.5,2,0.0,1.0,6,1543.54,1510.61,32.93,0.0418,0.0,0.0,-1.0,0.6667,0,1,1,0
733971,2014-05-02,Chennai Super Kings,Kolkata Knight Riders,JSCA International Stadium Complex,Ranchi,2014,0.6117,0.4731,0.8,0.4,0.6,0.4,0.6667,12,0.5,0.5,2,1633.09,1490.42,142.67,0.1385,0.4,0.2,0.0,0.5,0,1,0,1
733973,2014-05-03,Mumbai Indians,Punjab Kings,Wankhede Stadium,Mumbai,2014,0.56,0.5213,0.0,1.0,0.3,0.8,0.4167,12,0.6429,0.4,31,1526.03,1595.79,-69.77,0.0387,-1.0,-0.5,0.2429,0.4839,1,0,0,1
733975,2014-05-03,Delhi Capitals,Rajasthan Royals,Feroz Shah Kotla,Delhi,2014,0.4632,0.5474,0.4,0.6,0.2,0.5,0.5,12,0.4242,0.4,35,1409.64,1552.72,-143.07,-0.0842,-0.2,-0.3,0.0242,0.4857,1,0,1,0
733977,2014-05-04,Royal Challengers Bangalore,Sunrisers Hyderabad,M Chinnaswamy Stadium,Bangalore,2014,0.5102,0.5455,0.4,0.4,0.4,0.5,0.5,2,0.5714,0.0,36,1511.84,1528.12,-16.28,-0.0353,0.0,-0.1,0.5714,0.5833,1,1,1,1
733979,2014-05-05,Rajasthan Royals,Kolkata Knight Riders,"Sardar Patel Stadium, Motera",Ahmedabad,2014,0.5521,0.4681,0.6,0.2,0.5,0.4,0.5385,13,0.75,0.0,4,1562.48,1480.64,81.83,0.084,0.4,0.1,0.75,0.5,0,0,1,1
733981,2014-05-05,Delhi Capitals,Chennai Super Kings,Feroz Shah Kotla,Delhi,2014,0.4583,0.6154,0.4,1.0,0.2,0.7,0.3077,13,0.4118,0.8,36,1399.88,1642.87,-242.98,-0.1571,-0.6,-0.5,-0.3882,0.5,1,0,1,0
733983,2014-05-06,Mumbai Indians,Royal Challengers Bangalore,Wankhede Stadium,Mumbai,2014,0.5644,0.5152,0.2,0.4,0.3,0.5,0.5,14,0.6552,0.5,32,1545.2,1528.59,16.61,0.0492,-0.2,-0.2,0.1552,0.5,1,0,1,1
733985,2014-05-07,Delhi Capitals,Kolkata Knight Riders,Feroz Shah Kotla,Delhi,2014,0.4536,0.4632,0.2,0.2,0.2,0.3,0.5,12,0.4,0.6667,37,1393.55,1468.34,-74.8,-0.0095,0.0,-0.1,-0.2667,0.5135,1,1,0,0
733987,2014-05-07,Punjab Kings,Chennai Super Kings,Barabati Stadium,Cuttack,2014,0.5158,0.619,0.8,1.0,0.8,0.7,0.3846,13,0.0,0.5,4,1576.62,1649.2,-72.58,-0.1033,-0.2,0.1,-0.5,0.25,0,0,1,1
733989,2014-05-08,Rajasthan Royals,Sunrisers Hyderabad,"Sardar Patel Stadium, Motera",Ahmedabad,2014,0.5567,0.5217,0.8,0.4,0.6,0.4,0.75,4,0.8,0.5,5,1574.78,1511.37,63.4,0.035,0.4,0.2,0.3,0.4,0,1,1,0
733991,2014-05-09,Royal Challengers Bangalore,Punjab Kings,M Chinnaswamy Stadium,Bangalore,2014,0.51,0.5208,0.2,0.8,0.4,0.9,0.3846,13,0.5833,0.6,37,1513.35,1595.92,-82.57,-0.0108,-0.6,-0.5,-0.0167,0.5946,1,1,1,0
733993,2014-05-10,Delhi Capitals,Sunrisers Hyderabad,Feroz Shah Kotla,Delhi,2014,0.449,0.5417,0.2,0.6,0.2,0.5,0.0,3,0.3889,0.5,38,1380.94,1530.26,-149.32,-0.0927,-0.4,-0.3,-0.1111,0.5263,1,0,1,0
733995,2014-05-10,Mumbai Indians,Chennai Super Kings,Wankhede Stadium,Mumbai,2014,0.5686,0.6132,0.4,0.8,0.4,0.7,0.5625,16,0.6667,0.3333,33,1560.43,1629.91,-69.48,-0.0446,-0.4,-0.3,0.3333,0.4848,1,0,1,0
733997,2014-05-11,Punjab Kings,Kolkata Knight Riders,Barabati Stadium,Cuttack,2014,0.5258,0.4688,0.8,0.2,0.9,0.3,0.5,12,0.5,1.0,5,1608.18,1480.95,127.23,0.057,0.6,0.6,-0.5,0.2,0,0,1,0
733999,2014-05-11,Royal Challengers Bangalore,Rajasthan Royals,M Chinnaswamy Stadium,Bangalore,2014,0.505,0.551,0.2,0.8,0.4,0.6,0.5,12,0.5676,0.5,38,1501.08,1555.89,-54.81,-0.0461,-0.6,-0.2,0.0676,0.5789,1,1,0,0
734001,2014-05-12,Sunrisers Hyderabad,Mumbai Indians,"Rajiv Gandhi International Stadium, Uppal",Hyderabad,2014,0.56,0.5631,0.6,0.4,0.5,0.4,0.6667,3,0.875,0.6667,26,1539.78,1547.59,-7.81,-0.0031,0.2,0.1,0.2083,0.6154,1,1,0,0
734003,2014-05-13,Chennai Super Kings,Rajasthan Royals,JSCA International Stadium Complex,Ranchi,2014,0.6168,0.5556,0.8,0.8,0.7,0.6,0.6429,14,1.0,0.5,3,1642.75,1569.38,73.37,0.0613,0.0,0.1,0.5,0.3333,0,0,0,1
734005,2014-05-13,Royal Challengers Bangalore,Delhi Capitals,M Chinnaswamy Stadium,Bangalore,2014,0.5,0.4444,0.2,0.2,0.4,0.2,0.5833,12,0.5526,0.5,39,1487.59,1371.42,116.16,0.0556,0.0,0.2,0.0526,0.5897,1,0,1,1
734007,2014-05-14,Sunrisers Hyderabad,Punjab Kings,"Rajiv Gandhi International Stadium, Uppal",Hyderabad,2014,0.5385,0.5204,0.6,0.6,0.4,0.8,0.6667,3,0.7778,0.75,27,1524.14,1586.57,-62.44,0.0181,0.0,-0.4,0.0278,0.6296,1,0,1,0
734009,2014-05-14,Kolkata Knight Riders,Mumbai Indians,Barabati Stadium,Cuttack,2014,0.4742,0.5673,0.4,0.6,0.4,0.4,0.2308,13,1.0,0.5,6,1502.56,1563.23,-60.67,-0.0931,-0.2,0.0,0.5,0.3333,0,1,1,1
734011,2014-05-15,Rajasthan Royals,Delhi Capitals,"Sardar Patel Stadium, Motera",Ahmedabad,2014,0.55,0.44,0.6,0.0,0.6,0.2,0.5385,13,0.6667,1.0,6,1556.71,1360.58,196.13,0.11,0.6,0.4,-0.3333,0.3333,0,0,1,1
734013,2014-05-18,Chennai Super Kings,Royal Challengers Bangalore,JSCA International Stadium Complex,Ranchi,2014,0.6204,0.5049,0.8,0.4,0.8,0.4,0.5714,14,1.0,0.0,4,1655.42,1498.43,156.99,0.1155,0.4,0.4,1.0,0.5,0,1,0,0
734015,2014-05-18,Sunrisers Hyderabad,Kolkata Knight Riders,"Rajiv Gandhi International Stadium, Uppal",Hyderabad,2014,0.5185,0.4796,0.4,0.6,0.4,0.5,0.5,2,0.7,0.6667,28,1510.98,1521.33,-10.35,0.0389,-0.2,-0.1,0.0333,0.6429,1,1,0,0
734017,2014-05-19,Rajasthan Royals,Mumbai Indians,"Sardar Patel Stadium, Motera",Ahmedabad,2014,0.5545,0.5619,0.6,0.6,0.6,0.3,0.4167,12,0.7143,0.5,7,1564.53,1544.46,20.07,-0.0074,0.0,0.3,0.2143,0.2857,0,0,0,0
734019,2014-05-19,Delhi Capitals,Punjab Kings,Feroz Shah Kotla,Delhi,2014,0.4356,0.5253,0.0,0.6,0.2,0.8,0.4167,12,0.3784,0.6,39,1352.76,1599.73,-246.97,-0.0896,-0.6,-0.6,-0.2216,0.5385,1,0,1,0
734021,2014-05-20,Sunrisers Hyderabad,Royal Challengers Bangalore,"Rajiv Gandhi International Stadium, Uppal",Hyderabad,2014,0.5,0.5096,0.4,0.4,0.4,0.4,0.3333,3,0.6364,0.25,29,1495.46,1521.2,-25.74,-0.0096,0.0,0.0,0.3864,0.6552,1,0,0,1
734023,2014-05-20,Kolkata Knight Riders,Chennai Super Kings,Eden Gardens,Kolkata,2014,0.4848,0.6147,0.8,0.6,0.5,0.8,0.3077,13,0.5882,0.6667,36,1536.85,1632.65,-95.79,-0.1298,0.2,-0.3,-0.0784,0.6389,1,1,1,1
734025,2014-05-21,Punjab Kings,Mumbai Indians,"Punjab Cricket Association Stadium, Mohali",Chandigarh,2014,0.53,0.566,0.8,0.6,0.8,0.4,0.5385,13,0.5357,0.25,28,1605.95,1561.39,44.56,-0.036,0.2,0.4,0.2857,0.6071,1,0,1,0
734027,2014-05-22,Kolkata Knight Riders,Royal Challengers Bangalore,Eden Gardens,Kolkata,2014,0.49,0.5048,1.0,0.4,0.6,0.3,0.5385,13,0.6,0.25,37,1557.15,1504.02,53.14,-0.0148,0.6,0.3,0.35,0.6486,1,0,1,1
734029,2014-05-22,Chennai Super Kings,Sunrisers Hyderabad,JSCA International Stadium Complex,Ranchi,2014,0.6091,0.5172,0.4,0.4,0.7,0.5,1.0,3,0.6667,0.5,5,1612.34,1512.64,99.7,0.0918,0.0,0.2,0.1667,0.6,0,0,1,0
734031,2014-05-23,Mumbai Indians,Delhi Capitals,Wankhede Stadium,Mumbai,2014,0.5701,0.4314,0.6,0.0,0.5,0.1,0.4615,13,0.6452,0.25,34,1579.43,1346.54,232.89,0.1387,0.6,0.4,0.3952,0.5,1,0,1,1
734033,2014-05-23,Punjab Kings,Rajasthan Royals,"Punjab Cricket Association Stadium, Mohali",Chandigarh,2014,0.5248,0.549,0.6,0.4,0.7,0.6,0.3333,12,0.5172,0.6,29,1587.91,1547.61,40.3,-0.0243,0.2,0.1,-0.0828,0.6207,1,0,1,1
734035,2014-05-24,Royal Challengers Bangalore,Chennai Super Kings,M Chinnaswamy Stadium,Bangalore,2014,0.5,0.6036,0.4,0.4,0.3,0.6,0.4667,15,0.5641,0.4,40,1490.45,1591.87,-101.43,-0.1036,0.0,-0.3,0.1641,0.575,1,0,1,0
734037,2014-05-24,Kolkata Knight Riders,Sunrisers Hyderabad,Eden Gardens,Kolkata,2014,0.495,0.5333,1.0,0.4,0.6,0.5,0.6667,3,0.6111,0.0,38,1570.73,1533.11,37.62,-0.0383,0.6,0.1,0.6111,0.6316,1,1,1,1
734039,2014-05-25,Punjab Kings,Delhi Capitals,"Punjab Cricket Association Stadium, Mohali",Chandigarh,2014,0.5294,0.4272,0.6,0.0,0.7,0.1,0.6154,13,0.5333,0.5,30,1602.06,1339.9,262.16,0.1022,0.6,0.6,0.0333,0.6,1,1,1,1
734041,2014-05-25,Mumbai Indians,Rajasthan Royals,Wankhede Stadium,Mumbai,2014,0.5741,0.5437,0.8,0.4,0.6,0.6,0.6154,13,0.6562,0.5,35,1586.07,1533.46,52.61,0.0304,0.4,0.0,0.1562,0.4857,1,1,1,1
734043,2014-05-27,Punjab Kings,Kolkata Knight Riders,Eden Gardens,Kolkata,2014,0.534,0.5,0.8,1.0,0.7,0.7,0.4615,13,0.4,0.6216,39,1607.86,1585.0,22.86,0.034,-0.2,0.0,-0.2216,0.641,-1,1,1,0
734045,2014-05-28,Chennai Super Kings,Mumbai Indians,Brabourne Stadium,Mumbai,2014,0.6071,0.578,0.4,0.8,0.6,0.7,0.4706,17,0.5,0.8333,6,1603.33,1599.66,3.67,0.0292,-0.4,-0.1,-0.3333,0.5,-1,1,1,1
734047,2014-05-30,Chennai Super Kings,Punjab Kings,Wankhede Stadium,Mumbai,2014,0.6106,0.5288,0.4,0.6,0.6,0.6,0.5714,14,0.4286,0.3333,36,1619.16,1590.8,28.36,0.0818,-0.2,0.0,0.0952,0.5,0,1,1,0
734049,2014-06-01,Kolkata Knight Riders,Punjab Kings,M Chinnaswamy Stadium,Bangalore,2014,0.5049,0.5333,1.0,0.6,0.8,0.7,0.5714,14,0.4,0.6667,41,1602.05,1608.11,-6.06,-0.0285,0.4,0.1,-0.2667,0.5854,0,1,1,1
829705,2015-04-08,Kolkata Knight Riders,Mumbai Indians,Eden Gardens,Kolkata,2015,0.5096,0.5727,1.0,0.8,0.9,0.7,0.2857,14,0.6316,0.8571,40,1618.33,1583.83,34.5,-0.0631,0.2,0.2,-0.2256,0.625,1,1,1,1
829707,2015-04-09,Chennai Super Kings,Delhi Capitals,"MA Chidambaram Stadium, Chepauk",Chennai,2015,0.6053,0.4231,0.4,0.0,0.5,0.1,0.7143,14,0.675,0.3333,41,1601.86,1334.11,267.75,0.1822,0.4,0.4,0.3417,0.3902,1,0,1,1
829709,2015-04-10,Punjab Kings,Rajasthan Royals,Maharashtra Cricket Association Stadium,Pune,2015,0.5283,0.5385,0.6,0.2,0.6,0.5,0.3846,13,0.5,0.5,1,1591.83,1519.86,71.97,-0.0102,0.4,0.1,0.0,0.0,0,1,1,0
829711,2015-04-11,Chennai Super Kings,Sunrisers Hyderabad,"MA Chidambaram Stadium, Chepauk",Chennai,2015,0.6087,0.5161,0.6,0.4,0.5,0.5,0.75,4,0.6829,0.0,42,1607.5,1518.84,88.67,0.0926,0.2,0.0,0.6829,0.381,1,1,0,1
829713,2015-04-11,Kolkata Knight Riders,Royal Challengers Bangalore,Eden Gardens,Kolkata,2015,0.5143,0.4953,1.0,0.4,1.0,0.3,0.5714,14,0.641,0.2,41,1632.75,1478.99,153.76,0.019,0.6,0.7,0.441,0.6341,1,0,1,0
829715,2015-04-12,Delhi Capitals,Rajasthan Royals,Feroz Shah Kotla,Delhi,2015,0.419,0.5429,0.0,0.4,0.0,0.5,0.4286,14,0.3684,0.5,40,1328.47,1539.13,-210.66,-0.1238,-0.4,-0.5,-0.1316,0.55,1,0,1,0
829717,2015-04-12,Mumbai Indians,Punjab Kings,Wankhede Stadium,Mumbai,2015,0.5676,0.5234,0.6,0.4,0.6,0.5,0.5,14,0.6667,0.4286,37,1569.41,1572.56,-3.15,0.0442,0.2,0.1,0.2381,0.4865,1,1,1,0
829719,2015-04-13,Royal Challengers Bangalore,Sunrisers Hyderabad,M Chinnaswamy Stadium,Bangalore,2015,0.5,0.5,0.4,0.4,0.4,0.4,0.5,4,0.55,0.0,42,1501.64,1506.83,-5.19,0.0,0.0,0.0,0.55,0.5952,1,0,1,0
829721,2015-04-14,Rajasthan Royals,Mumbai Indians,"Sardar Patel Stadium, Motera",Ahmedabad,2015,0.5472,0.5625,0.4,0.4,0.5,0.5,0.3571,14,0.625,1.0,8,1546.46,1553.56,-7.09,-0.0153,0.0,0.0,-0.375,0.25,0,0,0,1
829725,2015-04-15,Punjab Kings,Delhi Capitals,Maharashtra Cricket Association Stadium,Pune,2015,0.5278,0.4151,0.4,0.0,0.6,0.0,0.6429,14,0.0,0.5,2,1588.42,1321.13,267.29,0.1127,0.4,0.6,-0.5,0.0,0,1,0,0
829727,2015-04-16,Sunrisers Hyderabad,Rajasthan Royals,Dr. Y.S. Rajasekhara Reddy ACA-VDCA Cricket Stadium,Visakhapatnam,2015,0.5152,0.5514,0.6,0.6,0.5,0.5,0.4,5,0.5,0.5,2,1522.59,1562.79,-40.2,-0.0363,0.0,0.0,0.0,0.5,0,0,1,0
829729,2015-04-17,Mumbai Indians,Chennai Super Kings,Wankhede Stadium,Mumbai,2015,0.5575,0.6121,0.2,0.8,0.5,0.6,0.5,18,0.6471,0.375,38,1537.23,1619.51,-82.27,-0.0545,-0.6,-0.1,0.2721,0.4737,1,1,0,0
829731,2015-04-18,Sunrisers Hyderabad,Delhi Capitals,Dr. Y.S. Rajasekhara Reddy ACA-VDCA Cricket Stadium,Visakhapatnam,2015,0.5,0.4206,0.4,0.2,0.4,0.1,1.0,4,0.0,0.5,3,1508.44,1347.48,160.96,0.0794,0.2,0.3,-0.5,0.6667,0,0,0,0
829733,2015-04-18,Punjab Kings,Kolkata Knight Riders,Maharashtra Cricket Association Stadium,Pune,2015,0.5229,0.5094,0.4,0.8,0.5,0.9,0.4,15,0.0,0.5,3,1562.07,1610.09,-48.02,0.0135,-0.4,-0.4,-0.5,0.3333,0,0,1,0
829735,2015-04-19,Rajasthan Royals,Chennai Super Kings,"Sardar Patel Stadium, Motera",Ahmedabad,2015,0.5556,0.6154,0.8,0.8,0.6,0.6,0.3333,15,0.6667,0.0,9,1576.95,1631.79,-54.84,-0.0598,0.0,0.0,0.6667,0.3333,0,0,0,1
829737,2015-04-19,Royal Challengers Bangalore,Mumbai Indians,M Chinnaswamy Stadium,Bangalore,2015,0.4954,0.5526,0.2,0.0,0.3,0.4,0.4667,15,0.5366,0.6667,43,1485.88,1524.95,-39.07,-0.0572,0.2,-0.1,-0.1301,0.6047,1,1,1,0
829739,2015-04-20,Delhi Capitals,Kolkata Knight Riders,Feroz Shah Kotla,Delhi,2015,0.4259,0.514,0.4,0.8,0.2,0.9,0.4615,13,0.359,0.75,41,1370.4,1623.9,-253.5,-0.0881,-0.4,-0.7,-0.391,0.561,1,0,1,0
829741,2015-04-21,Rajasthan Royals,Punjab Kings,"Sardar Patel Stadium, Motera",Ahmedabad,2015,0.5596,0.5182,1.0,0.2,0.6,0.4,0.6429,14,0.7,0.5,10,1595.45,1548.27,47.18,0.0415,0.8,0.2,0.2,0.4,0,0,1,0
829743,2015-04-22,Sunrisers Hyderabad,Kolkata Knight Riders,Dr. Y.S. Rajasekhara Reddy ACA-VDCA Cricket Stadium,Visakhapatnam,2015,0.4857,0.5185,0.2,0.8,0.3,0.9,0.25,4,0.0,0.5,4,1485.51,1629.93,-144.42,-0.0328,-0.6,-0.6,-0.5,0.5,0,0,1,1
829745,2015-04-22,Royal Challengers Bangalore,Chennai Super Kings,M Chinnaswamy Stadium,Bangalore,2015,0.4909,0.6102,0.2,0.6,0.3,0.5,0.4375,16,0.5238,0.5,44,1471.67,1613.28,-141.61,-0.1193,-0.4,-0.2,0.0238,0.5909,1,1,1,0
829747,2015-04-23,Delhi Capitals,Mumbai Indians,Feroz Shah Kotla,Delhi,2015,0.422,0.5565,0.4,0.2,0.2,0.5,0.5,14,0.35,0.3333,42,1364.36,1539.16,-174.8,-0.1345,0.2,-0.3,0.0167,0.5714,1,0,1,1
829749,2015-04-24,Rajasthan Royals,Royal Challengers Bangalore,"Sardar Patel Stadium, Motera",Ahmedabad,2015,0.5545,0.4865,0.8,0.2,0.6,0.3,0.5385,13,0.6364,0.5,11,1577.29,1461.85,115.44,0.0681,0.6,0.3,0.1364,0.4545,0,0,1,0
829751,2015-04-25,Mumbai Indians,Sunrisers Hyderabad,Wankhede Stadium,Mumbai,2015,0.5517,0.5,0.2,0.4,0.4,0.4,0.5,4,0.6286,0.0,39,1515.73,1507.81,7.92,0.0517,-0.2,0.0,0.6286,0.4872,1,1,0,1
829753,2015-04-25,Chennai Super Kings,Punjab Kings,"MA Chidambaram Stadium, Chepauk",Chennai,2015,0.6134,0.5225,0.8,0.4,0.6,0.5,0.5333,15,0.6905,0.5,43,1623.1,1566.43,56.67,0.0909,0.4,0.1,0.1905,0.3721,1,1,0,1
829757,2015-04-26,Delhi Capitals,Royal Challengers Bangalore,Feroz Shah Kotla,Delhi,2015,0.4273,0.4911,0.6,0.4,0.3,0.4,0.3846,13,0.3659,0.6,43,1387.8,1482.98,-95.19,-0.0638,0.2,-0.1,-0.2341,0.5581,1,0,1,0
829759,2015-04-27,Punjab Kings,Sunrisers Hyderabad,"Punjab Cricket Association Stadium, Mohali",Chandigarh,2015,0.5179,0.4865,0.4,0.4,0.4,0.4,0.5,4,0.5484,1.0,31,1553.02,1492.17,60.85,0.0314,0.0,0.0,-0.4516,0.6129,1,1,1,0
829765,2015-04-28,Chennai Super Kings,Kolkata Knight Riders,"MA Chidambaram Stadium, Chepauk",Chennai,2015,0.6167,0.5138,0.8,0.6,0.7,0.8,0.6429,14,0.6977,0.3333,44,1636.51,1607.64,28.87,0.1029,0.2,-0.1,0.3643,0.3636,1,0,1,1
829723,2015-04-30,Kolkata Knight Riders,Chennai Super Kings,Eden Gardens,Kolkata,2015,0.5091,0.6198,0.4,0.8,0.7,0.8,0.3333,15,0.625,0.5714,42,1592.97,1651.19,-58.22,-0.1107,-0.4,-0.1,0.0536,0.6429,1,1,1,1
829767,2015-05-01,Delhi Capitals,Punjab Kings,Feroz Shah Kotla,Delhi,2015,0.4234,0.5133,0.6,0.2,0.3,0.3,0.4,15,0.3571,0.6667,44,1376.07,1534.24,-158.17,-0.0899,0.4,0.0,-0.3095,0.5682,1,1,1,1
829769,2015-05-01,Mumbai Indians,Rajasthan Royals,Wankhede Stadium,Mumbai,2015,0.5556,0.5495,0.4,0.6,0.4,0.5,0.6,15,0.6389,0.4,40,1531.36,1556.16,-24.8,0.006,-0.2,-0.1,0.2389,0.475,1,0,1,1
829771,2015-05-02,Royal Challengers Bangalore,Kolkata Knight Riders,M Chinnaswamy Stadium,Bangalore,2015,0.4956,0.5135,0.4,0.6,0.4,0.7,0.4667,15,0.5116,0.5,45,1494.71,1611.62,-116.92,-0.0179,-0.2,-0.3,0.0116,0.5778,1,1,1,1
829773,2015-05-02,Sunrisers Hyderabad,Chennai Super Kings,"Rajiv Gandhi International Stadium, Uppal",Hyderabad,2015,0.5,0.6148,0.4,0.6,0.5,0.7,0.2,5,0.6667,1.0,30,1510.94,1632.53,-121.59,-0.1148,-0.2,-0.2,-0.3333,0.6667,1,0,1,1
829775,2015-05-03,Punjab Kings,Mumbai Indians,"Punjab Cricket Association Stadium, Mohali",Chandigarh,2015,0.5088,0.5593,0.2,0.6,0.3,0.4,0.5333,15,0.5312,0.4,32,1511.42,1548.5,-37.08,-0.0506,-0.4,-0.1,0.1312,0.5938,1,0,0,0
829777,2015-05-03,Rajasthan Royals,Delhi Capitals,Brabourne Stadium,Mumbai,2015,0.5446,0.4286,0.4,0.6,0.5,0.4,0.6,15,0.0,0.0,7,1539.02,1398.89,140.13,0.1161,-0.2,0.1,0.0,0.5714,0,0,1,1
829779,2015-05-04,Chennai Super Kings,Royal Challengers Bangalore,"MA Chidambaram Stadium, Chepauk",Chennai,2015,0.6098,0.5,0.6,0.6,0.6,0.4,0.5882,17,0.7045,0.2857,45,1611.15,1515.9,95.25,0.1098,0.0,0.2,0.4188,0.3556,1,1,0,1
829781,2015-05-04,Kolkata Knight Riders,Sunrisers Hyderabad,Eden Gardens,Kolkata,2015,0.5089,0.5128,0.4,0.6,0.6,0.5,0.6,5,0.6341,0.0,43,1590.43,1532.32,58.11,-0.0039,-0.2,0.1,0.6341,0.6512,1,0,1,1
829783,2015-05-05,Mumbai Indians,Delhi Capitals,Wankhede Stadium,Mumbai,2015,0.563,0.4248,0.8,0.4,0.4,0.4,0.4667,15,0.6486,0.2,41,1562.8,1389.02,173.78,0.1382,0.4,0.0,0.4486,0.4634,1,0,0,1
829785,2015-05-06,Royal Challengers Bangalore,Punjab Kings,M Chinnaswamy Stadium,Bangalore,2015,0.4957,0.5043,0.6,0.2,0.4,0.2,0.3571,14,0.5227,0.5714,46,1504.18,1497.12,7.05,-0.0087,0.4,0.2,-0.0487,0.587,1,0,1,1
829761,2015-05-07,Kolkata Knight Riders,Delhi Capitals,Eden Gardens,Kolkata,2015,0.5133,0.4211,0.4,0.4,0.6,0.4,0.5714,14,0.6429,0.25,44,1603.78,1380.41,223.37,0.0922,0.0,0.2,0.3929,0.6364,1,1,0,1
829787,2015-05-07,Rajasthan Royals,Sunrisers Hyderabad,Brabourne Stadium,Mumbai,2015,0.5487,0.5,0.4,0.6,0.6,0.4,0.6667,6,0.5,0.5,8,1548.9,1518.98,29.92,0.0487,-0.2,0.2,0.0,0.5,0,1,1,0
829789,2015-05-08,Chennai Super Kings,Mumbai Indians,"MA Chidambaram Stadium, Chepauk",Chennai,2015,0.6129,0.5667,0.6,0.8,0.7,0.5,0.5263,19,0.7111,0.4,46,1622.87,1571.41,51.46,0.0462,-0.2,0.2,0.3111,0.3478,1,1,0,0
829791,2015-05-09,Kolkata Knight Riders,Punjab Kings,Eden Gardens,Kolkata,2015,0.5175,0.5,0.6,0.0,0.6,0.2,0.625,16,0.6512,0.3333,45,1610.71,1481.45,129.26,0.0175,0.6,0.4,0.3178,0.6222,1,0,0,1
829793,2015-05-09,Delhi Capitals,Sunrisers Hyderabad,Shaheed Veer Narayan Singh International Stadium,Raipur,2015,0.4174,0.5122,0.2,0.6,0.4,0.5,0.2,5,1.0,0.5,2,1373.48,1536.35,-162.87,-0.0948,-0.4,-0.1,0.5,0.5,0,0,0,0
829795,2015-05-10,Mumbai Indians,Royal Challengers Bangalore,Wankhede Stadium,Mumbai,2015,0.5702,0.5,1.0,0.8,0.6,0.5,0.5625,16,0.6579,0.4,42,1589.76,1519.85,69.91,0.0702,0.2,0.1,0.2579,0.4762,1,0,0,0
829797,2015-05-10,Chennai Super Kings,Rajasthan Royals,"MA Chidambaram Stadium, Chepauk",Chennai,2015,0.608,0.5439,0.4,0.2,0.6,0.6,0.625,16,0.6957,0.2,47,1604.51,1531.52,72.99,0.0641,0.2,0.0,0.4957,0.3617,1,1,0,1
829799,2015-05-11,Sunrisers Hyderabad,Punjab Kings,"Rajiv Gandhi International Stadium, Uppal",Hyderabad,2015,0.5238,0.4957,0.8,0.0,0.6,0.2,0.6,5,0.6923,0.8,31,1545.36,1471.14,74.21,0.0281,0.8,0.4,-0.1077,0.6452,1,1,0,1
829801,2015-05-12,Delhi Capitals,Chennai Super Kings,Shaheed Veer Narayan Singh International Stadium,Raipur,2015,0.4138,0.6111,0.2,0.4,0.4,0.6,0.2667,15,0.6667,0.5,3,1364.48,1617.2,-252.72,-0.1973,-0.2,-0.2,0.1667,0.3333,0,0,0,1
829803,2015-05-13,Punjab Kings,Royal Challengers Bangalore,"Punjab Cricket Association Stadium, Mohali",Chandigarh,2015,0.4915,0.5043,0.0,0.8,0.1,0.6,0.6,15,0.5152,0.5,33,1458.51,1539.03,-80.52,-0.0127,-0.8,-0.5,0.0152,0.5758,1,0,1,1
829805,2015-05-14,Mumbai Indians,Kolkata Knight Riders,Wankhede Stadium,Mumbai,2015,0.5656,0.5217,0.8,0.8,0.6,0.6,0.6667,15,0.641,0.25,43,1570.58,1621.02,-50.44,0.0438,0.0,0.0,0.391,0.4651,1,0,1,1
829807,2015-05-15,Sunrisers Hyderabad,Royal Challengers Bangalore,"Rajiv Gandhi International Stadium, Uppal",Hyderabad,2015,0.5349,0.5,0.8,0.6,0.6,0.5,0.6,5,0.7143,0.2,32,1557.99,1519.38,38.6,0.0349,0.2,0.1,0.5143,0.625,1,1,0,0
829809,2015-05-16,Punjab Kings,Chennai Super Kings,"Punjab Cricket Association Stadium, Mohali",Chandigarh,2015,0.4958,0.6063,0.2,0.4,0.2,0.5,0.4375,16,0.5294,0.6667,34,1478.15,1591.26,-113.11,-0.1105,-0.2,-0.3,-0.1373,0.5588,1,1,0,0
829811,2015-05-16,Rajasthan Royals,Kolkata Knight Riders,Brabourne Stadium,Mumbai,2015,0.5391,0.5172,0.2,0.6,0.5,0.6,0.5714,14,0.3333,0.0,9,1518.84,1602.71,-83.87,0.0219,-0.4,-0.1,0.3333,0.4444,0,1,0,1
829815,2015-05-17,Sunrisers Hyderabad,Mumbai Indians,"Rajiv Gandhi International Stadium, Uppal",Hyderabad,2015,0.5227,0.5691,0.6,0.8,0.6,0.7,0.4,5,0.6667,0.75,33,1540.22,1588.89,-48.67,-0.0464,-0.2,-0.1,-0.0833,0.6364,1,1,0,0
829817,2015-05-19,Chennai Super Kings,Mumbai Indians,Wankhede Stadium,Mumbai,2015,0.6094,0.5726,0.6,0.8,0.6,0.8,0.5,20,0.4444,0.65,44,1602.23,1602.66,-0.43,0.0368,-0.2,-0.2,-0.2056,0.4545,-1,0,0,0
829819,2015-05-20,Royal Challengers Bangalore,Rajasthan Royals,Maharashtra Cricket Association Stadium,Pune,2015,0.5042,0.5431,0.6,0.4,0.6,0.5,0.5,14,0.5,1.0,4,1537.16,1538.63,-1.47,-0.0389,0.2,0.1,-0.5,0.5,0,1,0,1
829821,2015-05-22,Chennai Super Kings,Royal Challengers Bangalore,JSCA International Stadium Complex,Ranchi,2015,0.6047,0.5083,0.4,0.8,0.5,0.7,0.6111,18,0.5,0.5,6,1586.25,1553.22,33.02,0.0963,-0.4,-0.2,0.0,0.6667,0,1,1,1
829823,2015-05-24,Mumbai Indians,Chennai Super Kings,Eden Gardens,Kolkata,2015,0.576,0.6077,0.8,0.6,0.8,0.5,0.5238,21,0.75,0.5,46,1618.64,1600.73,17.91,-0.0317,0.2,0.3,0.25,0.6304,0,0,1,1
980901,2016-04-09,Mumbai Indians,Rising Pune Supergiant,Wankhede Stadium,Mumbai,2016,0.5794,0.5,0.8,0.5,0.9,0.5,0.5,0,0.6585,0.5,45,1633.82,1500.0,133.82,0.0794,0.3,0.4,0.1585,0.4444,1,1,0,0
980903,2016-04-10,Kolkata Knight Riders,Delhi Capitals,Eden Gardens,Kolkata,2016,0.5128,0.4188,0.6,0.2,0.5,0.4,0.6,15,0.6591,0.2,47,1582.92,1390.42,192.5,0.094,0.4,0.1,0.4591,0.617,1,1,1,1
980905,2016-04-11,Punjab Kings,Gujarat Lions,"Punjab Cricket Association IS Bindra Stadium, Mohali",Chandigarh,2016,0.4917,0.5,0.2,0.5,0.2,0.5,0.5,0,0.5,0.5,0,1467.18,1500.0,-32.82,-0.0083,-0.3,-0.3,0.0,0.5,1,0,1,0
980907,2016-04-12,Royal Challengers Bangalore,Sunrisers Hyderabad,M Chinnaswamy Stadium,Bangalore,2016,0.5041,0.5111,0.6,0.6,0.7,0.6,0.5,6,0.5333,0.3333,47,1538.74,1526.45,12.29,-0.007,0.0,0.1,0.2,0.5745,1,0,1,1
980909,2016-04-13,Kolkata Knight Riders,Mumbai Indians,Eden Gardens,Kolkata,2016,0.5169,0.5748,0.6,0.8,0.5,0.8,0.3125,16,0.6667,0.7778,48,1590.87,1611.94,-21.08,-0.0579,-0.2,-0.3,-0.1111,0.625,1,0,1,0
980911,2016-04-14,Gujarat Lions,Rising Pune Supergiant,Saurashtra Cricket Association Stadium,Rajkot,2016,1.0,1.0,1.0,1.0,1.0,1.0,0.5,0,0.5,0.5,0,1514.49,1521.87,-7.38,0.0,0.0,0.0,0.0,0.5,1,0,0,1
980913,2016-04-15,Delhi Capitals,Punjab Kings,Feroz Shah Kotla,Delhi,2016,0.4153,0.4876,0.2,0.2,0.3,0.1,0.4375,16,0.3721,0.5714,45,1382.48,1452.69,-70.21,-0.0723,0.0,0.2,-0.1993,0.5778,1,1,1,1
980915,2016-04-16,Sunrisers Hyderabad,Kolkata Knight Riders,"Rajiv Gandhi International Stadium, Uppal",Hyderabad,2016,0.5,0.5126,0.4,0.4,0.5,0.5,0.3333,6,0.625,0.75,34,1511.01,1575.84,-64.82,-0.0126,0.0,0.0,-0.125,0.6471,1,1,0,0
980917,2016-04-16,Mumbai Indians,Gujarat Lions,Wankhede Stadium,Mumbai,2016,0.5781,1.0,0.8,1.0,0.8,1.0,0.5,0,0.6429,0.5,46,1626.97,1530.83,96.14,-0.4219,-0.2,-0.2,0.1429,0.4565,1,0,1,0
980919,2016-04-17,Punjab Kings,Rising Pune Supergiant,"Punjab Cricket Association IS Bindra Stadium, Mohali",Chandigarh,2016,0.4836,0.5,0.2,0.5,0.1,0.5,0.5,0,0.0,0.5,1,1433.5,1505.53,-72.03,-0.0164,-0.3,-0.4,-0.5,1.0,1,0,0,1
980921,2016-04-17,Royal Challengers Bangalore,Delhi Capitals,M Chinnaswamy Stadium,Bangalore,2016,0.5082,0.4202,0.6,0.4,0.7,0.4,0.6429,14,0.5435,0.4,48,1554.17,1401.67,152.5,0.088,0.2,0.3,0.1435,0.5625,1,0,1,0
980923,2016-04-18,Sunrisers Hyderabad,Mumbai Indians,"Rajiv Gandhi International Stadium, Uppal",Hyderabad,2016,0.4894,0.5736,0.2,0.6,0.5,0.7,0.3333,6,0.5882,0.8,35,1497.96,1606.66,-108.69,-0.0843,-0.4,-0.2,-0.2118,0.6571,1,1,1,1
980925,2016-04-19,Punjab Kings,Kolkata Knight Riders,"Punjab Cricket Association IS Bindra Stadium, Mohali",Chandigarh,2016,0.4878,0.5167,0.4,0.4,0.2,0.6,0.3529,17,0.5,0.5,2,1452.77,1588.88,-136.11,-0.0289,0.0,-0.4,0.0,1.0,1,0,1,0
980927,2016-04-20,Mumbai Indians,Royal Challengers Bangalore,Wankhede Stadium,Mumbai,2016,0.5692,0.5041,0.4,0.6,0.6,0.6,0.5294,17,0.6279,0.5,47,1585.81,1531.57,54.24,0.0652,-0.2,0.0,0.1279,0.4681,1,1,1,1
980929,2016-04-21,Gujarat Lions,Sunrisers Hyderabad,Saurashtra Cricket Association Stadium,Rajkot,2016,1.0,0.5,1.0,0.2,1.0,0.5,0.5,0,1.0,0.5,1,1551.15,1518.81,32.34,0.5,0.8,0.5,0.5,1.0,1,0,1,0
980931,2016-04-22,Rising Pune Supergiant,Royal Challengers Bangalore,Maharashtra Cricket Association Stadium,Pune,2016,0.3333,0.5,0.3333,0.4,0.3333,0.5,0.5,0,0.5,1.0,5,1486.26,1518.05,-31.78,-0.1667,-0.0667,-0.1667,-0.5,0.4,1,1,1,0
980933,2016-04-23,Delhi Capitals,Mumbai Indians,Feroz Shah Kotla,Delhi,2016,0.425,0.5725,0.6,0.4,0.4,0.6,0.5,16,0.3864,0.2857,46,1424.27,1599.33,-175.05,-0.1475,0.2,-0.2,0.1006,0.587,1,0,1,1
980935,2016-04-23,Sunrisers Hyderabad,Punjab Kings,"Rajiv Gandhi International Stadium, Uppal",Hyderabad,2016,0.5102,0.4839,0.4,0.2,0.5,0.2,0.6667,6,0.6111,0.6667,36,1536.3,1442.74,93.56,0.0263,0.2,0.3,-0.0556,0.6667,1,1,1,1
980937,2016-04-24,Gujarat Lions,Royal Challengers Bangalore,Saurashtra Cricket Association Stadium,Rajkot,2016,0.75,0.504,0.75,0.4,0.75,0.6,0.5,0,0.5,0.5,2,1533.67,1532.59,1.08,0.246,0.35,0.15,0.0,1.0,1,0,0,1
980939,2016-04-24,Rising Pune Supergiant,Kolkata Knight Riders,Maharashtra Cricket Association Stadium,Pune,2016,0.25,0.5207,0.25,0.6,0.25,0.6,0.5,0,0.0,1.0,6,1471.72,1598.92,-127.19,-0.2707,-0.35,-0.35,-1.0,0.3333,1,0,1,0
980941,2016-04-25,Punjab Kings,Mumbai Indians,"Punjab Cricket Association IS Bindra Stadium, Mohali",Chandigarh,2016,0.48,0.5682,0.2,0.4,0.2,0.6,0.5,16,0.3333,0.5,3,1430.94,1575.89,-144.94,-0.0882,-0.2,-0.4,-0.1667,1.0,1,1,1,0
980943,2016-04-26,Sunrisers Hyderabad,Rising Pune Supergiant,"Rajiv Gandhi International Stadium, Uppal",Hyderabad,2016,0.52,0.2,0.6,0.2,0.6,0.2,0.5,0,0.6316,0.5,37,1548.09,1461.33,86.76,0.32,0.4,0.4,0.1316,0.6757,1,0,1,0
980945,2016-04-27,Delhi Capitals,Gujarat Lions,Feroz Shah Kotla,Delhi,2016,0.4298,0.8,0.8,0.8,0.5,0.8,0.5,0,0.4,0.5,47,1447.72,1549.62,-101.9,-0.3702,0.0,-0.3,-0.1,0.5745,1,1,1,0
980947,2016-04-28,Mumbai Indians,Kolkata Knight Riders,Wankhede Stadium,Mumbai,2016,0.5714,0.5246,0.4,0.8,0.6,0.7,0.7059,17,0.6364,0.2,48,1585.57,1609.31,-23.74,0.0468,-0.4,-0.1,0.4364,0.4792,1,1,1,1
980949,2016-04-29,Rising Pune Supergiant,Gujarat Lions,Maharashtra Cricket Association Stadium,Pune,2016,0.3333,0.8333,0.2,0.8,0.3333,0.8333,0.0,1,0.0,0.5,7,1481.25,1561.05,-79.81,-0.5,-0.6,-0.5,-0.5,0.4286,1,0,1,0
980951,2016-04-30,Delhi Capitals,Kolkata Knight Riders,Feroz Shah Kotla,Delhi,2016,0.4262,0.5203,0.6,0.6,0.4,0.6,0.375,16,0.3913,0.8,48,1436.28,1592.22,-155.94,-0.0941,0.0,-0.2,-0.4087,0.5625,1,0,1,1
980953,2016-04-30,Sunrisers Hyderabad,Royal Challengers Bangalore,"Rajiv Gandhi International Stadium, Uppal",Hyderabad,2016,0.5098,0.5,0.6,0.4,0.5,0.5,0.4286,7,0.6,0.3333,38,1528.17,1516.64,11.54,0.0098,0.2,0.0,0.2667,0.6842,1,0,1,1
980955,2016-05-01,Gujarat Lions,Punjab Kings,Saurashtra Cricket Association Stadium,Rajkot,2016,0.8571,0.4762,0.8,0.2,0.8571,0.2,1.0,1,0.6667,0.5,3,1573.44,1421.26,152.18,0.381,0.6,0.6571,0.1667,1.0,1,1,1,0
980957,2016-05-01,Rising Pune Supergiant,Mumbai Indians,Maharashtra Cricket Association Stadium,Pune,2016,0.2857,0.5746,0.2,0.6,0.2857,0.6,1.0,1,0.0,0.5,8,1468.86,1602.67,-133.81,-0.2889,-0.4,-0.3143,-0.5,0.5,1,0,1,0
980959,2016-05-02,Royal Challengers Bangalore,Kolkata Knight Riders,M Chinnaswamy Stadium,Bangalore,2016,0.4961,0.5161,0.2,0.6,0.4,0.5,0.5,16,0.5319,0.4286,49,1501.17,1569.48,-68.32,-0.0201,-0.4,-0.1,0.1033,0.5714,1,0,1,0
980961,2016-05-03,Gujarat Lions,Delhi Capitals,Saurashtra Cricket Association Stadium,Rajkot,2016,0.75,0.4309,0.6,0.8,0.75,0.5,1.0,1,0.5,0.5,4,1550.85,1459.01,91.84,0.3191,-0.2,0.25,0.0,0.75,1,0,1,0
980963,2016-05-04,Kolkata Knight Riders,Punjab Kings,Eden Gardens,Kolkata,2016,0.52,0.4803,0.6,0.4,0.5,0.3,0.6667,18,0.6522,0.2857,49,1582.38,1443.85,138.53,0.0397,0.2,0.2,0.3665,0.6327,1,0,1,1
980965,2016-05-05,Delhi Capitals,Rising Pune Supergiant,Feroz Shah Kotla,Delhi,2016,0.4355,0.25,0.8,0.2,0.6,0.25,0.5,0,0.4043,0.5,49,1479.15,1458.73,20.41,0.1855,0.6,0.35,-0.0957,0.551,1,0,1,0
980967,2016-05-06,Sunrisers Hyderabad,Gujarat Lions,"Rajiv Gandhi International Stadium, Uppal",Hyderabad,2016,0.5192,0.6667,0.8,0.6,0.5,0.6667,1.0,1,0.619,0.5,39,1543.64,1530.72,12.93,-0.1474,0.2,-0.1667,0.119,0.6667,1,1,1,1
980969,2016-05-07,Royal Challengers Bangalore,Rising Pune Supergiant,M Chinnaswamy Stadium,Bangalore,2016,0.4922,0.3333,0.2,0.4,0.4,0.3333,1.0,1,0.5208,0.5,50,1488.27,1475.67,12.6,0.1589,-0.2,0.0667,0.0208,0.58,1,1,1,1
980971,2016-05-07,Punjab Kings,Delhi Capitals,"Punjab Cricket Association IS Bindra Stadium, Mohali",Chandigarh,2016,0.4766,0.432,0.2,0.6,0.3,0.6,0.5294,17,0.25,0.5,4,1433.91,1462.21,-28.3,0.0446,-0.4,-0.3,-0.25,0.75,1,0,1,1
980973,2016-05-08,Mumbai Indians,Sunrisers Hyderabad,Dr. Y.S. Rajasekhara Reddy ACA-VDCA Cricket Stadium,Visakhapatnam,2016,0.5778,0.5283,0.8,0.8,0.6,0.5,0.5714,7,1.0,0.3333,5,1612.79,1559.05,53.74,0.0495,0.0,0.1,0.6667,0.4,0,1,1,0
980975,2016-05-08,Kolkata Knight Riders,Gujarat Lions,Eden Gardens,Kolkata,2016,0.5238,0.6,0.6,0.4,0.6,0.6,0.5,0,0.6596,0.5,50,1592.32,1515.31,77.0,-0.0762,0.2,0.0,0.1596,0.62,1,0,1,0
980977,2016-05-09,Punjab Kings,Royal Challengers Bangalore,"Punjab Cricket Association IS Bindra Stadium, Mohali",Chandigarh,2016,0.4806,0.4961,0.4,0.4,0.3,0.4,0.625,16,0.4,0.5,5,1451.21,1503.69,-52.48,-0.0155,0.0,-0.1,-0.1,0.6,1,1,1,0
980979,2016-05-10,Rising Pune Supergiant,Sunrisers Hyderabad,Dr. Y.S. Rajasekhara Reddy ACA-VDCA Cricket Stadium,Visakhapatnam,2016,0.3,0.537,0.4,0.8,0.3,0.6,1.0,1,0.5,0.5,6,1460.25,1577.5,-117.25,-0.237,-0.4,-0.3,0.0,0.3333,0,0,0,0
980981,2016-05-11,Royal Challengers Bangalore,Mumbai Indians,M Chinnaswamy Stadium,Bangalore,2016,0.5,0.5735,0.4,0.6,0.4,0.5,0.4444,18,0.5306,0.7143,51,1517.3,1594.34,-77.04,-0.0735,-0.2,-0.1,-0.1837,0.5882,1,0,1,0
980983,2016-05-12,Sunrisers Hyderabad,Delhi Capitals,"Rajiv Gandhi International Stadium, Uppal",Hyderabad,2016,0.5455,0.4286,0.8,0.4,0.7,0.6,0.8333,6,0.6364,0.75,40,1588.3,1444.91,143.39,0.1169,0.4,0.1,-0.1136,0.675,1,0,1,0
980985,2016-05-13,Mumbai Indians,Punjab Kings,Dr. Y.S. Rajasekhara Reddy ACA-VDCA Cricket Stadium,Visakhapatnam,2016,0.5766,0.4769,0.8,0.4,0.6,0.3,0.5294,17,0.5,0.5,7,1606.84,1437.61,169.24,0.0997,0.4,0.3,0.0,0.2857,0,1,0,0
980987,2016-05-14,Royal Challengers Bangalore,Gujarat Lions,M Chinnaswamy Stadium,Bangalore,2016,0.4962,0.6364,0.4,0.4,0.4,0.6,0.0,1,0.52,0.5,52,1504.79,1534.8,-30.01,-0.1402,0.0,-0.2,0.02,0.5962,1,0,1,1
980989,2016-05-14,Kolkata Knight Riders,Rising Pune Supergiant,Eden Gardens,Kolkata,2016,0.5197,0.2727,0.4,0.2,0.6,0.2,1.0,1,0.6458,0.5,51,1572.83,1449.46,123.37,0.247,0.2,0.4,0.1458,0.6275,1,0,0,1
980991,2016-05-15,Punjab Kings,Sunrisers Hyderabad,"Punjab Cricket Association IS Bindra Stadium, Mohali",Chandigarh,2016,0.4809,0.5357,0.6,0.8,0.4,0.7,0.2857,7,0.3333,0.5,6,1460.84,1566.05,-105.21,-0.0548,-0.2,-0.3,-0.1667,0.5,1,1,0,0
980993,2016-05-15,Mumbai Indians,Delhi Capitals,Dr. Y.S. Rajasekhara Reddy ACA-VDCA Cricket Stadium,Visakhapatnam,2016,0.5725,0.4331,0.6,0.6,0.5,0.6,0.4706,17,0.3333,1.0,8,1583.61,1467.16,116.45,0.1394,0.0,-0.1,-0.6667,0.375,0,0,1,1
980995,2016-05-16,Kolkata Knight Riders,Royal Challengers Bangalore,Eden Gardens,Kolkata,2016,0.5234,0.5,0.6,0.6,0.6,0.4,0.5294,17,0.6531,0.3333,52,1583.37,1522.16,61.21,0.0234,0.0,0.2,0.3197,0.6346,1,0,1,0
980997,2016-05-17,Rising Pune Supergiant,Delhi Capitals,Dr. Y.S. Rajasekhara Reddy ACA-VDCA Cricket Stadium,Visakhapatnam,2016,0.25,0.4297,0.2,0.4,0.2,0.6,1.0,1,0.0,0.5,9,1438.91,1456.33,-17.42,-0.1797,-0.2,-0.4,-0.5,0.3333,0,1,1,1
980999,2016-05-18,Royal Challengers Bangalore,Punjab Kings,M Chinnaswamy Stadium,Bangalore,2016,0.5038,0.4773,0.8,0.4,0.5,0.4,0.4118,17,0.5294,0.5,53,1540.95,1449.54,91.41,0.0265,0.4,0.1,0.0294,0.5849,1,0,1,1
981001,2016-05-19,Gujarat Lions,Kolkata Knight Riders,Green Park,Kanpur,2016,0.5833,0.5194,0.2,0.6,0.5,0.6,1.0,1,0.5,0.5,0,1517.42,1564.58,-47.16,0.064,-0.4,-0.1,0.0,0.5,1,1,1,1
981003,2016-05-20,Delhi Capitals,Sunrisers Hyderabad,Shaheed Veer Narayan Singh International Stadium,Raipur,2016,0.4264,0.5439,0.2,0.8,0.5,0.8,0.2857,7,0.75,1.0,4,1439.53,1577.35,-137.82,-0.1175,-0.6,-0.3,-0.25,0.5,0,1,1,1
981005,2016-05-21,Rising Pune Supergiant,Punjab Kings,Dr. Y.S. Rajasekhara Reddy ACA-VDCA Cricket Stadium,Visakhapatnam,2016,0.3077,0.4737,0.4,0.4,0.3,0.3,0.0,1,0.5,1.0,10,1455.71,1437.66,18.05,-0.166,0.0,0.0,-0.5,0.4,0,0,0,1
981007,2016-05-21,Gujarat Lions,Mumbai Indians,Green Park,Kanpur,2016,0.6154,0.5755,0.4,0.6,0.5,0.6,1.0,1,1.0,0.5,1,1535.58,1594.44,-58.86,0.0398,-0.2,-0.1,0.5,1.0,1,1,1,1
981009,2016-05-22,Kolkata Knight Riders,Sunrisers Hyderabad,Eden Gardens,Kolkata,2016,0.5154,0.5345,0.4,0.6,0.5,0.7,0.7143,7,0.64,0.0,53,1546.42,1555.31,-8.89,-0.0191,-0.2,-0.2,0.64,0.6415,1,0,1,1
981011,2016-05-22,Delhi Capitals,Royal Challengers Bangalore,Shaheed Veer Narayan Singh International Stadium,Raipur,2016,0.4308,0.5075,0.4,0.8,0.5,0.6,0.4,15,0.8,0.5,5,1461.56,1552.84,-91.28,-0.0767,-0.4,-0.1,0.3,0.6,0,0,1,0
981013,2016-05-24,Gujarat Lions,Royal Challengers Bangalore,M Chinnaswamy Stadium,Bangalore,2016,0.6429,0.5111,0.6,0.8,0.6,0.6,0.5,2,0.0,0.5385,54,1554.27,1564.73,-10.46,0.1317,-0.2,0.0,-0.5385,0.5741,-1,0,1,0
981015,2016-05-25,Sunrisers Hyderabad,Kolkata Knight Riders,Feroz Shah Kotla,Delhi,2016,0.5254,0.5191,0.4,0.4,0.6,0.5,0.25,8,0.6667,0.6667,50,1538.9,1562.83,-23.93,0.0063,0.0,0.1,0.0,0.56,0,0,1,1
981017,2016-05-27,Gujarat Lions,Sunrisers Hyderabad,Feroz Shah Kotla,Delhi,2016,0.6,0.5333,0.6,0.4,0.5,0.6,0.0,2,1.0,0.75,51,1538.75,1556.0,-17.26,0.0667,0.2,-0.1,0.25,0.549,0,0,1,0
981019,2016-05-29,Royal Challengers Bangalore,Sunrisers Hyderabad,M Chinnaswamy Stadium,Bangalore,2016,0.5147,0.541,1.0,0.6,0.7,0.7,0.5,8,0.5472,0.25,55,1580.25,1571.21,9.04,-0.0263,0.4,0.0,0.2972,0.5818,1,0,0,0
1082591,2017-04-05,Sunrisers Hyderabad,Royal Challengers Bangalore,"Rajiv Gandhi International Stadium, Uppal",Hyderabad,2017,0.5484,0.5109,0.6,0.8,0.7,0.7,0.5556,9,0.6087,0.2857,41,1587.63,1563.83,23.79,0.0374,-0.2,0.0,0.323,0.6829,1,0,1,1
1082592,2017-04-06,Rising Pune Supergiant,Mumbai Indians,Maharashtra Cricket Association Stadium,Pune,2017,0.3571,0.5714,0.4,0.4,0.4,0.6,0.5,2,0.0,1.0,9,1470.88,1575.76,-104.88,-0.2143,0.0,-0.2,-1.0,0.5556,1,1,1,1
1082593,2017-04-07,Gujarat Lions,Kolkata Knight Riders,Saurashtra Cricket Association Stadium,Rajkot,2017,0.5625,0.5152,0.4,0.4,0.4,0.4,1.0,2,0.4,0.5,5,1523.54,1545.73,-22.19,0.0473,0.0,0.0,-0.1,0.8,1,0,1,0
1082594,2017-04-08,Punjab Kings,Rising Pune Supergiant,Holkar Cricket Stadium,Indore,2017,0.4701,0.4,0.2,0.6,0.3,0.5,0.5,2,1.0,0.5,2,1422.49,1491.57,-69.08,0.0701,-0.4,-0.2,0.5,1.0,0,1,1,1
1082595,2017-04-08,Royal Challengers Bangalore,Delhi Capitals,M.Chinnaswamy Stadium,Bengaluru,2017,0.5072,0.4275,0.6,0.4,0.7,0.4,0.625,16,0.5,0.5,0,1548.93,1449.67,99.25,0.0798,0.2,0.3,0.0,0.5,1,1,0,1
1082596,2017-04-09,Sunrisers Hyderabad,Gujarat Lions,"Rajiv Gandhi International Stadium, Uppal",Hyderabad,2017,0.5556,0.5294,0.8,0.4,0.7,0.3,1.0,3,0.625,0.0,42,1602.53,1508.56,93.97,0.0261,0.4,0.4,0.625,0.6667,1,1,1,1
1082597,2017-04-09,Mumbai Indians,Kolkata Knight Riders,Wankhede Stadium,Mumbai,2017,0.5674,0.5188,0.4,0.4,0.5,0.5,0.7222,18,0.6444,0.1667,49,1555.07,1560.71,-5.64,0.0486,0.0,0.0,0.4778,0.4898,1,1,1,1
1082598,2017-04-10,Punjab Kings,Royal Challengers Bangalore,Holkar Cricket Stadium,Indore,2017,0.4741,0.5108,0.4,0.6,0.4,0.7,0.5556,18,1.0,0.5,3,1441.63,1560.48,-118.85,-0.0367,-0.2,-0.3,0.5,1.0,0,0,0,1
1082599,2017-04-11,Rising Pune Supergiant,Delhi Capitals,Maharashtra Cricket Association Stadium,Pune,2017,0.375,0.4242,0.6,0.2,0.4,0.4,1.0,2,0.2,1.0,10,1472.43,1438.12,34.31,-0.0492,0.4,0.0,-0.8,0.6,1,1,1,0
1082600,2017-04-12,Mumbai Indians,Sunrisers Hyderabad,Wankhede Stadium,Mumbai,2017,0.5704,0.5625,0.4,1.0,0.6,0.7,0.5,8,0.6522,0.0,50,1571.33,1614.31,-42.98,0.0079,-0.6,-0.1,0.6522,0.5,1,1,1,1
1082601,2017-04-13,Kolkata Knight Riders,Punjab Kings,Eden Gardens,Kolkata,2017,0.5149,0.4779,0.4,0.4,0.5,0.5,0.6842,19,0.6471,0.25,54,1544.45,1462.9,81.55,0.037,0.0,0.0,0.3971,0.6296,1,1,1,1
1082602,2017-04-14,Royal Challengers Bangalore,Mumbai Indians,M Chinnaswamy Stadium,Bangalore,2017,0.5071,0.5734,0.4,0.6,0.6,0.6,0.4211,19,0.537,0.75,56,1539.21,1589.3,-50.09,-0.0663,-0.2,0.0,-0.213,0.5714,1,0,1,0
1082603,2017-04-14,Gujarat Lions,Rising Pune Supergiant,Saurashtra Cricket Association Stadium,Rajkot,2017,0.5,0.3529,0.2,0.6,0.3,0.4,1.0,2,0.3333,0.0,6,1496.79,1454.85,41.93,0.1471,-0.4,-0.1,0.3333,0.8333,1,1,1,1
1082604,2017-04-15,Kolkata Knight Riders,Sunrisers Hyderabad,Eden Gardens,Kolkata,2017,0.5185,0.5538,0.6,0.8,0.5,0.6,0.6667,9,0.6538,0.0,55,1556.76,1596.34,-39.57,-0.0353,-0.2,-0.1,0.6538,0.6364,1,0,1,1
1082605,2017-04-15,Delhi Capitals,Punjab Kings,Feroz Shah Kotla,Delhi,2017,0.4286,0.4745,0.4,0.4,0.4,0.4,0.4444,18,0.3958,0.5,52,1455.7,1450.59,5.11,-0.0459,0.0,0.0,-0.1042,0.5577,1,1,0,1
1082606,2017-04-16,Mumbai Indians,Gujarat Lions,Wankhede Stadium,Mumbai,2017,0.5764,0.5263,0.6,0.2,0.6,0.4,0.0,2,0.6596,1.0,51,1603.01,1510.86,92.14,0.0501,0.4,0.2,-0.3404,0.5098,1,1,1,1
1082607,2017-04-16,Royal Challengers Bangalore,Rising Pune Supergiant,M Chinnaswamy Stadium,Bangalore,2017,0.5035,0.3333,0.2,0.4,0.6,0.4,1.0,2,0.5273,0.0,57,1525.5,1440.78,84.72,0.1702,-0.2,0.2,0.5273,0.5789,1,1,1,0
1082608,2017-04-17,Delhi Capitals,Kolkata Knight Riders,Feroz Shah Kotla,Delhi,2017,0.4328,0.5221,0.6,0.6,0.4,0.5,0.4118,17,0.4082,0.5714,53,1471.46,1574.58,-103.12,-0.0892,0.0,-0.1,-0.1633,0.5472,1,1,0,0
1082609,2017-04-17,Sunrisers Hyderabad,Punjab Kings,"Rajiv Gandhi International Stadium, Uppal",Hyderabad,2017,0.5455,0.471,0.6,0.4,0.6,0.4,0.75,8,0.64,0.5714,43,1578.52,1434.82,143.7,0.0744,0.2,0.2,0.0686,0.6744,1,0,1,1
1082610,2017-04-18,Gujarat Lions,Royal Challengers Bangalore,Saurashtra Cricket Association Stadium,Rajkot,2017,0.5,0.5,0.2,0.2,0.4,0.5,0.3333,3,0.4286,0.0,7,1499.01,1505.67,-6.66,0.0,0.0,-0.1,0.4286,0.8571,1,1,1,0
1082611,2017-04-19,Sunrisers Hyderabad,Delhi Capitals,"Rajiv Gandhi International Stadium, Uppal",Hyderabad,2017,0.5522,0.4296,0.6,0.4,0.6,0.4,0.625,8,0.6538,0.8,44,1588.26,1460.08,128.18,0.1226,0.2,0.2,-0.1462,0.6591,1,1,0,1
1082612,2017-04-20,Punjab Kings,Mumbai Indians,Holkar Cricket Stadium,Indore,2017,0.4676,0.5793,0.4,0.8,0.3,0.6,0.5,18,1.0,0.5,4,1425.09,1614.86,-189.78,-0.1117,-0.4,-0.3,0.5,1.0,0,0,1,0
1082613,2017-04-21,Kolkata Knight Riders,Gujarat Lions,Eden Gardens,Kolkata,2017,0.5255,0.4762,0.8,0.2,0.6,0.3,0.3333,3,0.6604,1.0,56,1585.96,1483.32,102.65,0.0494,0.6,0.3,-0.3396,0.625,1,0,1,0
1082614,2017-04-22,Mumbai Indians,Delhi Capitals,Wankhede Stadium,Mumbai,2017,0.5822,0.4265,1.0,0.4,0.7,0.4,0.5,18,0.6667,0.1667,52,1622.9,1449.73,173.17,0.1557,0.6,0.3,0.5,0.5192,1,0,1,1
1082615,2017-04-22,Rising Pune Supergiant,Sunrisers Hyderabad,Maharashtra Cricket Association Stadium,Pune,2017,0.3684,0.5588,0.4,0.6,0.4,0.7,0.5,2,0.1667,1.0,11,1460.6,1598.61,-138.01,-0.1904,-0.2,-0.3,-0.8333,0.5455,1,1,1,1
1082616,2017-04-23,Gujarat Lions,Punjab Kings,Saurashtra Cricket Association Stadium,Rajkot,2017,0.5,0.4643,0.4,0.2,0.4,0.3,0.5,2,0.375,1.0,8,1503.91,1417.05,86.86,0.0357,0.2,0.1,-0.625,0.75,1,1,1,0
1082617,2017-04-23,Kolkata Knight Riders,Royal Challengers Bangalore,Eden Gardens,Kolkata,2017,0.5217,0.5035,0.6,0.4,0.5,0.5,0.5,18,0.6481,0.4286,57,1565.37,1521.36,44.01,0.0182,0.2,0.0,0.2196,0.6316,1,0,1,1
1082618,2017-04-24,Mumbai Indians,Rising Pune Supergiant,Wankhede Stadium,Mumbai,2017,0.585,0.4,1.0,0.4,0.7,0.5,0.3333,3,0.6735,1.0,53,1631.52,1482.64,148.88,0.185,0.6,0.2,-0.3265,0.5094,1,1,1,0
1082620,2017-04-26,Rising Pune Supergiant,Kolkata Knight Riders,Maharashtra Cricket Association Stadium,Pune,2017,0.4286,0.5252,0.6,0.8,0.6,0.6,0.0,2,0.2857,1.0,12,1505.11,1579.35,-74.25,-0.0966,-0.2,0.0,-0.7143,0.5833,1,0,1,0
1082621,2017-04-27,Royal Challengers Bangalore,Gujarat Lions,M Chinnaswamy Stadium,Bangalore,2017,0.5,0.4783,0.2,0.4,0.4,0.3,0.75,4,0.5179,0.0,58,1507.38,1483.99,23.39,0.0217,-0.2,0.1,0.5179,0.569,1,0,1,0
1082622,2017-04-28,Kolkata Knight Riders,Delhi Capitals,Eden Gardens,Kolkata,2017,0.5286,0.4234,0.8,0.4,0.7,0.3,0.6111,18,0.6545,0.1667,58,1591.99,1441.1,150.89,0.1052,0.4,0.4,0.4879,0.6207,1,1,1,1
1082623,2017-04-28,Punjab Kings,Sunrisers Hyderabad,"Punjab Cricket Association IS Bindra Stadium, Mohali",Chandigarh,2017,0.4681,0.5507,0.2,0.4,0.3,0.7,0.2222,9,0.2857,1.0,7,1436.97,1576.57,-139.6,-0.0826,-0.2,-0.4,-0.7143,0.5714,1,1,1,0
1082624,2017-04-29,Rising Pune Supergiant,Royal Challengers Bangalore,Maharashtra Cricket Association Stadium,Pune,2017,0.4091,0.4966,0.6,0.2,0.6,0.3,0.3333,3,0.25,1.0,13,1492.48,1490.31,2.17,-0.0875,0.4,0.3,-0.75,0.6154,1,0,1,1
1082625,2017-04-29,Gujarat Lions,Mumbai Indians,Saurashtra Cricket Association Stadium,Rajkot,2017,0.5,0.5811,0.4,0.8,0.3,0.7,0.6667,3,0.3333,0.5,9,1501.07,1609.06,-107.99,-0.0811,-0.4,-0.4,-0.1667,0.6667,1,1,0,0
1082626,2017-04-30,Punjab Kings,Delhi Capitals,"Punjab Cricket Association IS Bindra Stadium, Mohali",Chandigarh,2017,0.4648,0.4203,0.2,0.2,0.3,0.3,0.5263,19,0.25,0.0,8,1427.07,1431.64,-4.57,0.0445,0.0,0.0,0.25,0.5,1,1,1,1
1082627,2017-04-30,Sunrisers Hyderabad,Kolkata Knight Riders,"Rajiv Gandhi International Stadium, Uppal",Hyderabad,2017,0.5571,0.5319,0.6,0.8,0.7,0.7,0.3,10,0.6667,0.8,45,1586.46,1601.44,-14.98,0.0252,-0.2,0.0,-0.1333,0.6444,1,0,1,1
1082628,2017-05-01,Mumbai Indians,Royal Challengers Bangalore,Wankhede Stadium,Mumbai,2017,0.5839,0.4932,0.8,0.2,0.7,0.2,0.6,20,0.66,0.4286,54,1620.24,1474.41,145.84,0.0907,0.6,0.5,0.2314,0.5,1,0,0,1
1082629,2017-05-01,Rising Pune Supergiant,Gujarat Lions,Maharashtra Cricket Association Stadium,Pune,2017,0.4348,0.48,0.8,0.4,0.6,0.3,0.0,3,0.3333,1.0,14,1508.38,1489.89,18.49,-0.0452,0.4,0.3,-0.6667,0.5714,1,1,1,1
1082630,2017-05-02,Delhi Capitals,Sunrisers Hyderabad,Feroz Shah Kotla,Delhi,2017,0.4173,0.5634,0.0,0.8,0.3,0.7,0.3333,9,0.4,0.8,54,1415.43,1603.15,-187.72,-0.1461,-0.8,-0.4,-0.4,0.5556,1,1,1,1
1082631,2017-05-03,Kolkata Knight Riders,Rising Pune Supergiant,Eden Gardens,Kolkata,2017,0.5282,0.4583,0.6,0.8,0.7,0.6,1.0,3,0.6607,0.0,59,1584.75,1523.53,61.23,0.0698,-0.2,0.1,0.6607,0.6271,1,0,1,0
1082632,2017-05-04,Delhi Capitals,Gujarat Lions,Feroz Shah Kotla,Delhi,2017,0.4214,0.4615,0.2,0.4,0.3,0.3,0.5,2,0.4118,0.5,55,1439.32,1474.74,-35.42,-0.0401,-0.2,0.0,-0.0882,0.5636,1,1,1,1
1082633,2017-05-05,Royal Challengers Bangalore,Punjab Kings,M Chinnaswamy Stadium,Bangalore,2017,0.4898,0.4685,0.2,0.4,0.2,0.4,0.4211,19,0.5088,0.4444,59,1464.75,1443.28,21.47,0.0213,-0.2,-0.2,0.0643,0.5763,1,1,1,0
1082634,2017-05-06,Sunrisers Hyderabad,Rising Pune Supergiant,"Rajiv Gandhi International Stadium, Uppal",Hyderabad,2017,0.5556,0.48,0.6,0.8,0.6,0.6,0.3333,3,0.6786,1.0,46,1579.26,1542.32,36.95,0.0756,-0.2,0.0,-0.3214,0.6304,1,1,1,0
1082635,2017-05-06,Delhi Capitals,Mumbai Indians,Feroz Shah Kotla,Delhi,2017,0.4255,0.5867,0.4,0.8,0.4,0.8,0.4737,19,0.4231,0.25,56,1456.95,1629.89,-172.94,-0.1611,-0.4,-0.4,0.1731,0.5714,1,1,1,0
1082636,2017-05-07,Royal Challengers Bangalore,Kolkata Knight Riders,M Chinnaswamy Stadium,Bangalore,2017,0.4865,0.5245,0.0,0.6,0.2,0.6,0.4737,19,0.5,0.5,60,1447.77,1565.96,-118.2,-0.038,-0.6,-0.4,0.0,0.5667,1,0,1,0
1082637,2017-05-07,Punjab Kings,Gujarat Lions,"Punjab Cricket Association IS Bindra Stadium, Mohali",Chandigarh,2017,0.4722,0.4444,0.6,0.2,0.5,0.3,0.6667,3,0.3333,1.0,9,1460.27,1457.11,3.16,0.0278,0.4,0.2,-0.6667,0.5556,1,0,1,0
1082638,2017-05-08,Sunrisers Hyderabad,Mumbai Indians,"Rajiv Gandhi International Stadium, Uppal",Hyderabad,2017,0.5479,0.5894,0.4,0.8,0.5,0.9,0.4444,9,0.6552,0.6667,47,1561.57,1638.53,-76.96,-0.0415,-0.4,-0.4,-0.0115,0.617,1,0,0,1
1082639,2017-05-09,Punjab Kings,Kolkata Knight Riders,"Punjab Cricket Association IS Bindra Stadium, Mohali",Chandigarh,2017,0.469,0.5278,0.6,0.6,0.4,0.7,0.3,20,0.3,1.0,10,1444.12,1576.72,-132.6,-0.0588,0.0,-0.3,-0.7,0.6,1,0,1,1
1082640,2017-05-10,Gujarat Lions,Delhi Capitals,Green Park,Kanpur,2017,0.4643,0.4225,0.4,0.4,0.4,0.4,0.3333,3,1.0,0.5,2,1473.26,1448.31,24.94,0.0418,0.0,0.0,0.5,1.0,1,0,1,0
1082641,2017-05-11,Mumbai Indians,Punjab Kings,Wankhede Stadium,Mumbai,2017,0.5855,0.4726,0.6,0.6,0.8,0.4,0.5263,19,0.6667,0.5,55,1619.04,1465.95,153.09,0.1129,0.0,0.4,0.1667,0.5091,1,1,1,0
1082642,2017-05-12,Delhi Capitals,Rising Pune Supergiant,Feroz Shah Kotla,Delhi,2017,0.4266,0.5,0.6,0.8,0.4,0.7,0.3333,3,0.4151,1.0,57,1465.46,1560.01,-94.55,-0.0734,-0.2,-0.3,-0.5849,0.5614,1,1,0,1
1082643,2017-05-13,Gujarat Lions,Sunrisers Hyderabad,Green Park,Kanpur,2017,0.4483,0.5541,0.2,0.6,0.3,0.5,0.0,4,0.6667,0.5,3,1456.11,1581.05,-124.94,-0.1058,-0.4,-0.2,0.1667,1.0,1,0,1,0
1082644,2017-05-13,Kolkata Knight Riders,Mumbai Indians,Eden Gardens,Kolkata,2017,0.5241,0.5817,0.4,0.6,0.6,0.7,0.2632,19,0.6491,0.8,60,1554.9,1596.41,-41.52,-0.0576,-0.2,-0.1,-0.1509,0.6333,1,1,1,0
1082645,2017-05-14,Rising Pune Supergiant,Punjab Kings,Maharashtra Cricket Association Stadium,Pune,2017,0.4815,0.4762,0.8,0.8,0.7,0.5,0.3333,3,0.4,0.0,15,1539.76,1488.58,51.19,0.0053,0.0,0.2,0.4,0.6,1,1,1,1
1082646,2017-05-14,Delhi Capitals,Royal Challengers Bangalore,Feroz Shah Kotla,Delhi,2017,0.4306,0.4832,0.8,0.0,0.4,0.1,0.3529,17,0.4259,0.6667,58,1485.71,1437.01,48.7,-0.0527,0.8,0.3,-0.2407,0.5517,1,0,0,0
1082647,2017-05-16,Mumbai Indians,Rising Pune Supergiant,Wankhede Stadium,Mumbai,2017,0.5844,0.5,0.6,0.8,0.7,0.8,0.25,4,0.6538,1.0,56,1610.51,1553.42,57.09,0.0844,-0.2,-0.1,-0.3462,0.5,1,1,1,0
1082648,2017-05-17,Sunrisers Hyderabad,Kolkata Knight Riders,M Chinnaswamy Stadium,Bangalore,2017,0.56,0.5205,0.6,0.2,0.6,0.5,0.3636,11,0.4,0.5556,61,1591.54,1540.8,50.74,0.0395,0.4,0.1,-0.1556,0.5738,0,0,1,0
1082649,2017-05-19,Mumbai Indians,Kolkata Knight Riders,M Chinnaswamy Stadium,Bangalore,2017,0.5806,0.5238,0.4,0.4,0.6,0.5,0.75,20,0.7778,0.6,62,1591.9,1559.12,32.79,0.0568,0.0,0.1,0.1778,0.5806,0,1,1,1
1082650,2017-05-21,Mumbai Indians,Rising Pune Supergiant,"Rajiv Gandhi International Stadium, Uppal",Hyderabad,2017,0.5833,0.5172,0.4,0.8,0.6,0.8,0.2,5,0.5714,1.0,48,1606.4,1572.03,34.37,0.0661,-0.4,-0.2,-0.4286,0.625,0,1,0,1
1136561,2018-04-07,Mumbai Indians,Chennai Super Kings,Wankhede Stadium,Mumbai,2018,0.586,0.6031,0.6,0.4,0.6,0.4,0.5455,22,0.6415,0.4,57,1620.82,1585.55,35.27,-0.0171,0.2,0.2,0.2415,0.4912,1,0,1,0
1136562,2018-04-08,Delhi Capitals,Punjab Kings,Punjab Cricket Association IS Bindra Stadium,Chandigarh,2018,0.4276,0.473,0.6,0.6,0.4,0.5,0.45,20,0.5,0.5,0,1467.48,1474.92,-7.43,-0.0454,0.0,-0.1,0.0,0.5,-1,0,1,0
1136563,2018-04-08,Royal Challengers Bangalore,Kolkata Knight Riders,Eden Gardens,Kolkata,2018,0.4867,0.5203,0.2,0.4,0.2,0.5,0.45,20,0.375,0.6379,61,1455.24,1544.62,-89.39,-0.0336,-0.2,-0.3,-0.2629,0.623,-1,0,1,0
1136564,2018-04-09,Rajasthan Royals,Sunrisers Hyderabad,Rajiv Gandhi International Stadium,Hyderabad,2018,0.5385,0.5526,0.4,0.4,0.4,0.6,0.5714,7,0.5,0.5,0,1522.56,1573.22,-50.66,-0.0142,0.0,-0.2,0.0,0.5,-1,0,1,0
1136565,2018-04-10,Kolkata Knight Riders,Chennai Super Kings,MA Chidambaram Stadium,Chennai,2018,0.5235,0.6061,0.4,0.6,0.5,0.5,0.375,16,0.5,0.5,0,1556.6,1603.17,-46.58,-0.0826,-0.2,0.0,0.0,0.5,-1,0,1,0
1136566,2018-04-11,Rajasthan Royals,Delhi Capitals,Sawai Mansingh Stadium,Jaipur,2018,0.5339,0.4247,0.2,0.4,0.3,0.4,0.625,16,0.7273,0.25,33,1508.88,1451.82,57.05,0.1092,-0.2,-0.1,0.4773,0.697,1,0,1,1
1136567,2018-04-12,Mumbai Indians,Sunrisers Hyderabad,Rajiv Gandhi International Stadium,Hyderabad,2018,0.5823,0.5584,0.6,0.6,0.6,0.6,0.5,10,0.5,1.0,1,1603.2,1586.9,16.3,0.0238,0.0,0.0,-0.5,1.0,-1,0,1,0
1136568,2018-04-13,Punjab Kings,Royal Challengers Bangalore,M.Chinnaswamy Stadium,Bengaluru,2018,0.4765,0.4834,0.6,0.2,0.6,0.2,0.6,20,0.5,1.0,1,1490.57,1443.26,47.31,-0.0069,0.4,0.4,-0.5,0.0,-1,0,1,0
1136569,2018-04-14,Mumbai Indians,Delhi Capitals,Wankhede Stadium,Mumbai,2018,0.5786,0.4218,0.4,0.4,0.5,0.4,0.55,20,0.6296,0.1429,58,1586.45,1438.43,148.02,0.1568,0.0,0.1,0.4868,0.5,1,0,1,0
1136570,2018-04-14,Kolkata Knight Riders,Sunrisers Hyderabad,Eden Gardens,Kolkata,2018,0.52,0.5641,0.4,0.8,0.4,0.6,0.6667,12,0.6441,0.0,62,1542.73,1603.65,-60.92,-0.0441,-0.4,-0.2,0.6441,0.629,1,0,1,0
1136571,2018-04-15,Rajasthan Royals,Royal Challengers Bangalore,M.Chinnaswamy Stadium,Bengaluru,2018,0.5378,0.4868,0.4,0.4,0.3,0.3,0.4667,15,0.5,1.0,2,1522.27,1461.43,60.84,0.051,0.0,0.0,-0.5,0.5,-1,0,1,1
1136572,2018-04-15,Punjab Kings,Chennai Super Kings,Punjab Cricket Association IS Bindra Stadium,Chandigarh,2018,0.4733,0.609,0.6,0.6,0.6,0.6,0.4118,17,1.0,0.5,1,1472.41,1617.04,-144.63,-0.1357,0.0,0.0,0.5,1.0,1,0,1,1
1136573,2018-04-16,Kolkata Knight Riders,Delhi Capitals,Eden Gardens,Kolkata,2018,0.5166,0.4257,0.4,0.4,0.3,0.5,0.6316,19,0.6333,0.1429,63,1529.5,1460.86,68.64,0.0909,0.0,-0.2,0.4905,0.6349,1,0,1,1
1136574,2018-04-17,Mumbai Indians,Royal Challengers Bangalore,Wankhede Stadium,Mumbai,2018,0.575,0.4837,0.4,0.4,0.4,0.2,0.619,21,0.6182,0.375,59,1564.02,1448.2,115.82,0.0913,0.0,0.2,0.2432,0.5085,1,0,1,1
1136575,2018-04-18,Rajasthan Royals,Kolkata Knight Riders,Sawai Mansingh Stadium,Jaipur,2018,0.5417,0.5197,0.6,0.4,0.4,0.4,0.6,15,0.7353,0.25,34,1535.5,1542.38,-6.89,0.0219,0.2,0.0,0.4853,0.6765,1,0,1,0
1136576,2018-04-19,Punjab Kings,Sunrisers Hyderabad,Punjab Cricket Association IS Bindra Stadium,Chandigarh,2018,0.4768,0.5696,0.6,0.8,0.6,0.7,0.2,10,1.0,0.5,2,1494.71,1616.87,-122.16,-0.0928,-0.2,-0.1,0.5,0.5,1,1,0,1
1136577,2018-04-20,Chennai Super Kings,Rajasthan Royals,Maharashtra Cricket Association Stadium,Pune,2018,0.6045,0.5372,0.6,0.4,0.5,0.4,0.6471,17,0.5,0.5,16,1594.74,1519.82,74.92,0.0673,0.2,0.1,0.0,0.625,0,0,1,1
1136578,2018-04-21,Kolkata Knight Riders,Punjab Kings,Eden Gardens,Kolkata,2018,0.5229,0.4803,0.6,0.6,0.5,0.7,0.6667,21,0.6393,0.2222,64,1558.07,1516.11,41.95,0.0426,0.0,-0.2,0.4171,0.625,1,0,1,0
1136579,2018-04-21,Delhi Capitals,Royal Challengers Bangalore,M.Chinnaswamy Stadium,Bengaluru,2018,0.4228,0.4805,0.2,0.4,0.5,0.2,0.3333,18,0.0,0.6667,3,1447.98,1437.35,10.63,-0.0577,-0.2,0.3,-0.6667,0.3333,-1,0,1,0
1136580,2018-04-22,Chennai Super Kings,Sunrisers Hyderabad,Rajiv Gandhi International Stadium,Hyderabad,2018,0.6074,0.5625,0.6,0.6,0.6,0.6,0.6667,6,0.5,1.0,2,1607.34,1595.47,11.87,0.0449,0.0,0.0,-0.5,1.0,-1,0,1,1
1136581,2018-04-22,Mumbai Indians,Rajasthan Royals,Sawai Mansingh Stadium,Jaipur,2018,0.5776,0.5328,0.4,0.4,0.4,0.4,0.625,16,0.4,0.7143,35,1574.88,1507.21,67.66,0.0449,0.0,0.0,-0.3143,0.6857,-1,1,0,0
1136582,2018-04-23,Punjab Kings,Delhi Capitals,Arun Jaitley Stadium,Delhi,2018,0.4837,0.42,0.8,0.2,0.7,0.4,0.5714,21,0.5,0.5,0,1534.04,1431.49,102.55,0.0637,0.6,0.3,0.0,0.5,-1,0,1,1
1136583,2018-04-24,Sunrisers Hyderabad,Mumbai Indians,Wankhede Stadium,Mumbai,2018,0.5556,0.5741,0.6,0.2,0.5,0.4,0.5455,11,0.0,0.625,60,1580.01,1555.8,24.22,-0.0185,0.4,0.1,-0.625,0.5,-1,0,1,1
1136584,2018-04-25,Royal Challengers Bangalore,Chennai Super Kings,M.Chinnaswamy Stadium,Bengaluru,2018,0.4839,0.6103,0.4,0.8,0.3,0.6,0.3684,19,0.75,0.5,4,1453.84,1622.8,-168.96,-0.1264,-0.4,-0.3,0.25,0.5,1,0,1,0
1136585,2018-04-26,Sunrisers Hyderabad,Punjab Kings,Rajiv Gandhi International Stadium,Hyderabad,2018,0.561,0.487,0.6,0.8,0.6,0.7,0.7273,11,0.6667,0.5,3,1594.9,1545.45,49.45,0.074,-0.2,-0.1,0.1667,0.6667,1,0,1,1
1136586,2018-04-27,Delhi Capitals,Kolkata Knight Riders,Arun Jaitley Stadium,Delhi,2018,0.4172,0.5195,0.2,0.4,0.3,0.4,0.35,20,0.0,0.5,1,1420.08,1540.14,-120.06,-0.1023,-0.2,-0.1,-0.5,0.0,1,0,1,1
1136587,2018-04-28,Chennai Super Kings,Mumbai Indians,Maharashtra Cricket Association Stadium,Pune,2018,0.6131,0.5706,0.8,0.2,0.7,0.4,0.4783,23,1.0,0.5,17,1631.58,1540.91,90.66,0.0426,0.6,0.3,0.5,0.5882,0,0,1,0
1136588,2018-04-29,Sunrisers Hyderabad,Rajasthan Royals,Sawai Mansingh Stadium,Jaipur,2018,0.5663,0.5366,0.6,0.6,0.7,0.4,0.5,8,0.0,0.7222,36,1608.64,1526.29,82.35,0.0297,0.0,0.3,-0.7222,0.6944,-1,1,0,1
1136589,2018-04-29,Royal Challengers Bangalore,Kolkata Knight Riders,M.Chinnaswamy Stadium,Bengaluru,2018,0.4808,0.5161,0.4,0.4,0.3,0.4,0.4286,21,0.6,0.5,5,1445.06,1518.83,-73.77,-0.0354,0.0,-0.1,0.1,0.6,1,0,1,0
1136590,2018-04-30,Chennai Super Kings,Delhi Capitals,Maharashtra Cricket Association Stadium,Pune,2018,0.6087,0.4211,0.6,0.4,0.6,0.4,0.6875,16,0.5,1.0,18,1611.49,1441.4,170.09,0.1876,0.2,0.2,-0.5,0.6111,0,0,1,1
1136591,2018-05-01,Royal Challengers Bangalore,Mumbai Indians,M.Chinnaswamy Stadium,Bengaluru,2018,0.4777,0.5732,0.2,0.4,0.3,0.4,0.3636,22,0.5,0.5,6,1432.4,1561.0,-128.59,-0.0955,-0.2,-0.1,0.0,0.6667,1,0,1,1
1136592,2018-05-02,Delhi Capitals,Rajasthan Royals,Arun Jaitley Stadium,Delhi,2018,0.4183,0.5323,0.2,0.4,0.3,0.4,0.3529,17,0.5,0.5,2,1432.66,1514.01,-81.35,-0.114,-0.2,-0.1,0.0,0.0,1,0,1,1
1136593,2018-05-03,Chennai Super Kings,Kolkata Knight Riders,Eden Gardens,Kolkata,2018,0.6115,0.5192,0.8,0.6,0.7,0.5,0.6471,17,0.4444,0.629,65,1620.23,1531.48,88.75,0.0923,0.2,0.2,-0.1846,0.6308,-1,0,1,0
1136594,2018-05-04,Punjab Kings,Mumbai Indians,Holkar Cricket Stadium,Indore,2018,0.4839,0.5697,0.8,0.4,0.7,0.4,0.5,20,0.75,1.0,5,1531.71,1539.33,-7.62,-0.0858,0.4,0.3,-0.25,1.0,0,0,1,0
1136595,2018-05-05,Royal Challengers Bangalore,Chennai Super Kings,Maharashtra Cricket Association Stadium,Pune,2018,0.481,0.6071,0.4,0.6,0.4,0.6,0.35,20,0.6667,0.6667,19,1454.07,1600.23,-146.16,-0.1261,-0.2,-0.2,0.0,0.5789,0,0,1,0
1136596,2018-05-05,Delhi Capitals,Sunrisers Hyderabad,Rajiv Gandhi International Stadium,Hyderabad,2018,0.4221,0.5714,0.4,0.6,0.3,0.7,0.4,10,0.5,0.75,4,1452.34,1620.92,-168.57,-0.1494,-0.2,-0.4,-0.25,0.5,-1,1,0,0
1136597,2018-05-06,Mumbai Indians,Kolkata Knight Riders,Wankhede Stadium,Mumbai,2018,0.5723,0.5223,0.4,0.6,0.4,0.5,0.7619,21,0.614,0.1429,61,1554.98,1551.48,3.5,0.05,-0.2,-0.1,0.4712,0.4918,1,0,1,1
1136598,2018-05-06,Rajasthan Royals,Punjab Kings,Holkar Cricket Stadium,Indore,2018,0.528,0.4808,0.2,0.6,0.4,0.6,0.6,15,0.0,0.6,6,1494.33,1516.06,-21.73,0.0472,-0.4,-0.2,-0.6,1.0,0,0,1,0
1136599,2018-05-07,Sunrisers Hyderabad,Royal Challengers Bangalore,Rajiv Gandhi International Stadium,Hyderabad,2018,0.5765,0.478,0.8,0.4,0.7,0.4,0.6,10,0.8,0.5,5,1629.71,1444.43,185.28,0.0985,0.4,0.3,0.3,0.6,1,0,1,1
1136600,2018-05-08,Rajasthan Royals,Punjab Kings,Sawai Mansingh Stadium,Jaipur,2018,0.5238,0.4841,0.2,0.6,0.3,0.6,0.5625,16,0.7027,0.0,37,1479.33,1531.06,-51.73,0.0397,-0.4,-0.3,0.7027,0.6757,1,1,0,1
1136601,2018-05-09,Mumbai Indians,Kolkata Knight Riders,Eden Gardens,Kolkata,2018,0.5749,0.519,0.6,0.4,0.4,0.5,0.7727,22,0.8182,0.6349,66,1570.82,1535.64,35.18,0.0559,0.2,-0.1,0.1833,0.6364,-1,0,1,1
1136602,2018-05-10,Delhi Capitals,Sunrisers Hyderabad,Arun Jaitley Stadium,Delhi,2018,0.4194,0.5814,0.4,1.0,0.3,0.8,0.3636,11,0.6667,0.5,3,1443.55,1637.9,-194.36,-0.162,-0.6,-0.5,0.1667,0.0,1,1,0,0
1136603,2018-05-11,Chennai Super Kings,Rajasthan Royals,Sawai Mansingh Stadium,Jaipur,2018,0.6099,0.5276,0.6,0.4,0.7,0.4,0.6667,18,0.5,0.7105,38,1609.87,1497.7,112.17,0.0824,0.2,0.3,-0.2105,0.6579,-1,1,0,0
1136604,2018-05-12,Kolkata Knight Riders,Punjab Kings,Holkar Cricket Stadium,Indore,2018,0.5157,0.481,0.4,0.4,0.4,0.6,0.6364,22,0.5,0.6667,7,1521.25,1512.7,8.56,0.0347,0.0,-0.2,-0.1667,1.0,0,0,1,1
1136605,2018-05-12,Delhi Capitals,Royal Challengers Bangalore,Arun Jaitley Stadium,Delhi,2018,0.4167,0.475,0.4,0.2,0.3,0.3,0.3158,19,0.5,0.5,4,1435.67,1436.24,-0.57,-0.0583,0.2,0.0,0.0,0.25,1,0,1,0
1136606,2018-05-13,Sunrisers Hyderabad,Chennai Super Kings,Maharashtra Cricket Association Stadium,Pune,2018,0.5862,0.6056,1.0,0.4,0.8,0.6,0.2857,7,0.5,0.75,20,1645.78,1588.88,56.91,-0.0194,0.6,0.2,-0.25,0.6,0,0,1,0
1136607,2018-05-13,Mumbai Indians,Rajasthan Royals,Wankhede Stadium,Mumbai,2018,0.5774,0.5312,0.8,0.4,0.5,0.5,0.5882,17,0.6207,0.3333,62,1585.2,1518.69,66.51,0.0461,0.4,0.0,0.2874,0.4839,1,0,1,0
1136608,2018-05-14,Punjab Kings,Royal Challengers Bangalore,Holkar Cricket Stadium,Indore,2018,0.478,0.4783,0.2,0.4,0.5,0.4,0.5714,21,0.5714,0.0,8,1497.09,1452.21,44.88,-0.0003,-0.2,0.1,0.5714,0.875,0,0,1,0
1136609,2018-05-15,Rajasthan Royals,Kolkata Knight Riders,Eden Gardens,Kolkata,2018,0.5349,0.5188,0.6,0.6,0.5,0.5,0.5625,16,0.1667,0.625,67,1537.72,1536.86,0.86,0.0161,0.0,0.0,-0.4583,0.6269,-1,0,1,0
1136610,2018-05-16,Mumbai Indians,Punjab Kings,Wankhede Stadium,Mumbai,2018,0.574,0.475,0.6,0.2,0.5,0.5,0.5238,21,0.6102,0.5556,63,1566.18,1479.04,87.14,0.099,0.4,0.0,0.0546,0.4921,1,0,1,1
1136611,2018-05-17,Royal Challengers Bangalore,Sunrisers Hyderabad,M.Chinnaswamy Stadium,Bengaluru,2018,0.4815,0.5795,0.6,0.8,0.4,0.7,0.3636,11,0.5714,0.5,7,1470.27,1627.19,-156.92,-0.0981,-0.2,-0.3,0.0714,0.5714,1,0,1,1
1136612,2018-05-18,Delhi Capitals,Chennai Super Kings,Arun Jaitley Stadium,Delhi,2018,0.414,0.6084,0.2,0.6,0.3,0.6,0.2941,17,0.4,0.5,5,1419.69,1607.47,-187.78,-0.1944,-0.4,-0.3,-0.1,0.4,1,0,1,1
1136613,2018-05-19,Rajasthan Royals,Royal Challengers Bangalore,Sawai Mansingh Stadium,Jaipur,2018,0.5308,0.4847,0.6,0.6,0.4,0.5,0.5,16,0.7179,0.6,39,1521.68,1493.04,28.64,0.0461,0.0,-0.1,0.1179,0.6667,1,1,0,1
1136614,2018-05-19,Sunrisers Hyderabad,Kolkata Knight Riders,Rajiv Gandhi International Stadium,Hyderabad,2018,0.573,0.5217,0.6,0.6,0.6,0.6,0.3846,13,0.8333,0.5,6,1604.41,1552.9,51.51,0.0513,0.0,0.0,0.3333,0.5,1,1,0,0
1136615,2018-05-20,Delhi Capitals,Mumbai Indians,Arun Jaitley Stadium,Delhi,2018,0.4177,0.5765,0.4,0.8,0.3,0.6,0.4762,21,0.5,0.5,6,1443.59,1578.25,-134.66,-0.1587,-0.4,-0.3,0.0,0.3333,1,1,0,1
1136616,2018-05-20,Punjab Kings,Chennai Super Kings,Maharashtra Cricket Association Stadium,Pune,2018,0.472,0.6042,0.2,0.4,0.4,0.6,0.4444,18,0.0,0.8,21,1466.97,1583.58,-116.61,-0.1321,-0.2,-0.2,-0.8,0.619,0,0,1,0
1136617,2018-05-22,Sunrisers Hyderabad,Chennai Super Kings,Wankhede Stadium,Mumbai,2018,0.5667,0.6069,0.4,0.6,0.6,0.6,0.25,8,0.25,0.4545,64,1586.06,1594.4,-8.34,-0.0402,-0.2,0.0,-0.2045,0.4844,0,0,1,0
1136618,2018-05-23,Kolkata Knight Riders,Rajasthan Royals,Eden Gardens,Kolkata,2018,0.5247,0.5344,0.6,0.8,0.6,0.5,0.4706,17,0.6308,0.1429,68,1571.26,1536.36,34.89,-0.0097,-0.2,0.1,0.4879,0.6324,1,0,1,1
1136619,2018-05-25,Sunrisers Hyderabad,Kolkata Knight Riders,Eden Gardens,Kolkata,2018,0.5604,0.5276,0.2,0.8,0.6,0.6,0.3571,14,0.1667,0.6364,69,1570.44,1585.65,-15.21,0.0328,-0.6,0.0,-0.4697,0.6232,-1,0,1,1
1136620,2018-05-27,Sunrisers Hyderabad,Chennai Super Kings,Wankhede Stadium,Mumbai,2018,0.5652,0.6096,0.2,0.6,0.6,0.6,0.2222,9,0.2,0.5,65,1587.14,1610.02,-22.88,-0.0444,-0.4,0.0,-0.3,0.4923,0,0,1,0
1175356,2019-03-23,Royal Challengers Bangalore,Chennai Super Kings,MA Chidambaram Stadium,Chennai,2019,0.4817,0.6122,0.6,0.8,0.5,0.6,0.3333,21,0.5,1.0,1,1478.35,1624.97,-146.61,-0.1305,-0.2,-0.1,-0.5,1.0,-1,0,1,0
1175357,2019-03-24,Sunrisers Hyderabad,Kolkata Knight Riders,Eden Gardens,Kolkata,2019,0.5591,0.5244,0.2,0.8,0.5,0.6,0.4,15,0.2857,0.6269,70,1572.19,1568.95,3.24,0.0347,-0.6,-0.1,-0.3412,0.6143,-1,0,1,0
1175358,2019-03-24,Delhi Capitals,Mumbai Indians,Wankhede Stadium,Mumbai,2019,0.4214,0.5731,0.4,0.6,0.4,0.5,0.5,22,0.25,0.6167,66,1465.5,1556.34,-90.84,-0.1517,-0.2,-0.1,-0.3667,0.5,-1,0,1,1
1175359,2019-03-25,Punjab Kings,Rajasthan Royals,Sawai Mansingh Stadium,Jaipur,2019,0.4691,0.5303,0.0,0.6,0.3,0.5,0.4118,17,0.0,0.725,40,1456.14,1521.96,-65.82,-0.0612,-0.6,-0.2,-0.725,0.65,-1,0,1,1
1175360,2019-03-26,Delhi Capitals,Chennai Super Kings,Arun Jaitley Stadium,Delhi,2019,0.425,0.6149,0.6,0.8,0.5,0.7,0.3333,18,0.5714,0.0,7,1485.59,1634.59,-149.0,-0.1899,-0.2,-0.2,0.5714,0.2857,1,1,0,0
1175361,2019-03-27,Kolkata Knight Riders,Punjab Kings,Eden Gardens,Kolkata,2019,0.5273,0.4724,0.8,0.2,0.7,0.3,0.6522,23,0.6324,0.3,71,1585.1,1475.14,109.96,0.0549,0.6,0.4,0.3324,0.6197,1,0,1,1
1175362,2019-03-28,Mumbai Indians,Royal Challengers Bangalore,M.Chinnaswamy Stadium,Bengaluru,2019,0.5698,0.4788,0.4,0.6,0.5,0.4,0.6087,23,0.0,0.625,8,1536.25,1468.73,67.52,0.091,-0.2,0.1,-0.625,0.5,-1,0,1,1
1175363,2019-03-29,Rajasthan Royals,Sunrisers Hyderabad,Rajiv Gandhi International Stadium,Hyderabad,2019,0.5263,0.5532,0.4,0.2,0.4,0.4,0.4444,9,0.0,0.7143,7,1502.97,1556.05,-53.08,-0.0269,0.2,0.0,-0.7143,0.5714,-1,1,0,0
1175364,2019-03-30,Mumbai Indians,Punjab Kings,Punjab Cricket Association IS Bindra Stadium,Chandigarh,2019,0.5723,0.4695,0.4,0.2,0.6,0.2,0.5455,22,0.5,1.0,3,1549.18,1464.04,85.14,0.1027,0.2,0.4,-0.5,0.3333,-1,0,1,0
1175365,2019-03-30,Kolkata Knight Riders,Delhi Capitals,Arun Jaitley Stadium,Delhi,2019,0.5301,0.4224,0.8,0.6,0.7,0.5,0.619,21,0.0,0.5,8,1596.2,1476.06,120.14,0.1078,0.2,0.2,-0.5,0.375,-1,0,1,0
1175366,2019-03-31,Sunrisers Hyderabad,Royal Challengers Bangalore,Rajiv Gandhi International Stadium,Hyderabad,2019,0.5579,0.4759,0.4,0.4,0.4,0.4,0.5833,12,0.75,0.0,8,1569.62,1455.8,113.82,0.082,0.0,0.0,0.75,0.625,1,0,1,1
1175367,2019-03-31,Chennai Super Kings,Rajasthan Royals,MA Chidambaram Stadium,Chennai,2019,0.6174,0.5224,1.0,0.2,0.7,0.4,0.6316,19,1.0,0.5,2,1644.12,1489.39,154.73,0.0951,0.8,0.3,0.5,1.0,1,0,1,1
1175368,2019-04-01,Punjab Kings,Delhi Capitals,Punjab Cricket Association IS Bindra Stadium,Chandigarh,2019,0.4727,0.4259,0.4,0.8,0.3,0.5,0.5909,22,1.0,0.0,4,1483.88,1497.38,-13.5,0.0468,-0.4,-0.2,1.0,0.5,1,0,1,1
1175369,2019-04-02,Royal Challengers Bangalore,Rajasthan Royals,Sawai Mansingh Stadium,Jaipur,2019,0.4731,0.5185,0.2,0.2,0.4,0.4,0.4706,17,0.5,0.7073,41,1444.86,1480.08,-35.22,-0.0455,0.0,0.0,-0.2073,0.6341,-1,0,1,0
1175370,2019-04-03,Mumbai Indians,Chennai Super Kings,Wankhede Stadium,Mumbai,2019,0.569,0.62,0.4,1.0,0.5,0.8,0.5417,24,0.6066,0.5385,67,1529.33,1653.43,-124.1,-0.051,-0.6,-0.3,0.0681,0.4925,1,0,1,1
1175371,2019-04-04,Delhi Capitals,Sunrisers Hyderabad,Arun Jaitley Stadium,Delhi,2019,0.4233,0.5625,0.6,0.6,0.5,0.4,0.3333,12,0.5556,1.0,9,1480.76,1580.56,-99.8,-0.1392,0.0,0.1,-0.4444,0.4444,1,0,1,0
1175372,2019-04-05,Royal Challengers Bangalore,Kolkata Knight Riders,M.Chinnaswamy Stadium,Bengaluru,2019,0.4702,0.5269,0.0,0.6,0.3,0.6,0.4091,22,0.5556,1.0,9,1430.48,1574.88,-144.4,-0.0567,-0.6,-0.3,-0.4444,0.4444,1,0,1,0
1178393,2019-04-06,Chennai Super Kings,Punjab Kings,MA Chidambaram Stadium,Chennai,2019,0.6159,0.4759,0.8,0.6,0.7,0.4,0.5789,19,1.0,0.5,3,1631.95,1500.51,131.44,0.14,0.2,0.3,0.5,0.6667,1,1,0,1
1178394,2019-04-06,Mumbai Indians,Sunrisers Hyderabad,Rajiv Gandhi International Stadium,Hyderabad,2019,0.5714,0.567,0.4,0.6,0.6,0.4,0.4167,12,0.0,0.7778,9,1550.82,1592.08,-41.27,0.0044,-0.2,0.2,-0.7778,0.5556,-1,0,1,1
1178395,2019-04-07,Royal Challengers Bangalore,Delhi Capitals,M.Chinnaswamy Stadium,Bengaluru,2019,0.4675,0.4207,0.0,0.4,0.3,0.4,0.7,20,0.5,0.0,10,1420.77,1469.23,-48.46,0.0467,-0.4,-0.1,0.5,0.5,1,0,1,0
1178396,2019-04-07,Rajasthan Royals,Kolkata Knight Riders,Sawai Mansingh Stadium,Jaipur,2019,0.5221,0.5298,0.2,0.6,0.5,0.7,0.5,18,0.7143,0.4,42,1494.47,1584.59,-90.12,-0.0077,-0.4,-0.2,0.3143,0.6429,1,0,1,0
1178397,2019-04-08,Sunrisers Hyderabad,Punjab Kings,Punjab Cricket Association IS Bindra Stadium,Chandigarh,2019,0.5612,0.4731,0.6,0.6,0.4,0.3,0.75,12,0.0,1.0,5,1574.19,1490.29,83.91,0.0882,0.0,0.1,-1.0,0.4,-1,0,1,0
1178398,2019-04-09,Kolkata Knight Riders,Chennai Super Kings,MA Chidambaram Stadium,Chennai,2019,0.5325,0.6184,0.8,0.8,0.8,0.8,0.3889,18,0.0,1.0,4,1596.53,1642.17,-45.64,-0.0859,0.0,0.0,-1.0,0.5,-1,0,1,0
1178399,2019-04-10,Punjab Kings,Mumbai Indians,Wankhede Stadium,Mumbai,2019,0.4762,0.5739,0.6,0.6,0.4,0.6,0.4783,23,0.5,0.6129,68,1510.08,1568.71,-58.63,-0.0977,0.0,-0.2,-0.1129,0.4853,-1,0,1,0
1178400,2019-04-11,Rajasthan Royals,Chennai Super Kings,Sawai Mansingh Stadium,Jaipur,2019,0.5182,0.6209,0.2,0.8,0.4,0.8,0.35,20,0.6977,0.4,43,1482.53,1656.08,-173.55,-0.1027,-0.6,-0.4,0.2977,0.6512,1,0,1,0
1178401,2019-04-12,Kolkata Knight Riders,Delhi Capitals,Eden Gardens,Kolkata,2019,0.5294,0.4242,0.6,0.4,0.7,0.5,0.5909,22,0.6377,0.125,72,1582.62,1483.01,99.6,0.1052,0.2,0.2,0.5127,0.6111,1,0,1,0
1178402,2019-04-13,Mumbai Indians,Rajasthan Royals,Wankhede Stadium,Mumbai,2019,0.5763,0.5145,0.8,0.2,0.6,0.3,0.5556,18,0.619,0.4286,69,1582.03,1473.91,108.12,0.0618,0.6,0.3,0.1905,0.4928,1,0,1,0
1178403,2019-04-13,Punjab Kings,Royal Challengers Bangalore,Punjab Cricket Association IS Bindra Stadium,Chandigarh,2019,0.4734,0.4647,0.6,0.0,0.4,0.3,0.5455,22,1.0,0.5,6,1496.75,1406.99,89.76,0.0087,0.6,0.1,0.5,0.5,1,0,1,0
1178404,2019-04-14,Kolkata Knight Riders,Chennai Super Kings,Eden Gardens,Kolkata,2019,0.5263,0.6234,0.4,0.8,0.6,0.9,0.3684,19,0.6286,0.4,73,1562.15,1664.69,-102.54,-0.0971,-0.4,-0.3,0.2286,0.6164,1,0,1,0
1178405,2019-04-14,Delhi Capitals,Sunrisers Hyderabad,Rajiv Gandhi International Stadium,Hyderabad,2019,0.4277,0.5556,0.6,0.6,0.6,0.4,0.3077,13,0.0,0.7,10,1503.48,1554.4,-50.92,-0.1278,0.0,0.2,-0.7,0.5,-1,0,1,1
1178406,2019-04-15,Royal Challengers Bangalore,Mumbai Indians,Wankhede Stadium,Mumbai,2019,0.4678,0.573,0.2,0.6,0.3,0.5,0.375,24,0.3333,0.6094,70,1427.03,1561.21,-134.18,-0.1052,-0.4,-0.2,-0.276,0.5,-1,0,1,0
1178407,2019-04-16,Punjab Kings,Rajasthan Royals,Punjab Cricket Association IS Bindra Stadium,Chandigarh,2019,0.4706,0.518,0.4,0.4,0.4,0.3,0.4444,18,0.8571,0.5,7,1476.71,1494.74,-18.03,-0.0474,0.0,0.1,0.3571,0.5714,1,0,1,1
1178408,2019-04-17,Chennai Super Kings,Sunrisers Hyderabad,Rajiv Gandhi International Stadium,Hyderabad,2019,0.6258,0.55,0.8,0.4,0.9,0.4,0.8,10,1.0,0.6364,11,1676.1,1536.07,140.03,0.0758,0.4,0.5,0.3636,0.4545,-1,1,0,0
1178409,2019-04-18,Mumbai Indians,Delhi Capitals,Arun Jaitley Stadium,Delhi,2019,0.5754,0.4311,0.8,0.6,0.6,0.7,0.4783,23,0.0,0.5,10,1571.32,1521.81,49.51,0.1443,0.2,-0.1,-0.5,0.5,-1,1,0,1
1178410,2019-04-19,Royal Challengers Bangalore,Kolkata Knight Riders,Eden Gardens,Kolkata,2019,0.4651,0.5233,0.2,0.4,0.2,0.5,0.3913,23,0.3333,0.6197,74,1416.92,1550.74,-133.82,-0.0581,-0.2,-0.3,-0.2864,0.6216,-1,0,1,1
1178411,2019-04-20,Mumbai Indians,Rajasthan Royals,Sawai Mansingh Stadium,Jaipur,2019,0.5778,0.5143,0.8,0.4,0.6,0.3,0.5263,19,0.3333,0.6818,44,1585.05,1477.91,107.15,0.0635,0.4,0.3,-0.3485,0.6591,-1,0,1,0
1178412,2019-04-20,Punjab Kings,Delhi Capitals,Arun Jaitley Stadium,Delhi,2019,0.4737,0.4286,0.4,0.6,0.5,0.6,0.6087,23,1.0,0.4545,11,1493.54,1508.07,-14.54,0.0451,-0.2,-0.1,0.5455,0.4545,-1,0,1,0
1178413,2019-04-21,Kolkata Knight Riders,Sunrisers Hyderabad,Rajiv Gandhi International Stadium,Hyderabad,2019,0.5202,0.5545,0.2,0.4,0.4,0.5,0.625,16,1.0,0.6667,12,1528.87,1558.19,-29.33,-0.0342,-0.2,-0.1,0.3333,0.5,-1,0,1,0
1178414,2019-04-21,Royal Challengers Bangalore,Chennai Super Kings,M.Chinnaswamy Stadium,Bengaluru,2019,0.4682,0.6218,0.4,0.8,0.2,0.8,0.3182,22,0.4545,1.0,11,1438.8,1653.98,-215.18,-0.1536,-0.4,-0.6,-0.5455,0.5455,1,0,1,1
1178415,2019-04-22,Rajasthan Royals,Delhi Capitals,Sawai Mansingh Stadium,Jaipur,2019,0.5177,0.432,0.4,0.8,0.3,0.6,0.6111,18,0.6889,0.2,45,1498.69,1523.4,-24.71,0.0858,-0.4,-0.3,0.4889,0.6667,1,0,1,0
1178416,2019-04-23,Sunrisers Hyderabad,Chennai Super Kings,MA Chidambaram Stadium,Chennai,2019,0.5588,0.6178,0.4,0.6,0.5,0.7,0.2727,11,0.5,1.0,5,1572.85,1629.17,-56.32,-0.059,-0.2,-0.2,-0.5,0.6,-1,0,1,0
1178417,2019-04-24,Royal Challengers Bangalore,Punjab Kings,M.Chinnaswamy Stadium,Bengaluru,2019,0.4713,0.4709,0.6,0.4,0.3,0.5,0.4783,23,0.5,0.0,12,1463.61,1478.21,-14.6,0.0003,0.2,-0.2,0.5,0.5,1,0,1,1
1178418,2019-04-25,Kolkata Knight Riders,Rajasthan Royals,Eden Gardens,Kolkata,2019,0.5172,0.5141,0.0,0.4,0.4,0.3,0.5263,19,0.6111,0.125,75,1514.21,1483.83,30.39,0.0032,-0.4,0.1,0.4861,0.6133,1,0,1,0
1178419,2019-04-26,Mumbai Indians,Chennai Super Kings,MA Chidambaram Stadium,Chennai,2019,0.5746,0.6203,0.6,0.6,0.6,0.7,0.56,25,0.5,1.0,6,1564.27,1642.6,-78.33,-0.0457,0.0,-0.1,-0.5,0.6667,-1,0,1,1
1178420,2019-04-27,Sunrisers Hyderabad,Rajasthan Royals,Sawai Mansingh Stadium,Jaipur,2019,0.5534,0.5175,0.4,0.6,0.5,0.4,0.6,10,0.5,0.6739,46,1559.42,1501.22,58.19,0.0359,-0.2,0.1,-0.1739,0.6739,-1,0,1,0
1178421,2019-04-28,Delhi Capitals,Royal Challengers Bangalore,Arun Jaitley Stadium,Delhi,2019,0.4353,0.4743,0.8,0.8,0.6,0.4,0.3333,21,0.5,1.0,12,1538.27,1480.28,57.99,-0.039,0.0,0.2,-0.5,0.5,1,1,0,1
1178422,2019-04-28,Kolkata Knight Riders,Mumbai Indians,Eden Gardens,Kolkata,2019,0.5143,0.5769,0.0,0.6,0.3,0.7,0.2174,23,0.6027,0.8333,76,1496.82,1583.82,-87.0,-0.0626,-0.6,-0.4,-0.2306,0.6184,1,0,1,1
1178423,2019-04-29,Sunrisers Hyderabad,Punjab Kings,Rajiv Gandhi International Stadium,Hyderabad,2019,0.5481,0.4682,0.4,0.2,0.5,0.4,0.6923,13,0.6923,0.0,13,1540.76,1461.53,79.23,0.0799,0.2,0.1,0.6923,0.5385,1,0,1,1
1178425,2019-05-01,Chennai Super Kings,Delhi Capitals,MA Chidambaram Stadium,Chennai,2019,0.6164,0.4386,0.4,0.8,0.6,0.7,0.6842,19,0.8571,0.5,7,1623.05,1551.62,71.43,0.1778,-0.4,-0.1,0.3571,0.5714,1,0,1,1
1178426,2019-05-02,Mumbai Indians,Sunrisers Hyderabad,Wankhede Stadium,Mumbai,2019,0.5738,0.5524,0.6,0.6,0.6,0.5,0.4615,13,0.6154,0.1667,71,1563.89,1553.18,10.72,0.0214,0.0,0.1,0.4487,0.507,1,1,0,1
1178427,2019-05-03,Punjab Kings,Kolkata Knight Riders,Punjab Cricket Association IS Bindra Stadium,Chandigarh,2019,0.4655,0.517,0.2,0.2,0.4,0.3,0.3333,24,0.875,0.5,8,1449.12,1516.74,-67.62,-0.0515,0.0,0.1,0.375,0.5,1,0,1,0
1178428,2019-05-04,Rajasthan Royals,Delhi Capitals,Arun Jaitley Stadium,Delhi,2019,0.5208,0.436,0.6,0.6,0.5,0.6,0.5789,19,0.0,0.5385,13,1519.88,1538.87,-18.99,0.0848,0.0,-0.1,-0.5385,0.4615,-1,1,0,0
1178429,2019-05-04,Sunrisers Hyderabad,Royal Challengers Bangalore,M.Chinnaswamy Stadium,Bengaluru,2019,0.5472,0.4716,0.4,0.6,0.4,0.4,0.6154,13,0.0,0.5385,13,1537.67,1466.93,70.74,0.0756,-0.2,0.0,-0.5385,0.4615,-1,0,1,0
1178430,2019-05-05,Chennai Super Kings,Punjab Kings,Punjab Cricket Association IS Bindra Stadium,Chandigarh,2019,0.6188,0.4629,0.4,0.2,0.6,0.3,0.6,20,0.0,0.7778,9,1635.81,1436.2,199.61,0.1559,0.2,0.3,-0.7778,0.5556,-1,0,1,0
1178431,2019-05-05,Kolkata Knight Riders,Mumbai Indians,Wankhede Stadium,Mumbai,2019,0.5198,0.5761,0.4,0.6,0.4,0.7,0.25,24,0.125,0.6212,72,1529.67,1579.4,-49.73,-0.0563,-0.2,-0.3,-0.4962,0.5,-1,0,1,0
1181764,2019-05-07,Chennai Super Kings,Mumbai Indians,MA Chidambaram Stadium,Chennai,2019,0.6149,0.5784,0.4,0.6,0.6,0.7,0.4231,26,0.875,1.0,8,1611.51,1593.13,18.38,0.0365,-0.2,-0.1,-0.125,0.5,1,1,0,0
1181766,2019-05-08,Sunrisers Hyderabad,Delhi Capitals,Dr. Y.S. Rajasekhara Reddy ACA-VDCA Cricket Stadium,Visakhapatnam,2019,0.5421,0.4393,0.2,0.8,0.3,0.7,0.6429,14,0.6,0.3333,11,1518.46,1553.99,-35.54,0.1027,-0.6,-0.4,0.2667,0.4545,0,0,1,0
1181767,2019-05-10,Delhi Capitals,Chennai Super Kings,Dr. Y.S. Rajasekhara Reddy ACA-VDCA Cricket Stadium,Visakhapatnam,2019,0.4425,0.6111,0.8,0.4,0.8,0.5,0.3,20,0.5,1.0,12,1568.36,1594.66,-26.3,-0.1686,0.4,0.3,-0.5,0.5,0,0,1,0
1181768,2019-05-12,Mumbai Indians,Chennai Super Kings,Rajiv Gandhi International Stadium,Hyderabad,2019,0.5806,0.6135,0.8,0.4,0.7,0.5,0.5926,27,0.5,0.5,14,1609.97,1609.45,0.52,-0.0329,0.4,0.2,0.0,0.5,0,1,0,1
1216492,2020-09-19,Mumbai Indians,Chennai Super Kings,Sheikh Zayed Stadium,Abu Dhabi,2020/21,0.5829,0.6098,0.8,0.4,0.7,0.4,0.6071,28,0.0,0.5,7,1625.95,1593.48,32.47,-0.0269,0.4,0.3,-0.5,0.4286,0,0,1,0
1216493,2020-09-20,Delhi Capitals,Punjab Kings,Dubai International Cricket Stadium,Dubai,2020/21,0.44,0.4659,0.6,0.2,0.7,0.3,0.4167,24,0.5,1.0,7,1553.57,1460.49,93.08,-0.0259,0.4,0.4,-0.5,0.5714,0,0,1,1
1216534,2020-09-21,Royal Challengers Bangalore,Sunrisers Hyderabad,Dubai International Cricket Stadium,Dubai,2020/21,0.4746,0.537,0.8,0.2,0.5,0.3,0.4286,14,0.5,1.0,8,1486.14,1504.09,-17.95,-0.0625,0.6,0.2,-0.5,0.5,0,0,1,1
1216496,2020-09-22,Rajasthan Royals,Chennai Super Kings,Sharjah Cricket Stadium,Sharjah,2020/21,0.5172,0.6121,0.6,0.4,0.5,0.4,0.3333,21,0.0,1.0,6,1504.75,1610.97,-106.22,-0.0949,0.2,0.1,-1.0,0.6667,0,0,1,1
1216508,2020-09-23,Mumbai Indians,Kolkata Knight Riders,Sheikh Zayed Stadium,Abu Dhabi,2020/21,0.5798,0.5169,0.8,0.4,0.7,0.3,0.76,25,0.0,0.3333,8,1608.46,1515.94,92.51,0.0629,0.4,0.4,-0.3333,0.5,0,0,1,1
1216510,2020-09-24,Punjab Kings,Royal Challengers Bangalore,Dubai International Cricket Stadium,Dubai,2020/21,0.4633,0.4775,0.2,0.8,0.3,0.6,0.5,24,0.5,0.6667,9,1448.68,1502.96,-54.28,-0.0143,-0.6,-0.3,-0.1667,0.4444,0,0,1,1
1216539,2020-09-25,Delhi Capitals,Chennai Super Kings,Dubai International Cricket Stadium,Dubai,2020/21,0.4432,0.6084,0.6,0.4,0.7,0.4,0.2857,21,0.6667,1.0,10,1565.38,1590.22,-24.84,-0.1653,0.2,0.3,-0.3333,0.4,0,0,1,1
1216545,2020-09-26,Sunrisers Hyderabad,Kolkata Knight Riders,Sheikh Zayed Stadium,Abu Dhabi,2020/21,0.5321,0.514,0.2,0.4,0.3,0.2,0.4118,17,0.0,0.25,9,1487.26,1504.11,-16.84,0.0181,-0.2,0.1,-0.25,0.4444,0,1,0,0
1216527,2020-09-27,Punjab Kings,Rajasthan Royals,Sharjah Cricket Stadium,Sharjah,2020/21,0.4663,0.5205,0.4,0.6,0.3,0.5,0.4737,19,1.0,0.5,7,1467.16,1525.5,-58.34,-0.0543,-0.2,-0.2,0.5,0.5714,0,0,1,0
1216547,2020-09-28,Royal Challengers Bangalore,Mumbai Indians,Dubai International Cricket Stadium,Dubai,2020/21,0.4749,0.582,0.6,0.8,0.6,0.7,0.36,25,0.5,0.0,11,1484.49,1620.29,-135.81,-0.1072,-0.2,-0.1,0.5,0.3636,0,0,1,1
1216532,2020-09-29,Sunrisers Hyderabad,Delhi Capitals,Sheikh Zayed Stadium,Abu Dhabi,2020/21,0.5273,0.4463,0.0,0.8,0.3,0.7,0.6,15,0.0,0.0,10,1472.04,1582.53,-110.49,0.0809,-0.8,-0.4,0.0,0.5,0,0,1,1
1216504,2020-09-30,Kolkata Knight Riders,Rajasthan Royals,Dubai International Cricket Stadium,Dubai,2020/21,0.5167,0.5238,0.6,0.8,0.3,0.6,0.5,20,0.0,0.0,12,1519.33,1538.84,-19.51,-0.0071,-0.2,-0.3,0.0,0.3333,0,0,1,1
1216503,2020-10-01,Mumbai Indians,Punjab Kings,Sheikh Zayed Stadium,Abu Dhabi,2020/21,0.5789,0.4637,0.6,0.4,0.6,0.3,0.5417,24,0.3333,1.0,11,1598.34,1453.82,144.52,0.1153,0.2,0.3,-0.6667,0.4545,0,0,1,1
1216516,2020-10-02,Sunrisers Hyderabad,Chennai Super Kings,Dubai International Cricket Stadium,Dubai,2020/21,0.5315,0.6048,0.2,0.4,0.3,0.4,0.25,12,0.6667,0.6667,13,1492.96,1573.08,-80.12,-0.0733,-0.2,-0.1,0.0,0.3077,0,1,0,1
1216514,2020-10-03,Rajasthan Royals,Royal Challengers Bangalore,Sheikh Zayed Stadium,Abu Dhabi,2020/21,0.5203,0.4778,0.6,0.6,0.6,0.7,0.5556,18,1.0,0.0,12,1521.94,1506.44,15.5,0.0425,0.0,-0.1,1.0,0.4167,0,1,0,0
1216515,2020-10-03,Delhi Capitals,Kolkata Knight Riders,Sharjah Cricket Stadium,Sharjah,2020/21,0.4438,0.5193,0.6,0.6,0.7,0.4,0.4348,23,0.5,1.0,8,1561.6,1536.23,25.38,-0.0755,0.0,0.3,-0.5,0.625,0,0,1,1
1216513,2020-10-04,Punjab Kings,Chennai Super Kings,Dubai International Cricket Stadium,Dubai,2020/21,0.4611,0.6012,0.4,0.2,0.3,0.3,0.4286,21,0.6667,0.5,14,1444.12,1553.46,-109.34,-0.1401,0.2,0.0,0.1667,0.2857,0,1,0,0
1216538,2020-10-04,Mumbai Indians,Sunrisers Hyderabad,Sharjah Cricket Stadium,Sharjah,2020/21,0.5812,0.5357,0.6,0.4,0.7,0.3,0.5,14,0.0,0.0,9,1608.04,1512.59,95.46,0.0454,0.2,0.4,0.0,0.5556,0,1,0,1
1216519,2020-10-05,Delhi Capitals,Royal Challengers Bangalore,Dubai International Cricket Stadium,Dubai,2020/21,0.4469,0.4807,0.6,0.8,0.7,0.7,0.3636,22,0.75,0.6,15,1576.44,1523.15,53.28,-0.0337,-0.2,0.0,0.15,0.3333,0,0,1,1
1216511,2020-10-06,Mumbai Indians,Rajasthan Royals,Sheikh Zayed Stadium,Abu Dhabi,2020/21,0.5833,0.5168,0.6,0.4,0.7,0.5,0.5,20,0.5,0.75,13,1619.75,1505.22,114.53,0.0666,0.2,0.2,-0.25,0.4615,0,1,0,1
1216501,2020-10-07,Kolkata Knight Riders,Chennai Super Kings,Sheikh Zayed Stadium,Abu Dhabi,2020/21,0.5165,0.6036,0.4,0.4,0.4,0.4,0.35,20,0.4,0.6667,14,1521.39,1564.58,-43.19,-0.0871,0.0,0.0,-0.2667,0.4286,0,1,0,1
1216542,2020-10-08,Sunrisers Hyderabad,Punjab Kings,Dubai International Cricket Stadium,Dubai,2020/21,0.531,0.4586,0.4,0.2,0.3,0.2,0.7143,14,0.75,0.5,16,1500.87,1432.99,67.88,0.0724,0.2,0.1,0.25,0.3125,0,1,0,1
1216500,2020-10-09,Delhi Capitals,Rajasthan Royals,Sharjah Cricket Stadium,Sharjah,2020/21,0.45,0.5133,0.8,0.4,0.7,0.5,0.45,20,0.6667,0.6667,10,1590.0,1494.32,95.69,-0.0633,0.4,0.2,0.0,0.5,0,0,1,1
1216523,2020-10-10,Kolkata Knight Riders,Punjab Kings,Sheikh Zayed Stadium,Abu Dhabi,2020/21,0.5191,0.456,0.6,0.2,0.5,0.2,0.68,25,0.5,0.6667,15,1539.37,1420.08,119.29,0.0631,0.4,0.3,-0.1667,0.4,0,1,0,1
1216525,2020-10-10,Royal Challengers Bangalore,Chennai Super Kings,Dubai International Cricket Stadium,Dubai,2020/21,0.478,0.6,0.6,0.2,0.7,0.3,0.3478,23,0.5,0.6,17,1509.59,1546.6,-37.01,-0.122,0.4,0.4,-0.1,0.2941,0,1,0,1
1216507,2020-10-11,Sunrisers Hyderabad,Rajasthan Royals,Dubai International Cricket Stadium,Dubai,2020/21,0.5351,0.5099,0.6,0.2,0.4,0.4,0.5455,11,0.8,0.0,18,1513.79,1482.61,31.17,0.0252,0.4,0.0,0.8,0.2778,0,1,0,0
1216529,2020-10-11,Delhi Capitals,Mumbai Indians,Sheikh Zayed Stadium,Abu Dhabi,2020/21,0.453,0.5855,0.8,0.8,0.7,0.8,0.5,24,0.0,0.6,16,1601.7,1630.66,-28.96,-0.1325,0.0,-0.1,-0.6,0.375,0,1,0,0
1216540,2020-10-12,Royal Challengers Bangalore,Kolkata Knight Riders,Sharjah Cricket Stadium,Sharjah,2020/21,0.4809,0.5217,0.6,0.8,0.7,0.6,0.4167,24,0.5,0.5,11,1527.29,1550.08,-22.8,-0.0409,-0.2,0.1,0.0,0.4545,0,1,0,1
1216528,2020-10-13,Chennai Super Kings,Sunrisers Hyderabad,Dubai International Cricket Stadium,Dubai,2020/21,0.5965,0.5304,0.2,0.6,0.3,0.3,0.6923,13,0.5,0.6667,19,1528.9,1496.36,32.55,0.0661,-0.4,0.0,-0.1667,0.3158,0,1,0,1
1216543,2020-10-14,Delhi Capitals,Rajasthan Royals,Dubai International Cricket Stadium,Dubai,2020/21,0.4505,0.5132,0.6,0.2,0.7,0.5,0.4762,21,0.8,0.3333,20,1587.03,1500.05,86.99,-0.0626,0.4,0.2,0.4667,0.3,0,1,0,1
1216531,2020-10-15,Royal Challengers Bangalore,Punjab Kings,Sharjah Cricket Stadium,Sharjah,2020/21,0.4837,0.4536,0.8,0.0,0.7,0.2,0.48,25,0.6667,0.6667,12,1544.33,1409.37,134.97,0.0301,0.8,0.5,0.0,0.4167,0,1,0,0
1216526,2020-10-16,Kolkata Knight Riders,Mumbai Indians,Sheikh Zayed Stadium,Abu Dhabi,2020/21,0.5189,0.5876,0.6,0.8,0.6,0.8,0.2308,26,0.5714,0.6667,17,1533.04,1645.33,-112.3,-0.0687,-0.2,-0.2,-0.0952,0.4118,0,1,0,0
1216509,2020-10-17,Chennai Super Kings,Delhi Capitals,Sharjah Cricket Stadium,Sharjah,2020/21,0.5988,0.4536,0.4,0.8,0.4,0.7,0.6818,22,0.5,0.75,13,1543.41,1599.11,-55.7,0.1453,-0.4,-0.3,-0.25,0.4615,0,1,0,0
1216522,2020-10-17,Rajasthan Royals,Royal Challengers Bangalore,Dubai International Cricket Stadium,Dubai,2020/21,0.5098,0.4811,0.2,0.6,0.4,0.6,0.5263,19,0.25,0.5714,21,1487.97,1522.41,-34.44,0.0287,-0.4,-0.2,-0.3214,0.2857,0,1,0,0
1216512,2020-10-18,Kolkata Knight Riders,Sunrisers Hyderabad,Sheikh Zayed Stadium,Abu Dhabi,2020/21,0.5161,0.5259,0.4,0.4,0.5,0.3,0.6111,18,0.5,0.3333,18,1522.04,1481.85,40.19,-0.0097,0.0,0.2,0.1667,0.4444,0,0,1,1
1216517,2020-10-18,Mumbai Indians,Punjab Kings,Dubai International Cricket Stadium,Dubai,2020/21,0.5897,0.4565,1.0,0.2,0.8,0.3,0.56,25,0.0,0.4,22,1656.33,1431.29,225.05,0.1332,0.8,0.5,-0.4,0.3182,0,1,0,0
1216533,2020-10-19,Chennai Super Kings,Rajasthan Royals,Sheikh Zayed Stadium,Abu Dhabi,2020/21,0.5954,0.5065,0.4,0.2,0.3,0.3,0.6364,22,0.5,0.6,19,1529.95,1473.55,56.4,0.0889,0.2,0.0,-0.1,0.4211,0,1,0,0
1216546,2020-10-20,Delhi Capitals,Punjab Kings,Dubai International Cricket Stadium,Dubai,2020/21,0.4565,0.4595,0.8,0.4,0.7,0.4,0.44,25,0.8333,0.5,23,1612.57,1456.41,156.15,-0.0029,0.4,0.3,0.3333,0.3478,0,1,0,0
1216494,2020-10-21,Kolkata Knight Riders,Royal Challengers Bangalore,Sheikh Zayed Stadium,Abu Dhabi,2020/21,0.5187,0.4839,0.6,0.6,0.5,0.7,0.56,25,0.5556,0.5,20,1536.19,1536.83,-0.64,0.0348,0.0,-0.2,0.0556,0.45,0,1,0,0
1216518,2020-10-22,Rajasthan Royals,Sunrisers Hyderabad,Dubai International Cricket Stadium,Dubai,2020/21,0.5097,0.5214,0.4,0.2,0.4,0.3,0.5,12,0.2,0.5714,24,1492.13,1467.69,24.43,-0.0117,0.2,0.1,-0.3714,0.375,0,0,1,0
1216521,2020-10-23,Chennai Super Kings,Mumbai Indians,Sharjah Cricket Stadium,Sharjah,2020/21,0.592,0.5867,0.2,0.8,0.3,0.7,0.4138,29,0.3333,0.5,14,1511.38,1631.21,-119.83,0.0052,-0.6,-0.4,-0.1667,0.5,0,0,1,0
1216497,2020-10-24,Kolkata Knight Riders,Delhi Capitals,Sheikh Zayed Stadium,Abu Dhabi,2020/21,0.516,0.4541,0.4,0.6,0.5,0.7,0.5417,24,0.5,0.0,21,1520.22,1589.82,-69.6,0.0619,-0.2,-0.2,0.5,0.4762,0,0,1,1
1216498,2020-10-24,Punjab Kings,Sunrisers Hyderabad,Dubai International Cricket Stadium,Dubai,2020/21,0.4624,0.5254,0.6,0.4,0.4,0.4,0.2667,15,0.5714,0.625,25,1479.15,1484.82,-5.66,-0.0631,0.2,0.0,-0.0536,0.4,0,0,1,1
1216541,2020-10-25,Mumbai Indians,Rajasthan Royals,Sheikh Zayed Stadium,Abu Dhabi,2020/21,0.5888,0.5064,0.8,0.4,0.7,0.3,0.5238,21,0.7143,0.6667,22,1641.9,1475.0,166.9,0.0824,0.4,0.4,0.0476,0.4545,0,1,0,0
1216544,2020-10-25,Royal Challengers Bangalore,Chennai Super Kings,Dubai International Cricket Stadium,Dubai,2020/21,0.4866,0.5886,0.8,0.2,0.7,0.2,0.375,24,0.625,0.5714,26,1552.8,1500.69,52.12,-0.1019,0.6,0.5,0.0536,0.3846,0,1,0,0
1216520,2020-10-26,Kolkata Knight Riders,Punjab Kings,Sharjah Cricket Stadium,Sharjah,2020/21,0.5185,0.4652,0.4,0.8,0.6,0.5,0.6923,26,0.3333,0.75,15,1539.39,1495.41,43.97,0.0533,-0.4,0.1,-0.4167,0.5333,0,0,1,0
1216524,2020-10-27,Sunrisers Hyderabad,Delhi Capitals,Dubai International Cricket Stadium,Dubai,2020/21,0.521,0.4516,0.2,0.4,0.4,0.6,0.625,16,0.5556,0.7143,27,1468.56,1570.66,-102.1,0.0694,-0.2,-0.2,-0.1587,0.4074,0,0,1,1
1216499,2020-10-28,Royal Challengers Bangalore,Mumbai Indians,Sheikh Zayed Stadium,Abu Dhabi,2020/21,0.484,0.5859,0.6,0.6,0.6,0.7,0.3846,26,0.6667,0.625,23,1534.42,1618.76,-84.34,-0.1018,0.0,-0.1,0.0417,0.4783,0,0,1,0
1216536,2020-10-29,Kolkata Knight Riders,Chennai Super Kings,Dubai International Cricket Stadium,Dubai,2020/21,0.5158,0.5909,0.4,0.4,0.5,0.3,0.381,21,0.5,0.625,28,1521.37,1519.07,2.3,-0.0751,0.0,0.2,-0.125,0.3929,0,0,1,0
1216537,2020-10-30,Punjab Kings,Rajasthan Royals,Sheikh Zayed Stadium,Abu Dhabi,2020/21,0.4681,0.5096,1.0,0.4,0.5,0.3,0.45,20,0.5,0.7143,24,1513.43,1498.15,15.28,-0.0415,0.6,0.2,-0.2143,0.5,0,0,1,0
1216502,2020-10-31,Royal Challengers Bangalore,Sunrisers Hyderabad,Sharjah Cricket Stadium,Sharjah,2020/21,0.4815,0.525,0.4,0.4,0.6,0.5,0.4667,15,0.5,0.0,16,1522.23,1489.13,33.1,-0.0435,0.0,0.1,0.5,0.5625,0,0,1,0
1216535,2020-10-31,Delhi Capitals,Mumbai Indians,Dubai International Cricket Stadium,Dubai,2020/21,0.4492,0.5879,0.4,0.6,0.5,0.7,0.48,25,0.625,0.0,29,1550.09,1630.95,-80.86,-0.1387,-0.2,-0.2,0.625,0.4138,0,0,1,0
1216506,2020-11-01,Punjab Kings,Chennai Super Kings,Sheikh Zayed Stadium,Abu Dhabi,2020/21,0.4656,0.5932,0.8,0.4,0.5,0.4,0.4091,22,0.4,0.4,25,1496.73,1535.18,-38.45,-0.1276,0.4,0.1,0.0,0.52,0,0,1,0
1216530,2020-11-01,Kolkata Knight Riders,Rajasthan Royals,Dubai International Cricket Stadium,Dubai,2020/21,0.5131,0.5127,0.4,0.6,0.4,0.4,0.5238,21,0.3333,0.1667,30,1505.27,1514.85,-9.59,0.0004,-0.2,0.0,0.1667,0.4333,0,0,1,1
1216505,2020-11-02,Royal Challengers Bangalore,Delhi Capitals,Sheikh Zayed Stadium,Abu Dhabi,2020/21,0.4789,0.4468,0.4,0.2,0.5,0.5,0.6087,23,0.5,0.0,26,1504.71,1537.75,-33.04,0.0321,0.2,0.0,0.5,0.5385,0,0,1,0
1216495,2020-11-03,Mumbai Indians,Sunrisers Hyderabad,Sharjah Cricket Stadium,Sharjah,2020/21,0.59,0.5289,0.6,0.6,0.8,0.5,0.5333,15,0.6667,0.25,17,1643.29,1506.65,136.64,0.0611,0.0,0.3,0.4167,0.5882,0,0,1,0
1237177,2020-11-05,Mumbai Indians,Delhi Capitals,Dubai International Cricket Stadium,Dubai,2020/21,0.5871,0.4497,0.6,0.2,0.7,0.5,0.5385,26,0.1667,0.5556,31,1621.3,1552.23,69.07,0.1373,0.4,0.2,-0.3889,0.4194,0,0,1,1
1237178,2020-11-06,Royal Challengers Bangalore,Sunrisers Hyderabad,Sheikh Zayed Stadium,Abu Dhabi,2020/21,0.4764,0.5328,0.2,0.8,0.4,0.5,0.4375,16,0.4,0.25,27,1490.23,1528.63,-38.41,-0.0563,-0.6,-0.1,0.15,0.5556,0,0,1,0
1237180,2020-11-08,Delhi Capitals,Sunrisers Hyderabad,Sheikh Zayed Stadium,Abu Dhabi,2020/21,0.4474,0.5366,0.2,0.8,0.4,0.6,0.3529,17,0.2,0.4,28,1539.37,1542.87,-3.5,-0.0892,-0.6,-0.2,-0.2,0.5714,0,1,0,1
1237181,2020-11-10,Delhi Capitals,Mumbai Indians,Dubai International Cricket Stadium,Dubai,2020/21,0.4503,0.5891,0.4,0.6,0.4,0.7,0.4444,27,0.5,0.2857,32,1555.53,1634.16,-78.63,-0.1388,-0.2,-0.3,0.2143,0.4062,0,1,0,0
1254058,2021-04-09,Mumbai Indians,Royal Challengers Bangalore,"MA Chidambaram Stadium, Chepauk, Chennai",Chennai,2021,0.5911,0.474,0.8,0.0,0.7,0.4,0.6296,27,0.5,0.5,0,1646.6,1475.99,170.61,0.1172,0.8,0.3,0.0,0.5,0,0,1,0
1254059,2021-04-10,Chennai Super Kings,Delhi Capitals,"Wankhede Stadium, Mumbai",Mumbai,2021,0.5955,0.4479,0.6,0.4,0.5,0.4,0.6522,23,0.5,0.5,0,1549.41,1543.09,6.32,0.1476,0.2,0.1,0.0,0.5,0,0,1,0
1254060,2021-04-11,Kolkata Knight Riders,Sunrisers Hyderabad,"MA Chidambaram Stadium, Chepauk, Chennai",Chennai,2021,0.5156,0.5323,0.4,0.8,0.5,0.5,0.6316,19,0.5,0.5,1,1521.71,1526.71,-5.0,-0.0166,-0.4,0.0,0.0,1.0,0,0,1,1
1254061,2021-04-12,Punjab Kings,Rajasthan Royals,"Wankhede Stadium, Mumbai",Mumbai,2021,0.4632,0.5094,0.6,0.6,0.5,0.4,0.4286,21,0.5,0.5,1,1482.49,1498.41,-15.92,-0.0463,0.0,0.1,0.0,1.0,0,0,1,1
1254062,2021-04-13,Mumbai Indians,Kolkata Knight Riders,"MA Chidambaram Stadium, Chepauk, Chennai",Chennai,2021,0.5882,0.5181,0.6,0.6,0.6,0.5,0.7778,27,0.0,1.0,2,1623.32,1537.94,85.39,0.0701,0.0,0.1,-1.0,0.5,0,0,1,1
1254063,2021-04-14,Royal Challengers Bangalore,Sunrisers Hyderabad,"MA Chidambaram Stadium, Chepauk, Chennai",Chennai,2021,0.4767,0.528,0.2,0.6,0.4,0.5,0.4118,17,1.0,0.0,3,1499.27,1510.48,-11.21,-0.0513,-0.4,-0.1,1.0,0.3333,0,0,1,1
1254064,2021-04-15,Delhi Capitals,Rajasthan Royals,"Wankhede Stadium, Mumbai",Mumbai,2021,0.4508,0.5062,0.6,0.4,0.4,0.4,0.5,22,1.0,0.0,2,1559.38,1481.68,77.71,-0.0555,0.2,0.0,1.0,0.5,0,0,1,0
1254065,2021-04-16,Punjab Kings,Chennai Super Kings,"Wankhede Stadium, Mumbai",Mumbai,2021,0.466,0.5922,0.6,0.6,0.6,0.4,0.3913,23,1.0,0.0,3,1499.22,1533.12,-33.9,-0.1262,0.0,0.2,1.0,0.6667,0,0,1,0
1254066,2021-04-17,Mumbai Indians,Sunrisers Hyderabad,"MA Chidambaram Stadium, Chepauk, Chennai",Chennai,2021,0.5902,0.5238,0.6,0.4,0.6,0.5,0.5,16,0.5,0.0,4,1635.47,1493.96,141.5,0.0664,0.2,0.1,0.5,0.25,0,1,0,1
1254067,2021-04-18,Royal Challengers Bangalore,Kolkata Knight Riders,"MA Chidambaram Stadium, Chepauk, Chennai",Chennai,2021,0.4794,0.5155,0.4,0.4,0.4,0.4,0.4615,26,1.0,0.5,5,1515.79,1525.79,-10.01,-0.0361,0.0,0.0,0.5,0.2,0,1,0,1
1254068,2021-04-18,Punjab Kings,Delhi Capitals,"Wankhede Stadium, Mumbai",Mumbai,2021,0.4635,0.4485,0.4,0.4,0.6,0.3,0.5769,26,0.5,0.5,4,1484.78,1539.86,-55.08,0.0151,0.0,0.3,0.0,0.75,0,0,1,0
1254069,2021-04-19,Chennai Super Kings,Rajasthan Royals,"Wankhede Stadium, Mumbai",Mumbai,2021,0.5944,0.5093,0.8,0.6,0.5,0.5,0.6087,23,0.5,0.5,5,1547.56,1501.2,46.37,0.0851,0.2,0.0,0.0,0.8,0,0,1,1
1254070,2021-04-20,Mumbai Indians,Delhi Capitals,"MA Chidambaram Stadium, Chepauk, Chennai",Chennai,2021,0.5922,0.4513,0.8,0.6,0.7,0.4,0.5714,28,0.6667,0.5,6,1645.29,1553.35,91.94,0.141,0.2,0.3,0.1667,0.1667,0,1,0,0
1254071,2021-04-21,Punjab Kings,Sunrisers Hyderabad,"MA Chidambaram Stadium, Chepauk, Chennai",Chennai,2021,0.4611,0.5197,0.2,0.2,0.6,0.5,0.3125,16,0.5,0.0,7,1471.29,1484.14,-12.85,-0.0585,0.0,0.1,0.5,0.2857,0,1,0,0
1254072,2021-04-21,Chennai Super Kings,Kolkata Knight Riders,"Wankhede Stadium, Mumbai",Mumbai,2021,0.5967,0.5128,0.8,0.4,0.6,0.4,0.6364,22,0.6667,0.5,6,1561.44,1509.33,52.11,0.0839,0.4,0.2,0.1667,0.6667,0,0,1,1
1254073,2021-04-22,Rajasthan Royals,Royal Challengers Bangalore,"Wankhede Stadium, Mumbai",Mumbai,2021,0.5062,0.4821,0.4,0.6,0.4,0.5,0.5,20,0.3333,0.5,7,1487.32,1532.25,-44.93,0.0241,-0.2,-0.1,-0.1667,0.5714,0,0,1,0
1254074,2021-04-23,Mumbai Indians,Punjab Kings,"MA Chidambaram Stadium, Chepauk, Chennai",Chennai,2021,0.5894,0.4588,0.6,0.2,0.6,0.5,0.5385,26,0.5,0.0,8,1625.15,1455.89,169.27,0.1306,0.4,0.1,0.5,0.375,0,0,1,0
1254075,2021-04-24,Kolkata Knight Riders,Rajasthan Royals,"Wankhede Stadium, Mumbai",Mumbai,2021,0.5102,0.5031,0.4,0.2,0.4,0.4,0.5455,22,0.0,0.25,8,1495.71,1473.38,22.34,0.0071,0.2,0.0,-0.25,0.625,0,0,1,0
1254076,2021-04-25,Chennai Super Kings,Royal Challengers Bangalore,"Wankhede Stadium, Mumbai",Mumbai,2021,0.5989,0.4847,0.8,0.8,0.6,0.5,0.64,25,0.75,1.0,9,1575.06,1546.19,28.87,0.1142,0.0,0.1,-0.25,0.6667,0,1,0,1
1254077,2021-04-25,Delhi Capitals,Sunrisers Hyderabad,"MA Chidambaram Stadium, Chepauk, Chennai",Chennai,2021,0.4541,0.5234,0.6,0.2,0.5,0.5,0.3889,18,1.0,0.25,9,1573.48,1499.55,73.93,-0.0694,0.4,0.0,0.75,0.4444,0,1,0,1
1254078,2021-04-26,Punjab Kings,Kolkata Knight Riders,"Narendra Modi Stadium, Ahmedabad",Ahmedabad,2021,0.4615,0.5076,0.4,0.2,0.5,0.3,0.3333,27,0.5,0.5,0,1479.12,1478.69,0.43,-0.0461,0.2,0.2,0.0,0.5,0,0,1,0
1254079,2021-04-27,Royal Challengers Bangalore,Delhi Capitals,"Narendra Modi Stadium, Ahmedabad",Ahmedabad,2021,0.4822,0.4569,0.8,0.8,0.4,0.6,0.5833,24,0.5,0.5,1,1531.52,1586.13,-54.61,0.0254,0.0,-0.2,0.0,1.0,0,0,1,1
1254080,2021-04-28,Sunrisers Hyderabad,Chennai Super Kings,"Arun Jaitley Stadium, Delhi",Delhi,2021,0.5194,0.6011,0.2,0.8,0.5,0.7,0.2857,14,0.5,0.5,0,1486.91,1589.73,-102.83,-0.0817,-0.6,-0.2,0.0,0.5,0,1,0,0
1254081,2021-04-29,Rajasthan Royals,Mumbai Indians,"Arun Jaitley Stadium, Delhi",Delhi,2021,0.5061,0.5865,0.4,0.4,0.5,0.6,0.5,22,0.5,0.5,1,1490.4,1601.92,-111.51,-0.0804,0.0,-0.1,0.0,1.0,0,0,1,0
1254082,2021-04-29,Kolkata Knight Riders,Delhi Capitals,"Narendra Modi Stadium, Ahmedabad",Ahmedabad,2021,0.5101,0.4545,0.2,0.6,0.4,0.6,0.56,25,1.0,0.0,2,1494.71,1567.64,-72.93,0.0556,-0.4,-0.2,1.0,0.5,0,0,1,0
1254083,2021-04-30,Punjab Kings,Royal Challengers Bangalore,"Narendra Modi Stadium, Ahmedabad",Ahmedabad,2021,0.4592,0.4848,0.2,0.8,0.4,0.5,0.5385,26,0.0,1.0,3,1463.1,1550.01,-86.91,-0.0257,-0.6,-0.1,-1.0,0.6667,0,0,1,1
1254084,2021-05-01,Chennai Super Kings,Mumbai Indians,"Arun Jaitley Stadium, Delhi",Delhi,2021,0.6033,0.5885,1.0,0.6,0.8,0.6,0.4,30,1.0,1.0,2,1601.13,1612.95,-11.82,0.0147,0.4,0.2,0.0,1.0,0,0,1,0
1254085,2021-05-02,Rajasthan Royals,Sunrisers Hyderabad,"Arun Jaitley Stadium, Delhi",Delhi,2021,0.503,0.5154,0.4,0.2,0.4,0.4,0.4615,13,0.0,0.0,3,1479.37,1475.51,3.86,-0.0124,0.2,0.0,0.0,1.0,0,0,1,1
1254086,2021-05-02,Punjab Kings,Delhi Capitals,"Narendra Modi Stadium, Ahmedabad",Ahmedabad,2021,0.4619,0.4573,0.4,0.8,0.4,0.6,0.5556,27,0.5,0.5,4,1483.02,1580.33,-97.31,0.0046,-0.4,-0.2,0.0,0.5,0,0,1,0
1254104,2021-09-19,Chennai Super Kings,Mumbai Indians,Dubai International Cricket Stadium,Dubai,2021,0.6,0.5905,0.8,0.6,0.8,0.6,0.3871,31,0.6667,0.375,33,1585.68,1628.41,-42.73,0.0095,0.2,0.2,0.2917,0.4242,0,1,0,1
1254087,2021-09-20,Royal Challengers Bangalore,Kolkata Knight Riders,"Zayed Cricket Stadium, Abu Dhabi",Abu Dhabi,2021,0.4824,0.5075,0.6,0.2,0.5,0.3,0.4815,27,0.5,0.5,0,1530.09,1482.02,48.07,-0.0251,0.4,0.2,0.0,0.5,0,1,0,0
1254111,2021-09-21,Rajasthan Royals,Punjab Kings,Dubai International Cricket Stadium,Dubai,2021,0.506,0.4596,0.4,0.4,0.5,0.3,0.5455,22,0.1429,0.625,34,1495.19,1471.39,23.81,0.0464,0.0,0.2,-0.4821,0.4118,0,0,1,1
1254105,2021-09-22,Sunrisers Hyderabad,Delhi Capitals,Dubai International Cricket Stadium,Dubai,2021,0.5115,0.46,0.2,0.8,0.3,0.7,0.5789,19,0.6,0.4545,35,1459.69,1591.96,-132.27,0.0515,-0.6,-0.4,0.1455,0.4,0,1,0,0
1254096,2021-09-23,Mumbai Indians,Kolkata Knight Riders,"Zayed Cricket Stadium, Abu Dhabi",Abu Dhabi,2021,0.5877,0.51,0.4,0.4,0.6,0.4,0.7857,28,0.5,1.0,1,1610.45,1500.22,110.24,0.0777,0.0,0.2,-0.5,1.0,0,0,1,0
1254113,2021-09-24,Royal Challengers Bangalore,Chennai Super Kings,Sharjah Cricket Stadium,Sharjah,2021,0.48,0.6022,0.4,0.8,0.5,0.8,0.3462,26,0.4,0.25,18,1511.89,1603.63,-91.74,-0.1222,-0.4,-0.3,0.15,0.6111,0,0,1,0
1254097,2021-09-25,Delhi Capitals,Rajasthan Royals,"Zayed Cricket Stadium, Abu Dhabi",Abu Dhabi,2021,0.4627,0.509,0.8,0.6,0.7,0.5,0.4783,23,0.5,0.5,2,1602.14,1510.1,92.05,-0.0463,0.2,0.2,0.0,1.0,0,0,1,1
1254107,2021-09-25,Punjab Kings,Sunrisers Hyderabad,Sharjah Cricket Stadium,Sharjah,2021,0.4573,0.5076,0.4,0.2,0.3,0.2,0.2941,17,0.8,0.4,19,1456.48,1449.5,6.98,-0.0503,0.2,0.1,0.4,0.6316,0,0,1,1
1254098,2021-09-26,Kolkata Knight Riders,Chennai Super Kings,"Zayed Cricket Stadium, Abu Dhabi",Abu Dhabi,2021,0.5124,0.6043,0.6,0.8,0.5,0.8,0.3478,23,1.0,0.5,3,1521.13,1615.5,-94.38,-0.0918,-0.2,-0.3,0.5,0.6667,0,1,0,0
1254108,2021-09-26,Royal Challengers Bangalore,Mumbai Indians,Dubai International Cricket Stadium,Dubai,2021,0.4776,0.5849,0.2,0.4,0.5,0.5,0.3929,28,0.5556,0.3333,36,1500.02,1589.54,-89.52,-0.1073,-0.2,0.0,0.2222,0.4167,0,0,1,1
1254100,2021-09-27,Rajasthan Royals,Sunrisers Hyderabad,Dubai International Cricket Stadium,Dubai,2021,0.506,0.5038,0.6,0.0,0.4,0.1,0.5,14,0.25,0.5455,37,1498.24,1433.82,64.42,0.0022,0.6,0.3,-0.2955,0.4054,0,1,0,0
1254092,2021-09-28,Delhi Capitals,Kolkata Knight Riders,Sharjah Cricket Stadium,Sharjah,2021,0.4653,0.5099,0.8,0.6,0.8,0.4,0.4615,26,0.8,0.25,20,1614.0,1509.37,104.63,-0.0446,0.2,0.4,0.55,0.6,0,0,1,0
1254099,2021-09-28,Punjab Kings,Mumbai Indians,"Zayed Cricket Stadium, Abu Dhabi",Abu Dhabi,2021,0.46,0.5822,0.4,0.4,0.4,0.4,0.4815,27,0.5,0.0,4,1472.16,1569.5,-97.35,-0.1222,0.0,0.0,0.5,0.75,0,0,1,0
1254103,2021-09-29,Rajasthan Royals,Royal Challengers Bangalore,Dubai International Cricket Stadium,Dubai,2021,0.503,0.4802,0.4,0.4,0.4,0.6,0.4762,21,0.2222,0.6,38,1479.31,1520.05,-40.75,0.0228,0.0,-0.2,-0.3778,0.4211,0,0,1,0
1254091,2021-09-30,Sunrisers Hyderabad,Chennai Super Kings,Sharjah Cricket Stadium,Sharjah,2021,0.5075,0.6064,0.2,0.8,0.2,0.8,0.2667,15,0.3333,0.4,21,1452.75,1627.26,-174.51,-0.0989,-0.6,-0.6,-0.0667,0.619,0,0,1,0
1254102,2021-10-01,Kolkata Knight Riders,Punjab Kings,Dubai International Cricket Stadium,Dubai,2021,0.5123,0.4577,0.6,0.4,0.4,0.3,0.6786,28,0.5,0.5556,39,1530.05,1460.53,69.52,0.0546,0.2,0.1,-0.0556,0.4359,0,0,1,0
1254089,2021-10-02,Chennai Super Kings,Rajasthan Royals,"Zayed Cricket Stadium, Abu Dhabi",Abu Dhabi,2021,0.6085,0.5,0.8,0.4,0.9,0.4,0.625,24,1.0,0.0,5,1635.84,1465.17,170.66,0.1085,0.4,0.5,1.0,0.8,0,0,1,0
1254112,2021-10-02,Mumbai Indians,Delhi Capitals,Sharjah Cricket Stadium,Sharjah,2021,0.5841,0.4631,0.4,0.8,0.5,0.7,0.5517,29,0.5,0.6667,22,1581.14,1593.32,-12.19,0.1211,-0.4,-0.2,-0.1667,0.6364,0,0,1,0
1254090,2021-10-03,Royal Challengers Bangalore,Punjab Kings,Sharjah Cricket Stadium,Sharjah,2021,0.4828,0.4604,0.4,0.4,0.6,0.4,0.4444,27,0.3333,0.8333,23,1534.18,1479.69,54.5,0.0224,0.0,0.2,-0.5,0.6522,0,1,0,1
1254109,2021-10-03,Sunrisers Hyderabad,Kolkata Knight Riders,Dubai International Cricket Stadium,Dubai,2021,0.5037,0.5098,0.2,0.6,0.2,0.4,0.35,20,0.5833,0.4,40,1444.18,1510.89,-66.71,-0.0061,-0.4,-0.2,0.1833,0.45,0,1,0,0
1254110,2021-10-04,Chennai Super Kings,Delhi Capitals,Dubai International Cricket Stadium,Dubai,2021,0.6053,0.4657,0.8,0.8,0.8,0.8,0.625,24,0.7,0.5,41,1612.56,1608.76,3.79,0.1396,0.0,0.0,0.2,0.4634,0,0,1,0
1254093,2021-10-05,Rajasthan Royals,Mumbai Indians,Sharjah Cricket Stadium,Sharjah,2021,0.5029,0.5814,0.4,0.2,0.4,0.4,0.4783,23,0.5,0.4,24,1488.46,1565.7,-77.24,-0.0785,0.2,0.0,0.1,0.625,0,0,1,0
1254095,2021-10-06,Sunrisers Hyderabad,Royal Challengers Bangalore,"Zayed Cricket Stadium, Abu Dhabi",Abu Dhabi,2021,0.5,0.4853,0.2,0.6,0.2,0.6,0.5556,18,0.5,0.0,6,1431.21,1547.69,-116.48,0.0147,-0.4,-0.4,0.5,0.8333,0,0,1,1
1254094,2021-10-07,Chennai Super Kings,Punjab Kings,Dubai International Cricket Stadium,Dubai,2021,0.6021,0.4581,0.6,0.4,0.7,0.4,0.625,24,0.6364,0.6,42,1596.38,1466.18,130.21,0.144,0.2,0.3,0.0364,0.4762,0,0,1,0
1254106,2021-10-07,Kolkata Knight Riders,Rajasthan Royals,Sharjah Cricket Stadium,Sharjah,2021,0.5122,0.5,0.6,0.2,0.5,0.4,0.5217,23,0.4,0.4,25,1523.85,1475.96,47.9,0.0122,0.4,0.1,0.0,0.64,0,0,1,1
1254088,2021-10-08,Mumbai Indians,Sunrisers Hyderabad,"Zayed Cricket Stadium, Abu Dhabi",Abu Dhabi,2021,0.5833,0.5036,0.4,0.4,0.4,0.3,0.5294,17,0.5,1.0,7,1578.2,1452.38,125.81,0.0797,0.0,0.1,-0.5,0.7143,0,1,0,1
1254101,2021-10-08,Delhi Capitals,Royal Challengers Bangalore,Dubai International Cricket Stadium,Dubai,2021,0.4683,0.4829,0.8,0.6,0.8,0.5,0.4,25,0.5385,0.6364,43,1624.94,1526.52,98.41,-0.0146,0.2,0.3,-0.0979,0.4884,0,0,1,0
1254114,2021-10-10,Delhi Capitals,Chennai Super Kings,Dubai International Cricket Stadium,Dubai,2021,0.466,0.599,0.6,0.4,0.7,0.6,0.4,25,0.5,0.5833,44,1604.52,1574.65,29.87,-0.1329,0.2,0.1,-0.0833,0.5,0,0,1,0
1254115,2021-10-11,Royal Challengers Bangalore,Kolkata Knight Riders,Sharjah Cricket Stadium,Sharjah,2021,0.4854,0.5146,0.8,0.6,0.5,0.6,0.4643,28,0.4286,0.5,26,1546.94,1537.66,9.28,-0.0291,0.2,-0.1,-0.0714,0.6154,0,1,0,0
1254116,2021-10-13,Delhi Capitals,Kolkata Knight Riders,Sharjah Cricket Stadium,Sharjah,2021,0.4638,0.5169,0.4,0.8,0.6,0.7,0.4444,27,0.7143,0.5714,27,1587.15,1554.09,33.06,-0.0531,-0.4,-0.1,0.1429,0.6296,0,0,1,0
1254117,2021-10-15,Chennai Super Kings,Kolkata Knight Riders,Dubai International Cricket Stadium,Dubai,2021,0.601,0.5192,0.4,0.8,0.6,0.7,0.6667,24,0.6154,0.5,45,1592.02,1571.61,20.42,0.0818,-0.4,-0.1,0.1154,0.5111,0,0,1,1
1304047,2022-03-26,Chennai Super Kings,Kolkata Knight Riders,"Wankhede Stadium, Mumbai",Mumbai,2022,0.6031,0.5167,0.4,0.8,0.6,0.7,0.68,25,0.8,0.0,10,1607.08,1556.55,50.54,0.0863,-0.4,-0.1,0.8,0.6,0,0,1,0
1304048,2022-03-27,Mumbai Indians,Delhi Capitals,"Brabourne Stadium, Mumbai",Mumbai,2022,0.5853,0.4615,0.6,0.4,0.5,0.6,0.5333,30,1.0,0.5,1,1588.64,1569.63,19.01,0.1237,0.2,-0.1,0.5,1.0,1,0,1,0
1304049,2022-03-27,Royal Challengers Bangalore,Punjab Kings,"Dr DY Patil Sports Academy, Mumbai",Mumbai,2022,0.4831,0.4608,0.6,0.6,0.5,0.5,0.4643,28,0.5,0.5,0,1530.51,1487.91,42.6,0.0223,0.0,0.0,0.0,0.5,0,0,1,0
1304050,2022-03-28,Lucknow Super Giants,Gujarat Titans,"Wankhede Stadium, Mumbai",Mumbai,2022,0.5,0.5,0.5,0.5,0.5,0.5,0.5,0,0.5,0.5,11,1500.0,1500.0,0.0,0.0,0.0,0.0,0.0,0.6364,0,0,1,0
1304051,2022-03-29,Rajasthan Royals,Sunrisers Hyderabad,"Maharashtra Cricket Association Stadium, Pune",Pune,2022,0.4971,0.5,0.2,0.4,0.4,0.2,0.4667,15,0.5,0.5,0,1462.15,1441.94,20.21,-0.0029,-0.2,0.2,0.0,0.5,0,0,1,1
1304052,2022-03-30,Kolkata Knight Riders,Royal Challengers Bangalore,"Dr DY Patil Sports Academy, Mumbai",Mumbai,2022,0.519,0.4808,0.8,0.4,0.7,0.4,0.5517,29,0.5,0.0,1,1574.86,1512.56,62.3,0.0383,0.4,0.3,0.5,1.0,0,0,1,0
1304053,2022-03-31,Chennai Super Kings,Lucknow Super Giants,"Brabourne Stadium, Mumbai",Mumbai,2022,0.6,0.0,0.4,0.0,0.6,0.0,0.5,0,0.0,0.5,2,1588.77,1484.0,104.77,0.6,0.4,0.6,-0.5,1.0,0,0,1,0
1304054,2022-04-01,Punjab Kings,Kolkata Knight Riders,"Wankhede Stadium, Mumbai",Mumbai,2022,0.4634,0.5166,0.6,0.6,0.5,0.6,0.3448,29,0.3333,0.3333,12,1505.86,1556.02,-50.16,-0.0532,0.0,-0.1,0.0,0.6667,0,0,1,0
1304055,2022-04-02,Rajasthan Royals,Mumbai Indians,"Dr DY Patil Sports Academy, Mumbai",Mumbai,2022,0.5,0.5826,0.4,0.6,0.4,0.5,0.4583,24,0.5,0.5,2,1477.22,1571.77,-94.55,-0.0826,-0.2,-0.1,0.0,1.0,-1,0,1,1
1304056,2022-04-02,Gujarat Titans,Delhi Capitals,"Maharashtra Cricket Association Stadium, Pune",Pune,2022,1.0,0.4641,1.0,0.4,1.0,0.6,0.5,0,0.5,0.5,1,1516.0,1586.51,-70.51,0.5359,0.6,0.4,0.0,0.0,0,0,1,1
1304057,2022-04-03,Punjab Kings,Chennai Super Kings,"Brabourne Stadium, Mumbai",Mumbai,2022,0.4612,0.5969,0.6,0.4,0.5,0.5,0.4,25,0.5,0.0,3,1492.15,1568.09,-75.94,-0.1358,0.2,0.0,0.5,1.0,0,0,1,1
1304058,2022-04-04,Lucknow Super Giants,Sunrisers Hyderabad,"Dr DY Patil Sports Academy, Mumbai",Mumbai,2022,0.5,0.4964,0.5,0.2,0.5,0.2,0.5,0,0.5,0.5,3,1504.68,1426.87,77.82,0.0036,0.3,0.3,0.0,0.6667,0,0,1,1
1304059,2022-04-05,Rajasthan Royals,Royal Challengers Bangalore,"Wankhede Stadium, Mumbai",Mumbai,2022,0.5029,0.4833,0.6,0.4,0.5,0.5,0.4545,22,0.4,0.5,13,1497.47,1531.4,-33.93,0.0196,0.2,0.0,-0.1,0.6923,0,0,1,0
1304060,2022-04-06,Mumbai Indians,Kolkata Knight Riders,"Maharashtra Cricket Association Stadium, Pune",Pune,2022,0.5799,0.5189,0.4,0.6,0.4,0.7,0.7586,29,0.5,0.5,2,1551.52,1569.72,-18.21,0.061,-0.2,-0.3,0.0,0.0,0,0,1,0
1304061,2022-04-07,Delhi Capitals,Lucknow Super Giants,"Dr DY Patil Sports Academy, Mumbai",Mumbai,2022,0.4619,0.6667,0.2,0.6667,0.5,0.6667,0.5,0,0.5,1.0,4,1567.3,1517.16,50.15,-0.2048,-0.4667,-0.1667,-0.5,0.5,0,0,1,0
1304062,2022-04-08,Punjab Kings,Gujarat Titans,"Brabourne Stadium, Mumbai",Mumbai,2022,0.4638,1.0,0.6,1.0,0.5,1.0,0.5,0,1.0,0.5,4,1511.6,1535.2,-23.61,-0.5362,-0.4,-0.5,0.5,0.75,0,0,1,0
1304063,2022-04-09,Chennai Super Kings,Sunrisers Hyderabad,"Dr DY Patil Sports Academy, Mumbai",Mumbai,2022,0.5939,0.4929,0.4,0.2,0.4,0.2,0.75,16,0.5,0.0,5,1548.65,1414.39,134.26,0.1011,0.2,0.2,0.5,0.6,0,0,1,0
1304064,2022-04-09,Mumbai Indians,Royal Challengers Bangalore,"Maharashtra Cricket Association Stadium, Pune",Pune,2022,0.5773,0.4857,0.4,0.6,0.3,0.6,0.5862,29,0.0,0.5,3,1536.36,1545.84,-9.48,0.0916,-0.2,-0.3,-0.5,0.3333,0,0,1,0
1304065,2022-04-10,Delhi Capitals,Kolkata Knight Riders,"Brabourne Stadium, Mumbai",Mumbai,2022,0.4597,0.5211,0.2,0.6,0.4,0.7,0.4286,28,1.0,0.5,5,1549.01,1584.89,-35.88,-0.0614,-0.4,-0.3,0.5,0.8,0,0,1,1
1304066,2022-04-10,Rajasthan Royals,Lucknow Super Giants,"Wankhede Stadium, Mumbai",Mumbai,2022,0.5,0.75,0.4,0.75,0.4,0.75,0.5,0,0.3333,0.0,14,1483.03,1535.45,-52.43,-0.25,-0.35,-0.35,0.3333,0.7143,0,0,1,1
1304067,2022-04-11,Gujarat Titans,Sunrisers Hyderabad,"Dr DY Patil Sports Academy, Mumbai",Mumbai,2022,1.0,0.4965,1.0,0.4,1.0,0.3,0.5,0,0.5,0.5,6,1550.12,1436.28,113.83,0.5035,0.6,0.7,0.0,0.6667,0,0,1,0
1304068,2022-04-12,Chennai Super Kings,Royal Challengers Bangalore,"Dr DY Patil Sports Academy, Mumbai",Mumbai,2022,0.5909,0.4882,0.2,0.6,0.3,0.7,0.6667,27,0.0,0.5,7,1526.76,1561.4,-34.65,0.1028,-0.4,-0.4,-0.5,0.7143,0,0,1,1
1304069,2022-04-13,Punjab Kings,Mumbai Indians,"Maharashtra Cricket Association Stadium, Pune",Pune,2022,0.4615,0.5747,0.6,0.2,0.5,0.3,0.4643,28,0.5,0.0,4,1496.68,1520.79,-24.11,-0.1131,0.4,0.2,0.5,0.5,0,0,1,1
1304070,2022-04-14,Gujarat Titans,Rajasthan Royals,"Dr DY Patil Sports Academy, Mumbai",Mumbai,2022,0.75,0.5028,0.75,0.6,0.75,0.4,0.5,0,0.0,1.0,8,1529.06,1501.42,27.63,0.2472,0.15,0.35,-1.0,0.625,0,0,1,1
1304071,2022-04-15,Kolkata Knight Riders,Sunrisers Hyderabad,"Brabourne Stadium, Mumbai",Mumbai,2022,0.5187,0.5,0.6,0.4,0.7,0.4,0.6667,21,0.0,0.5,6,1567.24,1457.35,109.9,0.0187,0.2,0.3,-0.5,0.6667,0,0,1,0
1304072,2022-04-16,Lucknow Super Giants,Mumbai Indians,"Brabourne Stadium, Mumbai",Mumbai,2022,0.6,0.5721,0.6,0.0,0.6,0.3,0.5,0,1.0,0.5,7,1517.06,1503.68,13.37,0.0279,0.6,0.3,0.5,0.7143,-1,0,1,1
1304073,2022-04-16,Royal Challengers Bangalore,Delhi Capitals,"Wankhede Stadium, Mumbai",Mumbai,2022,0.4858,0.4623,0.6,0.4,0.6,0.4,0.6154,26,0.6667,0.6667,15,1543.81,1566.66,-22.84,0.0236,0.2,0.2,0.0,0.6667,0,0,1,1
1304074,2022-04-17,Punjab Kings,Sunrisers Hyderabad,"Dr DY Patil Sports Academy, Mumbai",Mumbai,2022,0.4641,0.5035,0.6,0.6,0.6,0.5,0.3333,18,1.0,0.6667,9,1513.79,1478.24,35.55,-0.0394,0.0,0.1,0.3333,0.5556,0,0,1,0
1304075,2022-04-17,Chennai Super Kings,Gujarat Titans,"Maharashtra Cricket Association Stadium, Pune",Pune,2022,0.593,0.8,0.2,0.8,0.3,0.8,0.5,0,0.5,1.0,5,1544.35,1543.79,0.56,-0.207,-0.6,-0.5,-0.5,0.4,0,0,1,0
1304076,2022-04-18,Rajasthan Royals,Kolkata Knight Riders,"Brabourne Stadium, Mumbai",Mumbai,2022,0.5,0.5163,0.6,0.4,0.4,0.6,0.4583,24,0.5,0.0,8,1486.69,1546.34,-59.65,-0.0163,0.2,-0.2,0.5,0.625,0,0,1,1
1304077,2022-04-19,Royal Challengers Bangalore,Lucknow Super Giants,"Dr DY Patil Sports Academy, Mumbai",Mumbai,2022,0.4883,0.6667,0.8,0.8,0.6,0.6667,0.5,0,0.3333,1.0,10,1560.86,1532.44,28.42,-0.1784,0.0,-0.0667,-0.6667,0.6,0,0,1,1
1304078,2022-04-20,Punjab Kings,Delhi Capitals,"Brabourne Stadium, Mumbai",Mumbai,2022,0.4619,0.4601,0.4,0.4,0.5,0.4,0.5357,28,0.5,1.0,9,1496.16,1549.61,-53.45,0.0018,0.0,0.1,-0.5,0.5556,0,0,1,0
1304079,2022-04-21,Mumbai Indians,Chennai Super Kings,"Dr DY Patil Sports Academy, Mumbai",Navi Mumbai,2022,0.5695,0.59,0.0,0.2,0.3,0.3,0.5938,32,0.0,0.5,11,1488.3,1528.32,-40.02,-0.0205,-0.2,0.0,-0.5,0.5455,0,0,1,0
1304080,2022-04-22,Rajasthan Royals,Delhi Capitals,"Wankhede Stadium, Mumbai",Mumbai,2022,0.5028,0.4626,0.6,0.4,0.5,0.4,0.5,24,0.4286,0.5,16,1505.41,1563.16,-57.75,0.0402,0.2,0.1,-0.0714,0.625,0,0,1,1
1304081,2022-04-23,Gujarat Titans,Kolkata Knight Riders,"Dr DY Patil Sports Academy, Mumbai",Navi Mumbai,2022,0.8333,0.5139,0.8,0.4,0.8333,0.5,0.5,0,0.5,0.0,12,1559.81,1527.62,32.19,0.3194,0.4,0.3333,0.5,0.5833,0,1,0,1
1304082,2022-04-23,Royal Challengers Bangalore,Sunrisers Hyderabad,"Brabourne Stadium, Mumbai",Mumbai,2022,0.4907,0.5069,0.8,0.8,0.6,0.5,0.4211,19,0.5,1.0,10,1575.56,1495.88,79.68,-0.0163,0.0,0.1,-0.5,0.6,0,0,1,0
1304083,2022-04-24,Lucknow Super Giants,Mumbai Indians,"Wankhede Stadium, Mumbai",Mumbai,2022,0.5714,0.567,0.6,0.0,0.5714,0.2,1.0,1,0.0,0.5,17,1517.75,1474.13,43.61,0.0045,0.6,0.3714,-0.5,0.5882,-1,0,1,1
1304084,2022-04-25,Punjab Kings,Chennai Super Kings,"Wankhede Stadium, Mumbai",Mumbai,2022,0.4597,0.592,0.4,0.4,0.5,0.4,0.4231,26,0.25,0.6667,18,1482.6,1542.48,-59.88,-0.1323,0.0,0.1,-0.4167,0.5556,0,0,1,1
1304085,2022-04-26,Rajasthan Royals,Royal Challengers Bangalore,"Maharashtra Cricket Association Stadium, Pune",Pune,2022,0.5056,0.4884,0.6,0.6,0.6,0.6,0.4348,23,1.0,1.0,6,1524.05,1555.95,-31.9,0.0172,0.0,0.0,0.0,0.5,0,0,1,1
1304086,2022-04-27,Sunrisers Hyderabad,Gujarat Titans,"Wankhede Stadium, Mumbai",Mumbai,2022,0.5103,0.8571,1.0,0.8,0.6,0.8571,1.0,1,0.5,1.0,19,1515.48,1574.33,-58.85,-0.3468,0.2,-0.2571,-0.5,0.5263,0,0,1,0
1304087,2022-04-28,Kolkata Knight Riders,Delhi Capitals,"Wankhede Stadium, Mumbai",Mumbai,2022,0.5115,0.4605,0.2,0.4,0.4,0.3,0.5517,29,0.5,0.4,20,1513.1,1544.53,-31.43,0.0511,-0.2,0.1,0.1,0.55,0,0,1,0
1304088,2022-04-29,Lucknow Super Giants,Punjab Kings,"Maharashtra Cricket Association Stadium, Pune",Pune,2022,0.625,0.4623,0.6,0.4,0.625,0.5,0.5,0,0.5,1.0,7,1531.75,1501.33,30.42,0.1627,0.2,0.125,-0.5,0.4286,0,0,1,1
1304089,2022-04-30,Royal Challengers Bangalore,Gujarat Titans,"Brabourne Stadium, Mumbai",Mumbai,2022,0.4861,0.875,0.4,0.8,0.5,0.875,0.5,0,0.0,1.0,11,1538.49,1587.65,-49.16,-0.3889,-0.4,-0.375,-1.0,0.6364,0,1,0,0
1304090,2022-04-30,Rajasthan Royals,Mumbai Indians,"Dr DY Patil Sports Academy, Mumbai",Navi Mumbai,2022,0.5083,0.5644,0.8,0.0,0.6,0.2,0.48,25,0.5,0.0,13,1541.51,1460.13,81.38,-0.0562,0.8,0.4,0.5,0.5385,0,0,1,0
1304091,2022-05-01,Lucknow Super Giants,Delhi Capitals,"Wankhede Stadium, Mumbai",Mumbai,2022,0.6667,0.463,0.6,0.6,0.6667,0.4,1.0,1,0.3333,0.5,21,1546.35,1559.09,-12.73,0.2037,0.0,0.2667,-0.1667,0.5714,0,1,0,1
1304092,2022-05-01,Chennai Super Kings,Sunrisers Hyderabad,"Maharashtra Cricket Association Stadium, Pune",Pune,2022,0.5891,0.5068,0.4,0.8,0.4,0.6,0.7059,17,0.0,0.0,8,1523.75,1502.17,21.59,0.0823,-0.4,-0.2,0.0,0.375,0,0,1,1
1304093,2022-05-02,Rajasthan Royals,Kolkata Knight Riders,"Wankhede Stadium, Mumbai",Mumbai,2022,0.5055,0.5092,0.6,0.0,0.6,0.3,0.48,25,0.5,0.4,22,1521.83,1498.54,23.29,-0.0037,0.6,0.3,0.1,0.5455,0,0,1,0
1304094,2022-05-03,Gujarat Titans,Punjab Kings,"Dr DY Patil Sports Academy, Mumbai",Navi Mumbai,2022,0.8889,0.4601,1.0,0.4,0.8889,0.5,1.0,1,0.6667,0.5,14,1601.4,1486.73,114.67,0.4288,0.6,0.3889,0.1667,0.5714,0,1,0,0
1304095,2022-05-04,Royal Challengers Bangalore,Chennai Super Kings,"Maharashtra Cricket Association Stadium, Pune",Pune,2022,0.4839,0.5911,0.4,0.6,0.5,0.4,0.3214,28,0.5,0.5,9,1524.73,1538.76,-14.03,-0.1073,-0.2,0.1,0.0,0.3333,0,0,1,1
1304096,2022-05-05,Delhi Capitals,Sunrisers Hyderabad,"Brabourne Stadium, Mumbai",Mumbai,2022,0.4608,0.5034,0.4,0.6,0.4,0.5,0.45,20,1.0,1.0,12,1542.5,1487.16,55.34,-0.0426,-0.2,-0.1,0.0,0.6667,0,0,1,1
1304097,2022-05-06,Mumbai Indians,Gujarat Titans,"Brabourne Stadium, Mumbai",Mumbai,2022,0.5664,0.8,0.2,0.8,0.2,0.8,0.5,0,0.3333,1.0,13,1479.81,1580.3,-100.49,-0.2336,-0.6,-0.6,-0.6667,0.6154,1,0,1,1
1304098,2022-05-07,Punjab Kings,Rajasthan Royals,"Wankhede Stadium, Mumbai",Mumbai,2022,0.4626,0.5027,0.4,0.6,0.5,0.6,0.4348,23,0.4,0.4444,23,1507.83,1504.76,3.06,-0.0401,-0.2,-0.1,-0.0444,0.5652,0,1,0,0
1304099,2022-05-07,Lucknow Super Giants,Kolkata Knight Riders,"Maharashtra Cricket Association Stadium, Pune",Pune,2022,0.7,0.5114,0.8,0.2,0.7,0.4,0.5,0,1.0,1.0,10,1562.94,1515.61,47.32,0.1886,0.6,0.3,0.0,0.3,0,0,1,1
1304100,2022-05-08,Royal Challengers Bangalore,Sunrisers Hyderabad,"Wankhede Stadium, Mumbai",Mumbai,2022,0.4862,0.5,0.4,0.4,0.6,0.5,0.4,20,0.75,0.0,24,1541.38,1473.69,67.69,-0.0138,0.0,0.1,0.75,0.5833,0,1,0,1
1304101,2022-05-08,Chennai Super Kings,Delhi Capitals,"Dr DY Patil Sports Academy, Mumbai",Navi Mumbai,2022,0.5882,0.4633,0.4,0.6,0.3,0.5,0.6154,26,0.6667,0.0,15,1522.12,1555.97,-33.86,0.1249,-0.2,-0.2,0.6667,0.6,0,0,1,1
1304102,2022-05-09,Kolkata Knight Riders,Mumbai Indians,"Dr DY Patil Sports Academy, Mumbai",Navi Mumbai,2022,0.5091,0.5683,0.2,0.4,0.3,0.2,0.2667,30,0.0,0.3333,16,1501.78,1500.32,1.46,-0.0592,-0.2,0.1,-0.3333,0.5625,0,0,1,1
1304103,2022-05-10,Gujarat Titans,Lucknow Super Giants,"Maharashtra Cricket Association Stadium, Pune",Pune,2022,0.7273,0.7273,0.6,0.8,0.7,0.8,1.0,1,1.0,1.0,11,1559.8,1576.77,-16.97,0.0,-0.2,-0.1,0.0,0.2727,0,1,0,1
1304104,2022-05-11,Rajasthan Royals,Delhi Capitals,"Dr DY Patil Sports Academy, Mumbai",Navi Mumbai,2022,0.5054,0.4612,0.6,0.4,0.6,0.4,0.52,25,0.3333,0.0,17,1520.9,1538.42,-17.52,0.0442,0.2,0.2,0.3333,0.5294,0,0,1,0
1304105,2022-05-12,Chennai Super Kings,Mumbai Indians,"Wankhede Stadium, Mumbai",Mumbai,2022,0.5902,0.5658,0.6,0.4,0.4,0.2,0.4242,33,0.5714,0.0,25,1539.67,1484.38,55.29,0.0245,0.2,0.2,0.5714,0.56,-1,0,1,0
1304106,2022-05-13,Punjab Kings,Royal Challengers Bangalore,"Brabourne Stadium, Mumbai",Mumbai,2022,0.4605,0.4886,0.4,0.4,0.4,0.6,0.5517,29,0.3333,0.0,14,1491.68,1554.3,-62.62,-0.0281,0.0,-0.2,0.3333,0.5714,0,0,1,1
1304107,2022-05-14,Kolkata Knight Riders,Sunrisers Hyderabad,"Maharashtra Cricket Association Stadium, Pune",Pune,2022,0.5113,0.4966,0.4,0.2,0.4,0.5,0.6364,22,0.5,0.0,12,1517.71,1460.76,56.95,0.0147,0.2,-0.1,0.5,0.25,0,1,0,1
1304108,2022-05-15,Chennai Super Kings,Gujarat Titans,"Wankhede Stadium, Mumbai",Mumbai,2022,0.5874,0.75,0.4,0.6,0.4,0.7,0.0,1,0.5,1.0,26,1521.14,1576.58,-55.44,-0.1626,-0.2,-0.3,-0.5,0.5769,0,1,0,0
1304109,2022-05-15,Rajasthan Royals,Lucknow Super Giants,"Brabourne Stadium, Mumbai",Mumbai,2022,0.5027,0.6667,0.4,0.8,0.5,0.7,1.0,1,1.0,1.0,15,1505.71,1559.99,-54.28,-0.164,-0.4,-0.2,0.0,0.5333,0,1,0,1
1304110,2022-05-16,Delhi Capitals,Punjab Kings,"Dr DY Patil Sports Academy, Mumbai",Navi Mumbai,2022,0.4636,0.463,0.6,0.6,0.5,0.5,0.4828,29,0.3333,0.6667,18,1553.61,1510.54,43.07,0.0007,0.0,0.0,-0.3333,0.5556,0,0,1,1
1304111,2022-05-17,Sunrisers Hyderabad,Mumbai Indians,"Wankhede Stadium, Mumbai",Mumbai,2022,0.4933,0.5677,0.0,0.6,0.5,0.3,0.4444,18,0.0,0.5,27,1447.36,1502.91,-55.54,-0.0744,-0.6,0.2,-0.5,0.5926,-1,0,1,1
1304112,2022-05-18,Lucknow Super Giants,Kolkata Knight Riders,"Dr DY Patil Sports Academy, Mumbai",Navi Mumbai,2022,0.6154,0.5135,0.6,0.6,0.6,0.4,1.0,1,0.6667,0.3333,19,1541.51,1531.11,10.4,0.1019,0.0,0.2,0.3333,0.5263,0,1,0,1
1304113,2022-05-19,Gujarat Titans,Royal Challengers Bangalore,"Wankhede Stadium, Mumbai",Mumbai,2022,0.7692,0.4864,0.6,0.4,0.7,0.5,1.0,1,1.0,0.8,28,1590.05,1535.45,54.6,0.2829,0.2,0.2,0.2,0.5714,0,1,0,0
1304114,2022-05-20,Chennai Super Kings,Rajasthan Royals,"Brabourne Stadium, Mumbai",Mumbai,2022,0.5845,0.5054,0.4,0.4,0.4,0.6,0.6,25,0.0,1.0,16,1507.68,1524.19,-16.51,0.0792,0.0,-0.2,-1.0,0.5,0,1,0,0
1304115,2022-05-21,Delhi Capitals,Mumbai Indians,"Wankhede Stadium, Mumbai",Mumbai,2022,0.4661,0.5652,0.6,0.6,0.6,0.3,0.4839,31,0.4286,0.3333,29,1567.64,1484.37,83.27,-0.0992,0.0,0.3,0.0952,0.5862,-1,0,1,0
1304116,2022-05-22,Sunrisers Hyderabad,Punjab Kings,"Wankhede Stadium, Mumbai",Mumbai,2022,0.4967,0.4608,0.2,0.4,0.5,0.4,0.6842,19,0.3333,0.3333,30,1465.9,1496.51,-30.61,0.0359,-0.2,0.1,0.0,0.6,0,1,0,0
1312197,2022-05-24,Rajasthan Royals,Gujarat Titans,"Eden Gardens, Kolkata",Kolkata,2022,0.508,0.7143,0.6,0.4,0.6,0.7,0.0,1,0.5,0.5,0,1539.43,1571.56,-32.13,-0.2063,0.2,-0.1,0.0,0.5,0,0,1,0
1312198,2022-05-25,Royal Challengers Bangalore,Lucknow Super Giants,"Eden Gardens, Kolkata",Kolkata,2022,0.4887,0.6429,0.6,0.6,0.5,0.6,1.0,1,0.5,0.5,1,1553.94,1557.03,-3.09,-0.1542,0.0,-0.1,0.0,1.0,0,0,1,1
1312199,2022-05-27,Royal Challengers Bangalore,Rajasthan Royals,"Narendra Modi Stadium, Ahmedabad",Ahmedabad,2022,0.491,0.5053,0.8,0.6,0.6,0.6,0.5417,24,0.5,0.5,5,1570.09,1524.9,45.18,-0.0143,0.2,0.0,0.0,0.6,0,0,1,0
1312200,2022-05-29,Rajasthan Royals,Gujarat Titans,"Narendra Modi Stadium, Ahmedabad",Ahmedabad,2022,0.5079,0.7333,0.6,0.6,0.6,0.7,0.0,2,1.0,0.5,6,1542.97,1586.08,-43.11,-0.2254,0.0,-0.1,0.5,0.6667,-1,1,0,0
1359475,2023-03-31,Chennai Super Kings,Gujarat Titans,"Narendra Modi Stadium, Ahmedabad",Ahmedabad,2023,0.5817,0.75,0.2,0.8,0.4,0.7,0.0,2,0.5,1.0,7,1492.44,1600.1,-107.67,-0.1683,-0.6,-0.3,-0.5,0.7143,-1,0,1,0
1359476,2023-04-01,Punjab Kings,Kolkata Knight Riders,"Punjab Cricket Association IS Bindra Stadium, Mohali, Chandigarh",Chandigarh,2023,0.4633,0.5112,0.6,0.6,0.5,0.3,0.3333,30,0.5,0.5,0,1511.1,1515.59,-4.49,-0.0479,0.0,0.2,0.0,0.5,1,0,1,1
1359477,2023-04-01,Lucknow Super Giants,Delhi Capitals,"Bharat Ratna Shri Atal Bihari Vajpayee Ekana Cricket Stadium, Lucknow",Lucknow,2023,0.6,0.464,0.4,0.6,0.6,0.5,1.0,2,0.5,0.5,0,1540.89,1547.88,-6.99,0.136,-0.2,0.1,0.0,0.5,1,0,1,1
1359478,2023-04-02,Rajasthan Royals,Sunrisers Hyderabad,"Rajiv Gandhi International Stadium, Uppal, Hyderabad",Hyderabad,2023,0.5053,0.4934,0.6,0.2,0.5,0.4,0.5,16,0.5,0.5,0,1528.95,1451.31,77.64,0.0118,0.4,0.1,0.0,0.5,-1,0,1,1
1359479,2023-04-02,Mumbai Indians,Royal Challengers Bangalore,"M Chinnaswamy Stadium, Bengaluru",Bengaluru,2023,0.5671,0.4888,0.6,0.6,0.4,0.5,0.5667,30,0.5,0.5,0,1504.13,1552.02,-47.88,0.0783,0.0,-0.1,0.0,0.5,-1,0,1,0
1359480,2023-04-03,Chennai Super Kings,Lucknow Super Giants,"MA Chidambaram Stadium, Chepauk, Chennai",Chennai,2023,0.5789,0.625,0.2,0.4,0.3,0.6,0.0,1,0.5,0.5,10,1481.24,1557.21,-75.97,-0.0461,-0.2,-0.3,0.0,0.4,1,0,1,1
1359481,2023-04-04,Delhi Capitals,Gujarat Titans,"Arun Jaitley Stadium, Delhi",Delhi,2023,0.4619,0.7647,0.4,0.8,0.5,0.7,0.0,1,0.5,0.5,4,1531.55,1611.3,-79.75,-0.3028,-0.4,-0.2,0.0,0.75,1,0,1,0
1359482,2023-04-05,Punjab Kings,Rajasthan Royals,"Barsapara Cricket Stadium, Guwahati",Guwahati,2023,0.4658,0.5079,0.6,0.6,0.5,0.5,0.4167,24,0.5,0.5,0,1527.31,1541.43,-14.12,-0.0421,0.0,0.0,0.0,0.5,0,0,1,1
1359483,2023-04-06,Kolkata Knight Riders,Royal Challengers Bangalore,"Eden Gardens, Kolkata",Kolkata,2023,0.5089,0.4911,0.4,0.6,0.3,0.5,0.5333,30,0.5,1.0,2,1499.39,1565.82,-66.44,0.0179,-0.2,-0.2,-0.5,0.5,1,0,1,1
1359484,2023-04-07,Sunrisers Hyderabad,Lucknow Super Giants,"Bharat Ratna Shri Atal Bihari Vajpayee Ekana Cricket Stadium, Lucknow",Lucknow,2023,0.4902,0.5882,0.2,0.4,0.3,0.6,0.0,1,0.5,1.0,1,1438.82,1537.77,-98.94,-0.098,-0.2,-0.3,-0.5,0.0,-1,1,0,0
1359485,2023-04-08,Rajasthan Royals,Delhi Capitals,"Barsapara Cricket Stadium, Guwahati",Guwahati,2023,0.5052,0.4598,0.4,0.4,0.5,0.4,0.5,26,0.0,0.5,1,1524.78,1519.16,5.62,0.0454,0.0,0.1,-0.5,0.0,0,0,1,1
1359486,2023-04-08,Mumbai Indians,Chennai Super Kings,"Wankhede Stadium, Mumbai",Mumbai,2023,0.5647,0.581,0.4,0.2,0.4,0.4,0.5882,34,0.5,0.4444,31,1490.33,1500.69,-10.36,-0.0163,0.2,0.0,0.0556,0.6129,1,0,1,0
1359487,2023-04-09,Gujarat Titans,Kolkata Knight Riders,"Narendra Modi Stadium, Ahmedabad",Ahmedabad,2023,0.7778,0.5111,0.8,0.6,0.7,0.4,1.0,1,1.0,0.5,8,1623.69,1518.41,105.28,0.2667,0.2,0.3,0.5,0.75,1,1,0,0
1359488,2023-04-09,Punjab Kings,Sunrisers Hyderabad,"Rajiv Gandhi International Stadium, Uppal, Hyderabad",Hyderabad,2023,0.4682,0.487,0.8,0.2,0.6,0.2,0.35,20,0.5,0.0,1,1543.96,1427.26,116.7,-0.0188,0.6,0.4,0.5,0.0,-1,0,1,0
1359489,2023-04-10,Royal Challengers Bangalore,Lucknow Super Giants,"M Chinnaswamy Stadium, Bengaluru",Bengaluru,2023,0.4889,0.6111,0.6,0.6,0.5,0.6,1.0,2,1.0,0.5,1,1546.8,1549.33,-2.53,-0.1222,0.0,-0.1,0.5,1.0,1,0,1,0
1359490,2023-04-11,Delhi Capitals,Mumbai Indians,"Arun Jaitley Stadium, Delhi",Delhi,2023,0.4578,0.5622,0.2,0.4,0.4,0.4,0.4688,32,0.0,1.0,5,1503.42,1474.8,28.62,-0.1045,-0.2,0.0,-1.0,0.8,1,0,1,0
1359491,2023-04-12,Rajasthan Royals,Chennai Super Kings,"MA Chidambaram Stadium, Chepauk, Chennai",Chennai,2023,0.5078,0.5829,0.6,0.4,0.6,0.4,0.4231,26,0.5,1.0,11,1540.52,1516.21,24.31,-0.0752,0.2,0.2,-0.5,0.3636,-1,0,1,1
1359492,2023-04-13,Punjab Kings,Gujarat Titans,"Punjab Cricket Association IS Bindra Stadium, Mohali, Chandigarh",Chandigarh,2023,0.4661,0.7368,0.6,0.8,0.6,0.6,0.5,2,1.0,0.5,1,1522.78,1602.98,-80.2,-0.2708,-0.2,0.0,0.5,0.0,1,0,1,0
1359493,2023-04-14,Sunrisers Hyderabad,Kolkata Knight Riders,"Eden Gardens, Kolkata",Kolkata,2023,0.4903,0.5133,0.4,0.6,0.2,0.5,0.3478,23,0.5,1.0,3,1448.44,1539.11,-90.67,-0.023,-0.2,-0.3,-0.5,0.3333,-1,0,1,1
1359494,2023-04-15,Royal Challengers Bangalore,Delhi Capitals,"M Chinnaswamy Stadium, Bengaluru",Bengaluru,2023,0.4867,0.4558,0.4,0.0,0.5,0.3,0.6296,27,0.5,0.5,2,1530.92,1486.11,44.81,0.031,0.4,0.2,0.0,1.0,1,0,1,1
1359495,2023-04-15,Lucknow Super Giants,Punjab Kings,"Bharat Ratna Shri Atal Bihari Vajpayee Ekana Cricket Stadium, Lucknow",Lucknow,2023,0.6316,0.464,0.6,0.6,0.6,0.5,1.0,1,1.0,0.5,2,1565.21,1510.41,54.8,0.1676,0.0,0.1,0.5,0.5,1,0,1,0
1359496,2023-04-16,Kolkata Knight Riders,Mumbai Indians,"Wankhede Stadium, Mumbai",Mumbai,2023,0.511,0.5641,0.4,0.4,0.5,0.5,0.2903,31,0.5,0.4,32,1519.03,1492.12,26.91,-0.0531,0.0,0.0,0.1,0.625,-1,0,1,0
1359497,2023-04-16,Gujarat Titans,Rajasthan Royals,"Narendra Modi Stadium, Ahmedabad",Ahmedabad,2023,0.75,0.5103,0.8,0.6,0.7,0.6,1.0,3,0.6667,0.5,9,1615.36,1555.4,59.95,0.2397,0.2,0.1,0.1667,0.7778,1,0,1,0
1359498,2023-04-17,Chennai Super Kings,Royal Challengers Bangalore,"M Chinnaswamy Stadium, Bengaluru",Bengaluru,2023,0.5802,0.489,0.4,0.4,0.4,0.6,0.6552,29,0.5,0.6667,3,1501.33,1544.87,-43.54,0.0912,0.0,-0.2,-0.1667,0.6667,-1,0,1,1
1359499,2023-04-18,Mumbai Indians,Sunrisers Hyderabad,"Rajiv Gandhi International Stadium, Uppal, Hyderabad",Hyderabad,2023,0.566,0.4936,0.6,0.4,0.6,0.3,0.5263,19,0.5,0.5,2,1509.35,1468.53,40.83,0.0724,0.2,0.3,0.0,0.5,-1,0,1,1
1359500,2023-04-19,Lucknow Super Giants,Rajasthan Royals,"Sawai Mansingh Stadium, Jaipur",Jaipur,2023,0.6,0.5128,0.6,0.8,0.5,0.7,0.0,2,0.5,0.5,0,1546.71,1574.14,-27.43,0.0872,-0.2,-0.2,0.0,0.5,-1,0,1,1
1359501,2023-04-20,Royal Challengers Bangalore,Punjab Kings,"Punjab Cricket Association IS Bindra Stadium, Mohali, Chandigarh",Chandigarh,2023,0.4868,0.4664,0.4,0.6,0.5,0.6,0.4333,30,0.5,0.5,2,1526.87,1528.91,-2.04,0.0205,-0.2,-0.1,0.0,0.5,-1,0,1,1
1359502,2023-04-20,Kolkata Knight Riders,Delhi Capitals,"Arun Jaitley Stadium, Delhi",Delhi,2023,0.5088,0.4537,0.4,0.0,0.5,0.3,0.5333,30,0.5,0.0,6,1501.79,1472.16,29.63,0.055,0.4,0.2,0.5,0.8333,-1,0,1,0
1359503,2023-04-21,Sunrisers Hyderabad,Chennai Super Kings,"MA Chidambaram Stadium, Chepauk, Chennai",Chennai,2023,0.4904,0.5822,0.4,0.6,0.3,0.4,0.2778,18,0.2,0.5,12,1454.4,1519.32,-64.92,-0.0917,-0.2,-0.1,-0.3,0.3333,-1,0,1,0
1359504,2023-04-22,Gujarat Titans,Lucknow Super Giants,"Bharat Ratna Shri Atal Bihari Vajpayee Ekana Cricket Stadium, Lucknow",Lucknow,2023,0.7143,0.619,0.6,0.6,0.7,0.5,1.0,2,0.5,0.6667,3,1596.62,1563.97,32.65,0.0952,0.0,0.2,-0.1667,0.6667,-1,1,0,1
1359505,2023-04-22,Punjab Kings,Mumbai Indians,"Wankhede Stadium, Mumbai",Mumbai,2023,0.4643,0.5678,0.4,0.6,0.5,0.6,0.4828,29,0.4286,0.5,33,1512.82,1523.48,-10.66,-0.1035,-0.2,-0.1,-0.0714,0.6364,-1,0,1,1
1359506,2023-04-23,Royal Challengers Bangalore,Rajasthan Royals,"M Chinnaswamy Stadium, Bengaluru",Bengaluru,2023,0.4891,0.5102,0.4,0.6,0.5,0.6,0.52,25,0.5,0.5,4,1542.97,1556.88,-13.91,-0.0211,-0.2,-0.1,0.0,0.5,1,0,1,1
1359507,2023-04-23,Chennai Super Kings,Kolkata Knight Riders,"Eden Gardens, Kolkata",Kolkata,2023,0.5841,0.5066,0.8,0.4,0.5,0.4,0.6538,26,0.5,0.5,4,1532.37,1484.43,47.93,0.0776,0.4,0.1,0.0,0.25,-1,0,1,1
1359508,2023-04-24,Delhi Capitals,Sunrisers Hyderabad,"Rajiv Gandhi International Stadium, Uppal, Hyderabad",Hyderabad,2023,0.4561,0.4873,0.2,0.4,0.3,0.3,0.4762,21,0.5,0.3333,3,1489.52,1441.35,48.17,-0.0312,-0.2,0.0,0.1667,0.3333,-1,1,0,1
1359509,2023-04-25,Gujarat Titans,Mumbai Indians,"Narendra Modi Stadium, Ahmedabad",Ahmedabad,2023,0.7273,0.5654,0.6,0.6,0.7,0.5,0.0,1,0.5,0.5,10,1611.12,1506.99,104.13,0.1619,0.0,0.2,0.0,0.8,1,0,1,1
1359510,2023-04-26,Kolkata Knight Riders,Royal Challengers Bangalore,"M Chinnaswamy Stadium, Bengaluru",Bengaluru,2023,0.5043,0.4913,0.2,0.6,0.4,0.6,0.5484,31,0.5,0.6,5,1470.63,1559.61,-88.98,0.013,-0.4,-0.2,-0.1,0.4,-1,0,1,1
1359511,2023-04-27,Rajasthan Royals,Chennai Super Kings,"Sawai Mansingh Stadium, Jaipur",Jaipur,2023,0.5076,0.586,0.6,0.8,0.5,0.5,0.4444,27,0.0,0.5,1,1540.24,1546.17,-5.93,-0.0784,-0.2,0.0,-0.5,0.0,1,1,0,1
1359512,2023-04-28,Lucknow Super Giants,Punjab Kings,"Punjab Cricket Association IS Bindra Stadium, Mohali, Chandigarh",Chandigarh,2023,0.5909,0.4667,0.6,0.4,0.5,0.6,0.5,2,0.5,0.3333,3,1549.47,1529.31,20.16,0.1242,0.2,-0.1,0.1667,0.3333,-1,0,1,1
1359513,2023-04-29,Kolkata Knight Riders,Gujarat Titans,"Eden Gardens, Kolkata",Kolkata,2023,0.5065,0.7391,0.2,0.6,0.4,0.7,0.5,2,0.3333,1.0,5,1490.64,1622.47,-131.83,-0.2326,-0.4,-0.3,-0.6667,0.2,1,0,1,0
1359514,2023-04-29,Sunrisers Hyderabad,Delhi Capitals,"Arun Jaitley Stadium, Delhi",Delhi,2023,0.4843,0.4585,0.4,0.4,0.3,0.4,0.5,22,0.0,0.3333,7,1427.56,1503.32,-75.76,0.0258,0.0,-0.1,-0.3333,0.8571,-1,1,0,1
1359515,2023-04-30,Chennai Super Kings,Punjab Kings,"MA Chidambaram Stadium, Chepauk, Chennai",Chennai,2023,0.5833,0.4646,0.6,0.4,0.5,0.5,0.5556,27,0.6667,0.5,13,1529.9,1514.24,15.66,0.1187,0.2,0.0,0.1667,0.3846,1,1,0,0
1359516,2023-04-30,Rajasthan Royals,Mumbai Indians,"Wankhede Stadium, Mumbai",Mumbai,2023,0.5101,0.563,0.6,0.6,0.6,0.5,0.4615,26,0.5,0.4286,34,1556.51,1495.65,60.86,-0.0529,0.0,0.1,0.0714,0.6176,-1,1,0,0
1359517,2023-05-01,Royal Challengers Bangalore,Lucknow Super Giants,"Bharat Ratna Shri Atal Bihari Vajpayee Ekana Cricket Stadium, Lucknow",Lucknow,2023,0.4892,0.6087,0.6,0.6,0.5,0.6,0.6667,3,0.5,0.5,4,1539.6,1564.54,-24.95,-0.1195,0.0,-0.1,0.0,0.5,-1,1,0,1
1359518,2023-05-02,Delhi Capitals,Gujarat Titans,"Narendra Modi Stadium, Ahmedabad",Ahmedabad,2023,0.4565,0.75,0.4,0.8,0.3,0.8,0.0,2,0.6667,0.6,11,1483.88,1632.67,-148.79,-0.2935,-0.4,-0.5,0.0667,0.7273,-1,1,0,1
1359520,2023-05-03,Punjab Kings,Mumbai Indians,"Punjab Cricket Association IS Bindra Stadium, Mohali, Chandigarh",Chandigarh,2023,0.467,0.5649,0.6,0.6,0.6,0.5,0.5,30,0.25,0.5,4,1530.96,1514.42,16.53,-0.0979,0.0,0.1,-0.25,0.25,1,0,1,0
1359521,2023-05-04,Kolkata Knight Riders,Sunrisers Hyderabad,"Rajiv Gandhi International Stadium, Uppal, Hyderabad",Hyderabad,2023,0.5043,0.4875,0.2,0.4,0.3,0.4,0.625,24,0.5,0.25,4,1480.43,1446.99,33.44,0.0168,-0.2,-0.1,0.25,0.25,-1,1,0,1
1359522,2023-05-05,Rajasthan Royals,Gujarat Titans,"Sawai Mansingh Stadium, Jaipur",Jaipur,2023,0.5075,0.72,0.4,0.6,0.5,0.7,0.25,4,0.5,0.5,2,1537.74,1610.21,-72.47,-0.2125,-0.2,-0.2,0.0,0.0,1,1,0,0
1359523,2023-05-06,Mumbai Indians,Chennai Super Kings,"MA Chidambaram Stadium, Chepauk, Chennai",Chennai,2023,0.5667,0.5806,0.6,0.6,0.6,0.5,0.5714,35,0.4,0.5,14,1531.18,1513.18,18.01,-0.014,0.0,0.1,-0.1,0.4286,-1,0,1,0
1359524,2023-05-06,Royal Challengers Bangalore,Delhi Capitals,"Arun Jaitley Stadium, Delhi",Delhi,2023,0.4914,0.4589,0.6,0.6,0.5,0.3,0.6429,28,0.5,0.25,8,1556.74,1506.34,50.4,0.0325,0.0,0.2,0.25,0.75,-1,1,0,0
1359525,2023-05-07,Gujarat Titans,Lucknow Super Giants,"Narendra Modi Stadium, Ahmedabad",Ahmedabad,2023,0.7308,0.5833,0.8,0.4,0.7,0.5,1.0,3,0.5,0.5,12,1622.92,1547.4,75.52,0.1474,0.4,0.2,0.0,0.6667,1,0,1,1
1359526,2023-05-07,Rajasthan Royals,Sunrisers Hyderabad,"Sawai Mansingh Stadium, Jaipur",Jaipur,2023,0.505,0.4845,0.2,0.2,0.5,0.3,0.5294,17,0.3333,0.5,3,1525.03,1432.53,92.5,0.0205,0.0,0.2,-0.1667,0.3333,1,1,0,0
1359527,2023-05-08,Punjab Kings,Kolkata Knight Riders,"Eden Gardens, Kolkata",Kolkata,2023,0.4649,0.5064,0.4,0.4,0.5,0.4,0.3548,31,0.5,0.25,6,1514.2,1494.9,19.3,-0.0415,0.0,0.1,0.25,0.3333,-1,1,0,0
1359528,2023-05-09,Royal Challengers Bangalore,Mumbai Indians,"Wankhede Stadium, Mumbai",Mumbai,2023,0.4893,0.5643,0.6,0.4,0.5,0.5,0.4516,31,0.8333,0.5,35,1538.44,1514.36,24.08,-0.075,0.2,0.0,0.3333,0.6286,-1,0,1,0
1359529,2023-05-10,Chennai Super Kings,Delhi Capitals,"MA Chidambaram Stadium, Chepauk, Chennai",Chennai,2023,0.5826,0.4612,0.6,0.8,0.6,0.4,0.6296,27,0.6,1.0,15,1530.01,1524.65,5.36,0.1214,-0.2,0.2,-0.4,0.4667,1,1,0,1
1359530,2023-05-11,Kolkata Knight Riders,Rajasthan Royals,"Eden Gardens, Kolkata",Kolkata,2023,0.5085,0.5025,0.6,0.2,0.5,0.4,0.5385,26,0.4,0.0,7,1511.78,1504.86,6.92,0.0061,0.4,0.1,0.4,0.4286,1,0,1,0
1359531,2023-05-12,Mumbai Indians,Gujarat Titans,"Wankhede Stadium, Mumbai",Mumbai,2023,0.5661,0.7407,0.6,0.8,0.6,0.7,0.5,2,0.5556,0.75,36,1531.46,1635.49,-104.03,-0.1746,-0.2,-0.1,-0.1944,0.6389,1,0,1,1
1359532,2023-05-13,Sunrisers Hyderabad,Lucknow Super Giants,"Rajiv Gandhi International Stadium, Uppal, Hyderabad",Hyderabad,2023,0.4877,0.56,0.4,0.4,0.4,0.5,0.0,2,0.2,0.5,5,1452.69,1534.82,-82.13,-0.0723,0.0,-0.1,-0.3,0.2,1,1,0,0
1359533,2023-05-13,Punjab Kings,Delhi Capitals,"Arun Jaitley Stadium, Delhi",Delhi,2023,0.4629,0.4592,0.4,0.6,0.4,0.4,0.5,30,0.5,0.4,9,1497.31,1508.9,-11.59,0.0037,-0.2,0.0,0.1,0.7778,-1,0,1,1
1359534,2023-05-14,Royal Challengers Bangalore,Rajasthan Royals,"Sawai Mansingh Stadium, Jaipur",Jaipur,2023,0.4872,0.505,0.4,0.4,0.4,0.5,0.5385,26,0.5,0.25,4,1521.33,1521.18,0.15,-0.0178,0.0,-0.1,0.25,0.5,-1,1,0,1
1359535,2023-05-14,Chennai Super Kings,Kolkata Knight Riders,"MA Chidambaram Stadium, Chepauk, Chennai",Chennai,2023,0.5845,0.5064,0.6,0.6,0.7,0.4,0.6667,27,0.6667,0.3333,16,1545.76,1495.47,50.29,0.0781,0.0,0.3,0.3333,0.4375,1,1,0,0
1359536,2023-05-15,Gujarat Titans,Sunrisers Hyderabad,"Narendra Modi Stadium, Ahmedabad",Ahmedabad,2023,0.7143,0.4847,0.6,0.4,0.6,0.4,0.5,2,0.5714,0.5,13,1614.84,1440.4,174.44,0.2296,0.2,0.2,0.0714,0.6154,1,0,1,1
1359537,2023-05-16,Lucknow Super Giants,Mumbai Indians,"Bharat Ratna Shri Atal Bihari Vajpayee Ekana Cricket Stadium, Lucknow",Lucknow,2023,0.5769,0.5679,0.4,0.8,0.5,0.7,1.0,2,0.4,0.5,5,1547.11,1552.12,-5.01,0.009,-0.4,-0.2,-0.1,0.4,1,0,1,1
1359538,2023-05-17,Delhi Capitals,Punjab Kings,"Himachal Pradesh Cricket Association Stadium, Dharamsala",Dharamsala,2023,0.4573,0.4652,0.4,0.4,0.4,0.4,0.4839,31,0.5,0.5,0,1492.36,1513.84,-21.48,-0.008,0.0,0.0,0.0,0.5,-1,0,1,1
1359539,2023-05-18,Sunrisers Hyderabad,Royal Challengers Bangalore,"Rajiv Gandhi International Stadium, Uppal, Hyderabad",Hyderabad,2023,0.4817,0.4894,0.4,0.4,0.4,0.5,0.5714,21,0.1667,0.5,6,1431.82,1537.32,-105.5,-0.0077,0.0,-0.1,-0.3333,0.3333,1,0,1,0
1359540,2023-05-19,Punjab Kings,Rajasthan Royals,"Himachal Pradesh Cricket Association Stadium, Dharamsala",Dharamsala,2023,0.4632,0.5025,0.4,0.2,0.4,0.4,0.44,25,0.0,0.5,1,1496.85,1505.19,-8.33,-0.0393,0.2,0.0,-0.5,0.0,1,0,1,0
1359541,2023-05-20,Chennai Super Kings,Delhi Capitals,"Arun Jaitley Stadium, Delhi",Delhi,2023,0.5818,0.4596,0.4,0.6,0.6,0.5,0.6429,28,0.5,0.3333,10,1527.46,1509.35,18.11,0.1222,-0.2,0.1,0.1667,0.7,-1,1,0,1
1359542,2023-05-20,Lucknow Super Giants,Kolkata Knight Riders,"Eden Gardens, Kolkata",Kolkata,2023,0.5926,0.5085,0.6,0.6,0.6,0.4,1.0,2,0.0,0.3333,8,1563.34,1513.77,49.57,0.0841,0.0,0.2,-0.3333,0.5,-1,0,1,1
1359543,2023-05-21,Sunrisers Hyderabad,Mumbai Indians,"Wankhede Stadium, Mumbai",Mumbai,2023,0.4788,0.5656,0.2,0.6,0.3,0.6,0.45,20,0.25,0.6,37,1420.54,1535.89,-115.35,-0.0868,-0.4,-0.3,-0.35,0.6216,-1,0,1,0
1359544,2023-05-21,Royal Challengers Bangalore,Gujarat Titans,"M Chinnaswamy Stadium, Bengaluru",Bengaluru,2023,0.4915,0.7241,0.6,0.6,0.6,0.7,0.5,2,0.5,0.5,6,1548.61,1623.42,-74.81,-0.2326,0.0,-0.1,0.0,0.3333,1,0,1,0
1370350,2023-05-23,Chennai Super Kings,Gujarat Titans,"MA Chidambaram Stadium, Chepauk, Chennai",Chennai,2023,0.5837,0.7333,0.6,0.8,0.6,0.7,0.0,3,0.5714,0.5,17,1542.63,1636.03,-93.4,-0.1496,-0.2,-0.1,0.0714,0.4706,1,0,1,1
1370351,2023-05-24,Mumbai Indians,Lucknow Super Giants,"MA Chidambaram Stadium, Chepauk, Chennai",Chennai,2023,0.5673,0.6071,0.6,0.6,0.6,0.6,0.0,3,0.3333,0.0,18,1546.76,1577.07,-30.31,-0.0398,0.0,0.0,0.3333,0.4444,0,1,0,1
1370352,2023-05-26,Gujarat Titans,Mumbai Indians,"Narendra Modi Stadium, Ahmedabad",Ahmedabad,2023,0.7097,0.5691,0.6,0.8,0.7,0.6,0.3333,3,0.625,0.0,14,1615.83,1564.15,51.68,0.1406,-0.2,0.1,0.625,0.5714,1,0,1,1
1370353,2023-05-29,Gujarat Titans,Chennai Super Kings,"Narendra Modi Stadium, Ahmedabad",Ahmedabad,2023,0.7188,0.5856,0.6,0.8,0.7,0.7,0.75,4,0.6667,0.0,15,1629.47,1562.83,66.64,0.1332,-0.2,0.0,0.6667,0.5333,1,0,1,0
1422119,2024-03-22,Royal Challengers Bangalore,Chennai Super Kings,"MA Chidambaram Stadium, Chepauk, Chennai",Chennai,2024,0.4895,0.5874,0.4,0.8,0.5,0.7,0.3333,30,1.0,0.625,19,1536.0,1581.86,-45.86,-0.098,-0.4,-0.2,0.375,0.4211,-1,1,0,0
1422120,2024-03-23,Delhi Capitals,Punjab Kings,"Maharaja Yadavindra Singh International Cricket Stadium, Mullanpur",Mohali,2024,0.4576,0.4612,0.4,0.2,0.5,0.4,0.5,32,0.5,0.5,0,1494.18,1481.24,12.94,-0.0036,0.2,0.1,0.0,0.5,-1,0,1,0
1422121,2024-03-23,Kolkata Knight Riders,Sunrisers Hyderabad,"Eden Gardens, Kolkata",Kolkata,2024,0.5063,0.4759,0.6,0.2,0.4,0.2,0.64,25,0.2857,1.0,9,1500.03,1409.66,90.37,0.0304,0.4,0.2,-0.7143,0.4444,1,0,1,1
1422122,2024-03-24,Rajasthan Royals,Lucknow Super Giants,"Sawai Mansingh Stadium, Jaipur",Jaipur,2024,0.5049,0.5862,0.4,0.6,0.4,0.5,0.6667,3,0.2,1.0,5,1520.81,1559.68,-38.87,-0.0813,-0.2,-0.1,-0.8,0.4,1,1,0,1
1422123,2024-03-24,Gujarat Titans,Mumbai Indians,"Narendra Modi Stadium, Ahmedabad",Ahmedabad,2024,0.697,0.5668,0.6,0.6,0.6,0.6,0.5,4,0.6,0.0,16,1610.43,1550.51,59.92,0.1302,0.0,0.0,0.6,0.5625,1,0,1,1
1422124,2024-03-25,Punjab Kings,Royal Challengers Bangalore,"M Chinnaswamy Stadium, Bengaluru",Bengaluru,2024,0.4635,0.4874,0.4,0.4,0.4,0.5,0.5484,31,0.5,0.4286,7,1497.83,1522.1,-24.27,-0.0239,0.0,-0.1,0.0714,0.4286,-1,0,1,0
1422125,2024-03-26,Chennai Super Kings,Gujarat Titans,"MA Chidambaram Stadium, Chepauk, Chennai",Chennai,2024,0.5893,0.7059,0.8,0.6,0.7,0.6,0.4,5,0.6667,0.0,20,1595.76,1623.7,-27.94,-0.1166,0.2,0.1,0.6667,0.45,1,0,1,1
1422126,2024-03-27,Sunrisers Hyderabad,Mumbai Indians,"Rajiv Gandhi International Stadium, Uppal, Hyderabad",Hyderabad,2024,0.4731,0.5645,0.0,0.4,0.2,0.6,0.4286,21,0.1429,1.0,7,1397.73,1537.25,-139.52,-0.0915,-0.4,-0.4,-0.8571,0.4286,1,0,1,1
1422127,2024-03-28,Rajasthan Royals,Delhi Capitals,"Sawai Mansingh Stadium, Jaipur",Jaipur,2024,0.5073,0.4557,0.6,0.2,0.4,0.5,0.5185,27,0.3333,0.5,6,1538.59,1477.59,61.0,0.0516,0.4,-0.1,-0.1667,0.3333,1,0,1,1
1422128,2024-03-29,Royal Challengers Bangalore,Kolkata Knight Riders,"M Chinnaswamy Stadium, Bengaluru",Bengaluru,2024,0.4895,0.5084,0.6,0.6,0.5,0.5,0.4375,32,0.5,1.0,8,1536.99,1511.96,25.02,-0.0189,0.0,0.0,-0.5,0.5,1,0,1,0
1422129,2024-03-30,Lucknow Super Giants,Punjab Kings,"Bharat Ratna Shri Atal Bihari Vajpayee Ekana Cricket Stadium, Lucknow",Lucknow,2024,0.5667,0.4615,0.6,0.4,0.5,0.4,0.6667,3,0.5,1.0,6,1541.9,1482.95,58.95,0.1051,0.2,0.1,-0.5,0.3333,1,1,0,1
1422130,2024-03-31,Sunrisers Hyderabad,Gujarat Titans,"Narendra Modi Stadium, Ahmedabad",Ahmedabad,2024,0.4762,0.6857,0.2,0.4,0.3,0.6,0.3333,3,0.0,0.6364,17,1419.83,1606.42,-186.59,-0.2095,-0.2,-0.3,-0.6364,0.5294,-1,1,0,0
1422131,2024-03-31,Delhi Capitals,Chennai Super Kings,"Dr. Y.S. Rajasekhara Reddy ACA-VDCA Cricket Stadium, Visakhapatnam",Visakhapatnam,2024,0.4538,0.5911,0.2,1.0,0.4,0.7,0.3448,29,0.5,0.5,0,1464.37,1613.04,-148.68,-0.1373,-0.8,-0.3,0.0,0.5,0,1,0,1
1422132,2024-04-01,Mumbai Indians,Rajasthan Royals,"Wankhede Stadium, Mumbai",Mumbai,2024,0.5622,0.5097,0.4,0.8,0.5,0.5,0.5556,27,0.6364,0.4545,38,1515.15,1551.81,-36.66,0.0525,-0.4,0.0,0.1818,0.6316,1,0,1,0
1422133,2024-04-02,Lucknow Super Giants,Royal Challengers Bangalore,"M Chinnaswamy Stadium, Bengaluru",Bengaluru,2024,0.5806,0.4875,0.6,0.4,0.5,0.4,0.25,4,1.0,0.4444,9,1555.21,1519.84,35.37,0.0931,0.2,0.1,0.5556,0.5556,-1,0,1,1
1422134,2024-04-03,Kolkata Knight Riders,Delhi Capitals,"Dr. Y.S. Rajasekhara Reddy ACA-VDCA Cricket Stadium, Visakhapatnam",Visakhapatnam,2024,0.5105,0.4561,0.6,0.4,0.6,0.4,0.5161,31,0.5,1.0,1,1529.11,1486.83,42.29,0.0544,0.2,0.2,-0.5,0.0,0,1,0,1
1422135,2024-04-04,Gujarat Titans,Punjab Kings,"Narendra Modi Stadium, Ahmedabad",Ahmedabad,2024,0.6944,0.4596,0.6,0.2,0.6,0.3,0.6667,3,0.6667,0.3333,18,1614.57,1469.64,144.93,0.2349,0.4,0.3,0.3333,0.5556,1,0,1,0
1422136,2024-04-05,Chennai Super Kings,Sunrisers Hyderabad,"Rajiv Gandhi International Stadium, Uppal, Hyderabad",Hyderabad,2024,0.5885,0.4734,0.8,0.2,0.7,0.3,0.7368,19,0.5,0.25,8,1590.59,1411.68,178.9,0.1151,0.6,0.4,0.25,0.375,-1,0,1,0
1422137,2024-04-06,Royal Challengers Bangalore,Rajasthan Royals,"Sawai Mansingh Stadium, Jaipur",Jaipur,2024,0.4855,0.5121,0.2,0.8,0.4,0.6,0.5556,27,1.0,0.4286,7,1505.46,1566.13,-60.67,-0.0266,-0.6,-0.2,0.5714,0.2857,-1,0,1,0
1422138,2024-04-07,Mumbai Indians,Delhi Capitals,"Wankhede Stadium, Mumbai",Mumbai,2024,0.56,0.4542,0.2,0.2,0.4,0.4,0.5455,33,0.5833,0.375,39,1500.83,1472.76,28.07,0.1058,0.0,0.0,0.2083,0.641,1,0,1,1
1422139,2024-04-07,Lucknow Super Giants,Gujarat Titans,"Bharat Ratna Shri Atal Bihari Vajpayee Ekana Cricket Stadium, Lucknow",Lucknow,2024,0.5938,0.6757,0.6,0.4,0.6,0.5,0.0,4,0.5714,1.0,7,1569.58,1592.25,-22.67,-0.0819,0.2,0.1,-0.4286,0.2857,1,1,0,1
1426260,2024-04-08,Kolkata Knight Riders,Chennai Super Kings,"MA Chidambaram Stadium, Chepauk, Chennai",Chennai,2024,0.5125,0.5859,0.8,0.6,0.7,0.7,0.3571,28,0.5,0.7,21,1543.18,1567.01,-23.83,-0.0734,0.2,0.0,-0.2,0.4286,-1,0,1,0
1426261,2024-04-09,Sunrisers Hyderabad,Punjab Kings,"Maharaja Yadavindra Singh International Cricket Stadium, Mullanpur",Mohali,2024,0.4765,0.4619,0.4,0.4,0.3,0.4,0.6667,21,0.5,1.0,1,1435.26,1491.95,-56.69,0.0146,0.0,-0.1,-0.5,1.0,-1,0,1,1
1426262,2024-04-10,Rajasthan Royals,Gujarat Titans,"Sawai Mansingh Stadium, Jaipur",Jaipur,2024,0.5144,0.6579,1.0,0.4,0.6,0.5,0.2,5,0.5,1.0,8,1579.36,1575.21,4.15,-0.1435,0.6,0.1,-0.5,0.375,1,0,1,0
1426263,2024-04-11,Royal Challengers Bangalore,Mumbai Indians,"Wankhede Stadium, Mumbai",Mumbai,2024,0.4835,0.5618,0.2,0.2,0.3,0.5,0.4375,32,0.7143,0.6154,40,1492.22,1515.54,-23.31,-0.0783,0.0,-0.2,0.0989,0.625,-1,0,1,0
1426264,2024-04-12,Lucknow Super Giants,Delhi Capitals,"Bharat Ratna Shri Atal Bihari Vajpayee Ekana Cricket Stadium, Lucknow",Lucknow,2024,0.6061,0.4523,0.6,0.2,0.6,0.3,1.0,3,0.625,0.0,8,1586.63,1458.05,128.57,0.1538,0.4,0.3,0.625,0.25,1,1,0,0
1426265,2024-04-13,Punjab Kings,Rajasthan Royals,"Maharaja Yadavindra Singh International Cricket Stadium, Mullanpur",Mohali,2024,0.4599,0.512,0.4,0.8,0.3,0.6,0.4231,26,0.5,0.5,2,1473.36,1563.17,-89.81,-0.052,-0.4,-0.3,0.0,0.5,1,0,1,0
1426266,2024-04-14,Lucknow Super Giants,Kolkata Knight Riders,"Eden Gardens, Kolkata",Kolkata,2024,0.5882,0.5104,0.6,0.6,0.6,0.6,1.0,3,0.5,0.375,10,1564.96,1528.27,36.69,0.0779,0.0,0.0,0.125,0.4,-1,0,1,0
1426267,2024-04-14,Chennai Super Kings,Mumbai Indians,"Wankhede Stadium, Mumbai",Mumbai,2024,0.5877,0.5635,0.6,0.4,0.7,0.5,0.4444,36,0.5,0.6429,41,1581.91,1530.47,51.44,0.0242,0.2,0.2,-0.1429,0.6341,-1,0,1,1
1426268,2024-04-15,Sunrisers Hyderabad,Royal Challengers Bangalore,"M Chinnaswamy Stadium, Bengaluru",Bengaluru,2024,0.4795,0.4815,0.6,0.2,0.4,0.3,0.5455,22,0.5,0.4,10,1453.85,1477.3,-23.44,-0.0019,0.4,0.1,0.1,0.5,-1,0,1,1
1426269,2024-04-16,Kolkata Knight Riders,Rajasthan Royals,"Eden Gardens, Kolkata",Kolkata,2024,0.5124,0.5143,0.8,0.8,0.7,0.7,0.5185,27,0.4444,0.5,11,1545.95,1575.12,-29.17,-0.0019,0.0,0.0,-0.0556,0.4545,1,0,1,0
1426270,2024-04-17,Gujarat Titans,Delhi Capitals,"Narendra Modi Stadium, Ahmedabad",Ahmedabad,2024,0.6667,0.4545,0.4,0.4,0.5,0.3,0.6667,3,0.6154,0.75,19,1591.4,1479.72,111.68,0.2121,0.0,0.2,-0.1346,0.5789,1,0,1,0
1426271,2024-04-18,Mumbai Indians,Punjab Kings,"Maharaja Yadavindra Singh International Cricket Stadium, Mullanpur",Mohali,2024,0.5613,0.458,0.4,0.2,0.4,0.3,0.5161,31,0.5,0.3333,3,1516.82,1461.41,55.41,0.1033,0.2,0.1,0.1667,0.6667,-1,0,1,1
1426272,2024-04-19,Chennai Super Kings,Lucknow Super Giants,"Bharat Ratna Shri Atal Bihari Vajpayee Ekana Cricket Stadium, Lucknow",Lucknow,2024,0.5895,0.5714,0.6,0.6,0.7,0.6,0.5,2,0.5,0.5556,9,1595.56,1547.28,48.28,0.0181,0.0,0.1,-0.0556,0.3333,-1,0,1,0
1426273,2024-04-20,Sunrisers Hyderabad,Delhi Capitals,"Arun Jaitley Stadium, Delhi",Delhi,2024,0.4826,0.4568,0.8,0.6,0.4,0.4,0.5217,23,0.3333,0.2857,11,1470.93,1500.69,-29.76,0.0258,0.2,0.0,0.0476,0.6364,-1,0,1,1
1426274,2024-04-21,Kolkata Knight Riders,Royal Challengers Bangalore,"Eden Gardens, Kolkata",Kolkata,2024,0.5103,0.4795,0.6,0.0,0.6,0.3,0.5758,33,0.4,0.5,12,1531.29,1460.22,71.08,0.0308,0.6,0.3,-0.1,0.5,1,0,1,1
1426275,2024-04-21,Punjab Kings,Gujarat Titans,"Maharaja Yadavindra Singh International Cricket Stadium, Mullanpur",Mohali,2024,0.4561,0.65,0.2,0.4,0.3,0.4,0.5,4,0.25,0.5,4,1447.94,1570.43,-122.49,-0.1939,-0.2,-0.1,-0.25,0.5,1,1,0,0
1426276,2024-04-22,Mumbai Indians,Rajasthan Royals,"Sawai Mansingh Stadium, Jaipur",Jaipur,2024,0.563,0.5166,0.6,0.8,0.5,0.8,0.5357,28,0.5,0.4444,9,1530.29,1589.78,-59.49,0.0464,-0.2,-0.3,0.0556,0.4444,-1,1,0,0
1426277,2024-04-23,Chennai Super Kings,Lucknow Super Giants,"MA Chidambaram Stadium, Chepauk, Chennai",Chennai,2024,0.587,0.5833,0.4,0.6,0.7,0.6,0.3333,3,0.7273,0.0,22,1577.35,1565.49,11.86,0.0036,-0.2,0.1,0.7273,0.4545,1,0,1,0
1426278,2024-04-24,Delhi Capitals,Gujarat Titans,"Arun Jaitley Stadium, Delhi",Delhi,2024,0.4549,0.6585,0.4,0.4,0.4,0.5,0.5,4,0.25,1.0,12,1483.32,1581.01,-97.69,-0.2036,0.0,-0.1,-0.75,0.5833,1,0,1,1
1426279,2024-04-25,Royal Challengers Bangalore,Sunrisers Hyderabad,"Rajiv Gandhi International Stadium, Uppal, Hyderabad",Hyderabad,2024,0.4776,0.4855,0.0,0.8,0.2,0.5,0.4348,23,1.0,0.3333,9,1447.45,1488.3,-40.85,-0.008,-0.8,-0.3,0.6667,0.4444,-1,1,0,1
1426280,2024-04-26,Kolkata Knight Riders,Punjab Kings,"Eden Gardens, Kolkata",Kolkata,2024,0.5123,0.4542,0.6,0.2,0.6,0.2,0.6562,32,0.4545,0.0,13,1544.07,1437.36,106.71,0.0581,0.4,0.4,0.4545,0.4615,1,0,1,0
1426281,2024-04-27,Delhi Capitals,Mumbai Indians,"Arun Jaitley Stadium, Delhi",Delhi,2024,0.4571,0.5608,0.6,0.6,0.4,0.4,0.4412,34,0.3333,1.0,13,1503.71,1517.0,-13.29,-0.1036,0.0,0.0,-0.6667,0.5385,1,0,1,1
1426282,2024-04-27,Lucknow Super Giants,Rajasthan Royals,"Bharat Ratna Shri Atal Bihari Vajpayee Ekana Cricket Stadium, Lucknow",Lucknow,2024,0.5946,0.5189,0.6,0.8,0.6,0.8,0.25,4,0.6,0.5,10,1582.03,1603.07,-21.04,0.0757,-0.2,-0.2,0.1,0.4,1,0,1,0
1426283,2024-04-28,Gujarat Titans,Royal Challengers Bangalore,"Narendra Modi Stadium, Ahmedabad",Ahmedabad,2024,0.6429,0.4797,0.4,0.2,0.4,0.2,0.6667,3,0.5714,0.3333,20,1560.63,1465.32,95.31,0.1632,0.2,0.2,0.2381,0.6,1,0,1,0
1426284,2024-04-28,Chennai Super Kings,Sunrisers Hyderabad,"MA Chidambaram Stadium, Chepauk, Chennai",Chennai,2024,0.5844,0.4828,0.4,0.8,0.6,0.5,0.7,20,0.6667,0.1667,23,1560.8,1470.42,90.38,0.1017,-0.4,0.1,0.5,0.4783,1,0,1,1
1426285,2024-04-29,Delhi Capitals,Kolkata Knight Riders,"Eden Gardens, Kolkata",Kolkata,2024,0.4593,0.5102,0.8,0.4,0.5,0.6,0.4688,32,0.5,0.4167,14,1520.32,1523.3,-2.98,-0.0509,0.4,-0.1,0.0833,0.5,-1,1,0,0
1426286,2024-04-30,Mumbai Indians,Lucknow Super Giants,"Bharat Ratna Shri Atal Bihari Vajpayee Ekana Cricket Stadium, Lucknow",Lucknow,2024,0.5586,0.5789,0.4,0.4,0.3,0.5,0.25,4,0.0,0.5455,11,1500.39,1567.0,-66.61,-0.0204,0.0,-0.2,-0.5455,0.4545,-1,0,1,0
1426287,2024-05-01,Chennai Super Kings,Punjab Kings,"MA Chidambaram Stadium, Chepauk, Chennai",Chennai,2024,0.5862,0.4564,0.6,0.2,0.6,0.3,0.5357,28,0.6923,0.6667,24,1572.73,1458.12,114.61,0.1298,0.4,0.3,0.0256,0.4583,1,0,1,0
1426288,2024-05-02,Sunrisers Hyderabad,Rajasthan Royals,"Rajiv Gandhi International Stadium, Uppal, Hyderabad",Hyderabad,2024,0.48,0.5211,0.6,0.8,0.5,0.9,0.5,18,0.3,1.0,10,1458.5,1618.1,-159.61,-0.0411,-0.2,-0.4,-0.7,0.4,1,1,0,1
1426289,2024-05-03,Kolkata Knight Riders,Mumbai Indians,"Wankhede Stadium, Mumbai",Mumbai,2024,0.5122,0.5564,0.6,0.2,0.6,0.3,0.2812,32,0.4286,0.6,42,1539.16,1487.42,51.74,-0.0442,0.4,0.3,-0.1714,0.619,-1,0,1,1
1426290,2024-05-04,Gujarat Titans,Royal Challengers Bangalore,"M Chinnaswamy Stadium, Bengaluru",Bengaluru,2024,0.6279,0.4818,0.4,0.4,0.4,0.3,0.5,4,1.0,0.3636,11,1540.34,1485.6,54.74,0.1461,0.0,0.1,0.6364,0.4545,-1,0,1,0
1426291,2024-05-05,Chennai Super Kings,Punjab Kings,"Himachal Pradesh Cricket Association Stadium, Dharamsala",Dharamsala,2024,0.5837,0.4587,0.4,0.4,0.5,0.4,0.5172,29,0.5,0.0,2,1551.64,1479.22,72.42,0.125,0.0,0.1,0.5,0.5,-1,0,1,1
1426292,2024-05-05,Kolkata Knight Riders,Lucknow Super Giants,"Bharat Ratna Shri Atal Bihari Vajpayee Ekana Cricket Stadium, Lucknow",Lucknow,2024,0.5142,0.5897,0.6,0.6,0.7,0.6,0.25,4,0.5,0.5833,12,1552.8,1579.97,-27.17,-0.0756,0.0,0.1,-0.0833,0.5,-1,0,1,1
1426293,2024-05-06,Sunrisers Hyderabad,Mumbai Indians,"Wankhede Stadium, Mumbai",Mumbai,2024,0.483,0.5543,0.6,0.2,0.6,0.3,0.4545,22,0.2,0.5625,43,1481.37,1473.79,7.58,-0.0713,0.4,0.3,-0.3625,0.6047,-1,0,1,0
1426294,2024-05-07,Delhi Capitals,Rajasthan Royals,"Arun Jaitley Stadium, Delhi",Delhi,2024,0.4575,0.5187,0.6,0.8,0.5,0.8,0.4643,28,0.4,0.5,14,1504.46,1595.23,-90.77,-0.0612,-0.2,-0.3,-0.1,0.5,1,0,1,1
1426295,2024-05-08,Lucknow Super Giants,Sunrisers Hyderabad,"Rajiv Gandhi International Stadium, Uppal, Hyderabad",Hyderabad,2024,0.575,0.4802,0.6,0.4,0.6,0.6,1.0,3,1.0,0.3636,11,1562.72,1465.02,97.7,0.0948,0.2,0.0,0.6364,0.3636,-1,1,0,0
1426296,2024-05-09,Royal Challengers Bangalore,Punjab Kings,"Himachal Pradesh Cricket Association Stadium, Dharamsala",Dharamsala,2024,0.4839,0.4568,0.6,0.4,0.4,0.3,0.4688,32,0.5,0.0,3,1504.1,1466.51,37.6,0.0271,0.2,0.1,0.5,0.3333,-1,0,1,1
1426297,2024-05-10,Gujarat Titans,Chennai Super Kings,"Narendra Modi Stadium, Ahmedabad",Ahmedabad,2024,0.6136,0.5855,0.2,0.4,0.3,0.5,0.5,6,0.5333,0.5,21,1521.84,1564.35,-42.51,0.0282,-0.2,-0.2,0.0333,0.619,1,0,1,1
1426298,2024-05-11,Kolkata Knight Riders,Mumbai Indians,"Eden Gardens, Kolkata",Kolkata,2024,0.5161,0.556,0.8,0.2,0.7,0.4,0.303,33,0.4615,0.5,15,1570.05,1490.13,79.91,-0.0399,0.6,0.3,-0.0385,0.5333,1,0,1,1
1426299,2024-05-12,Rajasthan Royals,Chennai Super Kings,"MA Chidambaram Stadium, Chepauk, Chennai",Chennai,2024,0.5163,0.583,0.6,0.4,0.7,0.4,0.4643,28,1.0,0.6429,25,1575.14,1546.4,28.74,-0.0667,0.2,0.3,0.3571,0.48,-1,1,0,0
1426300,2024-05-12,Royal Challengers Bangalore,Delhi Capitals,"M Chinnaswamy Stadium, Bengaluru",Bengaluru,2024,0.4859,0.4597,0.8,0.6,0.4,0.6,0.6207,29,0.4167,0.0,12,1518.38,1524.54,-6.17,0.0263,0.2,-0.2,0.4167,0.5,1,0,1,1
1426302,2024-05-14,Delhi Capitals,Lucknow Super Giants,"Arun Jaitley Stadium, Delhi",Delhi,2024,0.4578,0.561,0.6,0.4,0.5,0.5,0.25,4,0.4545,0.5,15,1508.26,1542.34,-34.08,-0.1031,0.2,0.0,-0.0455,0.4667,1,0,1,1
1426303,2024-05-15,Rajasthan Royals,Punjab Kings,"Barsapara Cricket Stadium, Guwahati",Guwahati,2024,0.5139,0.4549,0.4,0.4,0.6,0.3,0.5926,27,0.5,1.0,2,1557.82,1452.23,105.59,0.059,0.0,0.3,-0.5,0.0,0,1,0,0
1426305,2024-05-17,Lucknow Super Giants,Mumbai Indians,"Wankhede Stadium, Mumbai",Mumbai,2024,0.5476,0.5538,0.2,0.2,0.4,0.4,0.8,5,0.5,0.5882,44,1524.77,1477.75,47.02,-0.0062,0.0,0.0,-0.0882,0.6136,-1,0,1,1
1426306,2024-05-18,Royal Challengers Bangalore,Chennai Super Kings,"M Chinnaswamy Stadium, Bengaluru",Bengaluru,2024,0.488,0.5847,1.0,0.6,0.5,0.5,0.3226,31,0.4615,1.0,13,1534.66,1563.72,-29.06,-0.0967,0.4,0.0,-0.5385,0.4615,1,0,1,1
1426307,2024-05-19,Punjab Kings,Sunrisers Hyderabad,"Rajiv Gandhi International Stadium, Uppal, Hyderabad",Hyderabad,2024,0.4571,0.4831,0.6,0.4,0.4,0.6,0.3182,22,0.0,0.4167,12,1472.95,1485.4,-12.46,-0.026,0.2,-0.2,-0.4167,0.4167,-1,1,0,0
1426309,2024-05-21,Sunrisers Hyderabad,Kolkata Knight Riders,"Narendra Modi Stadium, Ahmedabad",Ahmedabad,2024,0.486,0.5181,0.6,0.8,0.7,0.7,0.3462,26,0.0,0.6667,22,1500.83,1582.43,-81.6,-0.032,-0.2,0.0,-0.6667,0.5909,0,1,0,0
1426310,2024-05-22,Royal Challengers Bangalore,Rajasthan Royals,"Narendra Modi Stadium, Ahmedabad",Ahmedabad,2024,0.49,0.5115,1.0,0.2,0.6,0.5,0.5357,28,0.5,0.6667,23,1552.0,1537.1,14.89,-0.0215,0.8,0.1,-0.1667,0.6087,0,0,1,0
1426311,2024-05-24,Sunrisers Hyderabad,Rajasthan Royals,"MA Chidambaram Stadium, Chepauk, Chennai",Chennai,2024,0.4833,0.5138,0.6,0.2,0.6,0.5,0.5263,19,0.1429,0.5,26,1488.52,1553.79,-65.27,-0.0304,0.4,0.1,-0.3571,0.5,0,0,1,1
1426312,2024-05-26,Sunrisers Hyderabad,Kolkata Knight Riders,"MA Chidambaram Stadium, Chepauk, Chennai",Chennai,2024,0.4862,0.52,0.6,1.0,0.6,0.7,0.3333,27,0.25,0.4,27,1507.49,1594.74,-87.25,-0.0338,-0.4,-0.1,-0.15,0.4815,0,1,0,0
1473438,2025-03-22,Kolkata Knight Riders,Royal Challengers Bangalore,"Eden Gardens, Kolkata",Kolkata,2025,0.5219,0.4881,1.0,0.8,0.8,0.6,0.5882,34,0.5,0.3333,16,1606.8,1535.31,71.49,0.0338,0.2,0.2,0.1667,0.5,1,0,1,0
1473439,2025-03-23,Sunrisers Hyderabad,Rajasthan Royals,"Rajiv Gandhi International Stadium, Uppal, Hyderabad",Hyderabad,2025,0.4835,0.5114,0.6,0.2,0.5,0.5,0.55,20,0.4615,0.5,13,1495.43,1534.82,-39.39,-0.0279,0.4,0.0,-0.0385,0.4615,1,0,1,1
1473440,2025-03-23,Mumbai Indians,Chennai Super Kings,"MA Chidambaram Stadium, Chepauk, Chennai",Chennai,2025,0.5517,0.5823,0.2,0.4,0.3,0.5,0.5405,37,0.4286,0.6667,28,1463.9,1546.39,-82.48,-0.0306,-0.2,-0.2,-0.2381,0.5,-1,0,1,0
1473441,2025-03-24,Lucknow Super Giants,Delhi Capitals,"Dr. Y.S. Rajasekhara Reddy ACA-VDCA Cricket Stadium, Visakhapatnam",Visakhapatnam,2025,0.5581,0.46,0.4,0.6,0.4,0.6,0.6,5,0.5,0.5,2,1538.62,1525.82,12.8,0.0981,-0.2,-0.2,0.0,0.0,0,0,1,0
1473442,2025-03-25,Punjab Kings,Gujarat Titans,"Narendra Modi Stadium, Ahmedabad",Ahmedabad,2025,0.4553,0.6222,0.4,0.4,0.3,0.4,0.4,5,0.5,0.5625,24,1457.52,1539.79,-82.27,-0.1669,0.0,-0.1,-0.0625,0.625,-1,0,1,1
1473443,2025-03-26,Rajasthan Royals,Kolkata Knight Riders,"Barsapara Cricket Stadium, Guwahati",Guwahati,2025,0.5091,0.5198,0.2,0.8,0.4,0.7,0.5,28,0.3333,0.5,3,1517.01,1587.56,-70.55,-0.0108,-0.6,-0.3,-0.1667,0.3333,0,0,1,0
1473444,2025-03-27,Sunrisers Hyderabad,Lucknow Super Giants,"Rajiv Gandhi International Stadium, Uppal, Hyderabad",Hyderabad,2025,0.4863,0.5455,0.6,0.2,0.5,0.4,0.25,4,0.5,0.5,14,1513.23,1522.03,-8.8,-0.0591,0.4,0.1,0.0,0.4286,1,0,1,0
1473445,2025-03-28,Royal Challengers Bangalore,Chennai Super Kings,"MA Chidambaram Stadium, Chepauk, Chennai",Chennai,2025,0.4901,0.584,0.8,0.6,0.7,0.5,0.3438,32,0.75,0.6875,29,1554.56,1558.66,-4.1,-0.0939,0.2,0.2,0.0625,0.5172,-1,0,1,1
1473446,2025-03-29,Gujarat Titans,Mumbai Indians,"Narendra Modi Stadium, Ahmedabad",Ahmedabad,2025,0.6087,0.5496,0.2,0.2,0.3,0.2,0.6,5,0.5294,0.0,25,1520.07,1451.63,68.44,0.0591,0.0,0.1,0.5294,0.6,1,0,1,1
1473447,2025-03-30,Sunrisers Hyderabad,Delhi Capitals,"Dr. Y.S. Rajasekhara Reddy ACA-VDCA Cricket Stadium, Visakhapatnam",Visakhapatnam,2025,0.4837,0.4622,0.4,0.6,0.5,0.7,0.5417,24,0.5,0.6667,3,1497.64,1542.41,-44.78,0.0215,-0.2,-0.2,-0.1667,0.3333,0,1,0,0
1473448,2025-03-30,Rajasthan Royals,Chennai Super Kings,"Barsapara Cricket Stadium, Guwahati",Guwahati,2025,0.5068,0.5816,0.2,0.4,0.3,0.4,0.4483,29,0.25,0.5,4,1504.22,1542.47,-38.25,-0.0748,-0.2,-0.1,-0.25,0.5,0,0,1,1
1473449,2025-03-31,Kolkata Knight Riders,Mumbai Indians,"Wankhede Stadium, Mumbai",Mumbai,2025,0.5217,0.5475,0.8,0.2,0.8,0.2,0.3235,34,0.5,0.5556,45,1600.35,1438.74,161.61,-0.0258,0.6,0.6,-0.0556,0.6,-1,0,1,0
1473450,2025-04-01,Lucknow Super Giants,Punjab Kings,"Bharat Ratna Shri Atal Bihari Vajpayee Ekana Cricket Stadium, Lucknow",Lucknow,2025,0.5556,0.4575,0.4,0.4,0.5,0.4,0.75,4,0.5385,0.5,13,1537.63,1477.24,60.39,0.0981,0.0,0.1,0.0385,0.4615,1,0,1,0
1473451,2025-04-02,Royal Challengers Bangalore,Gujarat Titans,"M Chinnaswamy Stadium, Bengaluru",Bengaluru,2025,0.4921,0.617,0.8,0.4,0.8,0.4,0.6,5,0.5,0.5,14,1570.75,1532.96,37.79,-0.1249,0.4,0.4,0.0,0.4286,1,0,1,0
1473452,2025-04-03,Kolkata Knight Riders,Sunrisers Hyderabad,"Eden Gardens, Kolkata",Kolkata,2025,0.5197,0.4811,0.6,0.4,0.7,0.5,0.6786,28,0.4667,0.5,17,1577.4,1483.69,93.72,0.0386,0.2,0.2,-0.0333,0.5294,1,0,1,1
1473453,2025-04-04,Lucknow Super Giants,Mumbai Indians,"Bharat Ratna Shri Atal Bihari Vajpayee Ekana Cricket Stadium, Lucknow",Lucknow,2025,0.5435,0.5492,0.4,0.2,0.4,0.2,0.8333,6,0.5,0.0,14,1518.87,1461.69,57.18,-0.0058,0.2,0.2,0.5,0.5,1,0,1,1
1473454,2025-04-05,Delhi Capitals,Chennai Super Kings,"MA Chidambaram Stadium, Chepauk, Chennai",Chennai,2025,0.4643,0.5792,0.8,0.4,0.7,0.4,0.3667,30,0.6667,0.6471,30,1556.36,1524.72,31.65,-0.1149,0.4,0.3,0.0196,0.5,-1,1,0,1
1473455,2025-04-05,Rajasthan Royals,Punjab Kings,"Maharaja Yadavindra Singh International Cricket Stadium, Mullanpur",Mohali,2025,0.509,0.4597,0.4,0.6,0.3,0.5,0.5714,28,1.0,0.2,5,1521.97,1495.99,25.98,0.0493,-0.2,-0.2,0.8,0.6,-1,0,1,1
1473457,2025-04-06,Sunrisers Hyderabad,Gujarat Titans,"Rajiv Gandhi International Stadium, Uppal, Hyderabad",Hyderabad,2025,0.4785,0.625,0.2,0.6,0.4,0.5,0.25,4,0.4667,0.5,15,1471.9,1550.69,-78.79,-0.1465,-0.4,-0.1,-0.0333,0.4667,1,0,1,0
1473458,2025-04-07,Royal Challengers Bangalore,Mumbai Indians,"Wankhede Stadium, Mumbai",Mumbai,2025,0.4902,0.5472,0.6,0.2,0.8,0.2,0.4242,33,0.625,0.5789,46,1553.01,1448.3,104.71,-0.057,0.4,0.6,0.0461,0.6087,-1,0,1,1
1473456,2025-04-08,Lucknow Super Giants,Kolkata Knight Riders,"Eden Gardens, Kolkata",Kolkata,2025,0.5532,0.5216,0.6,0.6,0.4,0.8,0.6,5,0.3333,0.5,18,1532.26,1589.19,-56.93,0.0316,0.0,-0.4,-0.1667,0.5,-1,0,1,1
1473459,2025-04-08,Punjab Kings,Chennai Super Kings,"Maharaja Yadavindra Singh International Cricket Stadium, Mullanpur",Mohali,2025,0.4578,0.5768,0.6,0.2,0.5,0.4,0.4667,30,0.1667,0.5,6,1481.19,1510.17,-28.98,-0.1189,0.4,0.1,-0.3333,0.5,1,1,0,1
1473460,2025-04-09,Gujarat Titans,Rajasthan Royals,"Narendra Modi Stadium, Ahmedabad",Ahmedabad,2025,0.6327,0.5112,0.8,0.4,0.5,0.3,0.8333,6,0.5556,0.75,26,1563.13,1536.78,26.35,0.1214,0.4,0.2,-0.1944,0.5769,1,0,1,1
1473461,2025-04-10,Royal Challengers Bangalore,Delhi Capitals,"M Chinnaswamy Stadium, Bengaluru",Bengaluru,2025,0.4922,0.4664,0.6,0.8,0.8,0.7,0.6333,30,0.4667,0.0,15,1564.33,1570.91,-6.58,0.0258,-0.2,0.1,0.4667,0.4667,1,0,1,0
1473462,2025-04-11,Chennai Super Kings,Kolkata Knight Riders,"MA Chidambaram Stadium, Chepauk, Chennai",Chennai,2025,0.5744,0.5195,0.2,0.4,0.3,0.7,0.6552,29,0.6111,0.5,31,1492.84,1570.59,-77.76,0.0548,-0.2,-0.4,0.1111,0.4839,1,0,1,0
1473463,2025-04-12,Gujarat Titans,Lucknow Super Giants,"Bharat Ratna Shri Atal Bihari Vajpayee Ekana Cricket Stadium, Lucknow",Lucknow,2025,0.64,0.5625,0.8,0.6,0.6,0.5,0.8,5,0.5,0.5333,15,1577.92,1550.86,27.05,0.0775,0.2,0.1,-0.0333,0.4667,-1,0,1,0
1473464,2025-04-12,Punjab Kings,Sunrisers Hyderabad,"Rajiv Gandhi International Stadium, Uppal, Hyderabad",Hyderabad,2025,0.46,0.4759,0.6,0.2,0.6,0.4,0.3043,23,0.0,0.4375,16,1498.52,1459.47,39.05,-0.0159,0.4,0.2,-0.4375,0.5,-1,1,0,0
1473465,2025-04-13,Rajasthan Royals,Royal Challengers Bangalore,"Sawai Mansingh Stadium, Jaipur",Jaipur,2025,0.5089,0.4903,0.4,0.6,0.3,0.7,0.4828,29,0.5,0.5,10,1521.99,1548.64,-26.65,0.0187,-0.2,-0.4,0.0,0.5,1,0,1,0
1473466,2025-04-13,Mumbai Indians,Delhi Capitals,"Arun Jaitley Stadium, Delhi",Delhi,2025,0.5451,0.4685,0.2,1.0,0.2,0.8,0.5429,35,0.75,0.5,16,1436.98,1586.61,-149.62,0.0766,-0.8,-0.6,0.25,0.4375,-1,0,1,1
1473467,2025-04-14,Lucknow Super Giants,Chennai Super Kings,"Bharat Ratna Shri Atal Bihari Vajpayee Ekana Cricket Stadium, Lucknow",Lucknow,2025,0.5714,0.572,0.8,0.0,0.5,0.3,0.75,4,0.5625,0.0,16,1568.11,1480.36,87.75,-0.0006,0.8,0.2,0.5625,0.5,1,0,1,0
1473468,2025-04-15,Punjab Kings,Kolkata Knight Riders,"Maharaja Yadavindra Singh International Cricket Stadium, Mullanpur",Mohali,2025,0.4582,0.5214,0.6,0.6,0.5,0.7,0.3636,33,0.2857,0.5,7,1480.73,1583.07,-102.34,-0.0632,0.0,-0.2,-0.2143,0.4286,1,1,0,1
1473469,2025-04-16,Delhi Capitals,Rajasthan Royals,"Arun Jaitley Stadium, Delhi",Delhi,2025,0.4667,0.5067,0.8,0.4,0.7,0.3,0.4828,29,0.4615,0.3333,17,1564.11,1507.21,56.9,-0.04,0.4,0.4,0.1282,0.4118,1,0,1,1
1473470,2025-04-17,Sunrisers Hyderabad,Mumbai Indians,"Wankhede Stadium, Mumbai",Mumbai,2025,0.4787,0.5468,0.2,0.4,0.4,0.3,0.4348,23,0.1667,0.55,47,1477.26,1459.48,17.78,-0.0681,-0.2,0.1,-0.3833,0.5957,-1,0,1,0
1473471,2025-04-18,Royal Challengers Bangalore,Punjab Kings,"M Chinnaswamy Stadium, Bengaluru",Bengaluru,2025,0.4922,0.4603,0.6,0.6,0.7,0.5,0.4848,33,0.4375,0.0,16,1563.41,1501.31,62.1,0.0319,0.0,0.2,0.4375,0.5,1,0,1,0
1473472,2025-04-19,Delhi Capitals,Gujarat Titans,"Narendra Modi Stadium, Ahmedabad",Ahmedabad,2025,0.4688,0.6275,0.8,0.8,0.7,0.5,0.6,5,0.8,0.5789,27,1577.52,1560.67,16.84,-0.1587,0.0,0.2,0.2211,0.5556,-1,0,1,0
1473473,2025-04-19,Lucknow Super Giants,Rajasthan Royals,"Sawai Mansingh Stadium, Jaipur",Jaipur,2025,0.56,0.5044,0.6,0.4,0.5,0.3,0.2,5,0.5,0.4545,11,1548.15,1493.81,54.34,0.0556,0.2,0.2,0.0455,0.5455,-1,1,0,1
1473474,2025-04-20,Punjab Kings,Royal Challengers Bangalore,"Maharaja Yadavindra Singh International Cricket Stadium, Mullanpur",Mohali,2025,0.4625,0.4903,0.6,0.4,0.6,0.6,0.5294,34,0.375,0.5,8,1520.14,1544.58,-24.44,-0.0279,0.2,0.0,-0.125,0.375,1,0,1,0
1473475,2025-04-20,Chennai Super Kings,Mumbai Indians,"Wankhede Stadium, Mumbai",Mumbai,2025,0.5738,0.5485,0.2,0.6,0.3,0.4,0.4737,38,0.5455,0.5714,48,1500.32,1476.3,24.02,0.0253,-0.4,-0.1,-0.026,0.6042,-1,0,1,0
1473476,2025-04-21,Gujarat Titans,Kolkata Knight Riders,"Eden Gardens, Kolkata",Kolkata,2025,0.6346,0.5194,0.8,0.4,0.6,0.6,0.6667,3,1.0,0.4706,19,1577.45,1562.49,14.96,0.1152,0.4,0.0,0.5294,0.4737,-1,0,1,1
1473477,2025-04-22,Lucknow Super Giants,Delhi Capitals,"Bharat Ratna Shri Atal Bihari Vajpayee Ekana Cricket Stadium, Lucknow",Lucknow,2025,0.5686,0.4669,0.8,0.6,0.6,0.7,0.5,6,0.5294,0.5,17,1561.67,1560.74,0.93,0.1017,0.2,-0.1,0.0294,0.5294,1,0,1,0
1473478,2025-04-23,Sunrisers Hyderabad,Mumbai Indians,"Rajiv Gandhi International Stadium, Uppal, Hyderabad",Hyderabad,2025,0.4762,0.5502,0.2,0.6,0.3,0.4,0.4167,24,0.4706,0.5,17,1460.44,1493.4,-32.96,-0.074,-0.4,-0.1,-0.0294,0.5294,1,0,1,0
1473479,2025-04-24,Royal Challengers Bangalore,Rajasthan Royals,"M Chinnaswamy Stadium, Bengaluru",Bengaluru,2025,0.4923,0.5022,0.6,0.2,0.6,0.3,0.5333,30,0.4118,0.0,17,1559.46,1480.29,79.17,-0.0099,0.4,0.3,0.4118,0.5294,1,0,1,1
1473480,2025-04-25,Chennai Super Kings,Sunrisers Hyderabad,"MA Chidambaram Stadium, Chepauk, Chennai",Chennai,2025,0.5714,0.4737,0.2,0.2,0.3,0.3,0.7143,21,0.5789,0.2222,32,1483.21,1445.96,37.26,0.0977,0.0,0.0,0.3567,0.5,1,0,1,0
1473482,2025-04-27,Mumbai Indians,Lucknow Super Giants,"Wankhede Stadium, Mumbai",Mumbai,2025,0.5519,0.5577,0.8,0.6,0.5,0.6,0.1429,7,0.5909,0.6,49,1507.89,1545.62,-37.74,-0.0058,0.2,-0.1,-0.0091,0.6122,1,0,1,1
1473483,2025-04-27,Delhi Capitals,Royal Challengers Bangalore,"Arun Jaitley Stadium, Delhi",Delhi,2025,0.469,0.4943,0.6,0.6,0.7,0.6,0.3871,31,0.5,0.0,18,1576.78,1571.87,4.91,-0.0253,0.0,0.1,0.5,0.3889,1,0,1,0
1473484,2025-04-28,Gujarat Titans,Rajasthan Royals,"Sawai Mansingh Stadium, Jaipur",Jaipur,2025,0.6415,0.5,0.8,0.0,0.7,0.2,0.8571,7,1.0,0.4167,12,1592.76,1467.88,124.88,0.1415,0.8,0.5,0.5833,0.5,-1,0,1,0
1473485,2025-04-29,Kolkata Knight Riders,Delhi Capitals,"Arun Jaitley Stadium, Delhi",Delhi,2025,0.5174,0.4672,0.4,0.4,0.5,0.7,0.5455,33,0.0,0.4667,19,1547.18,1560.56,-13.38,0.0502,0.0,-0.2,-0.4667,0.4211,-1,0,1,1
1473486,2025-04-30,Chennai Super Kings,Punjab Kings,"MA Chidambaram Stadium, Chepauk, Chennai",Chennai,2025,0.5691,0.4606,0.2,0.6,0.2,0.6,0.5161,31,0.55,0.75,33,1465.5,1505.26,-39.76,0.1085,-0.4,-0.4,-0.2,0.5152,1,0,1,0
1473487,2025-05-01,Mumbai Indians,Rajasthan Royals,"Sawai Mansingh Stadium, Jaipur",Jaipur,2025,0.5535,0.5022,1.0,0.2,0.6,0.3,0.5172,29,0.0,0.4615,13,1525.62,1489.39,36.23,0.0513,0.8,0.3,-0.4615,0.5385,-1,0,1,1
1473488,2025-05-02,Gujarat Titans,Sunrisers Hyderabad,"Narendra Modi Stadium, Ahmedabad",Ahmedabad,2025,0.6296,0.4764,0.6,0.4,0.7,0.3,0.8,5,0.6,0.0,28,1571.24,1463.67,107.58,0.1532,0.2,0.4,0.6,0.5714,1,0,1,1
1473489,2025-05-03,Royal Challengers Bangalore,Chennai Super Kings,"M Chinnaswamy Stadium, Bengaluru",Bengaluru,2025,0.4962,0.5668,0.8,0.2,0.7,0.2,0.3636,33,0.4444,0.5,18,1588.1,1451.33,136.77,-0.0706,0.6,0.5,-0.0556,0.5,1,0,1,1
1473490,2025-05-04,Kolkata Knight Riders,Rajasthan Royals,"Eden Gardens, Kolkata",Kolkata,2025,0.5192,0.5,0.4,0.2,0.5,0.3,0.5172,29,0.4444,0.6667,20,1563.79,1475.05,88.74,0.0192,0.2,0.2,-0.2222,0.45,1,1,0,1
1473491,2025-05-04,Punjab Kings,Lucknow Super Giants,"Himachal Pradesh Cricket Association Stadium, Dharamsala",Dharamsala,2025,0.4627,0.5472,0.6,0.4,0.6,0.5,0.4,5,0.0,0.5,4,1519.44,1527.89,-8.45,-0.0844,0.2,0.1,-0.5,0.25,1,0,1,1
1473493,2025-05-06,Mumbai Indians,Gujarat Titans,"Wankhede Stadium, Mumbai",Mumbai,2025,0.5551,0.6364,1.0,0.6,0.7,0.7,0.3333,6,0.6087,0.6,50,1539.96,1582.44,-42.49,-0.0812,0.4,0.0,0.0087,0.6,1,0,1,0
1473494,2025-05-07,Kolkata Knight Riders,Chennai Super Kings,"Eden Gardens, Kolkata",Kolkata,2025,0.5211,0.5645,0.6,0.2,0.5,0.1,0.3667,30,0.4737,1.0,21,1575.79,1441.32,134.48,-0.0434,0.4,0.4,-0.5263,0.4286,1,1,0,0
1473497,2025-05-18,Punjab Kings,Rajasthan Royals,"Sawai Mansingh Stadium, Jaipur",Jaipur,2025,0.4648,0.4978,0.8,0.2,0.7,0.3,0.4138,29,0.5,0.4286,14,1535.83,1463.05,72.78,-0.033,0.6,0.4,0.0714,0.5,-1,1,0,1
1473498,2025-05-18,Delhi Capitals,Gujarat Titans,"Arun Jaitley Stadium, Delhi",Delhi,2025,0.4654,0.6429,0.4,0.8,0.6,0.8,0.5,6,0.4375,0.5,20,1543.94,1596.49,-52.55,-0.1775,-0.4,-0.2,-0.0625,0.4,1,0,1,0
1473499,2025-05-19,Lucknow Super Giants,Sunrisers Hyderabad,"Bharat Ratna Shri Atal Bihari Vajpayee Ekana Cricket Stadium, Lucknow",Lucknow,2025,0.537,0.474,0.2,0.4,0.5,0.3,0.8,5,0.5,0.0,18,1511.5,1452.47,59.04,0.0631,-0.2,0.2,0.5,0.5556,1,0,1,0
1473500,2025-05-20,Chennai Super Kings,Rajasthan Royals,"Arun Jaitley Stadium, Delhi",Delhi,2025,0.5663,0.4957,0.2,0.2,0.2,0.2,0.5333,30,0.6667,0.25,21,1463.22,1450.36,12.86,0.0706,0.0,0.0,0.4167,0.4286,0,0,1,0
1473501,2025-05-21,Mumbai Indians,Delhi Capitals,"Wankhede Stadium, Mumbai",Mumbai,2025,0.5531,0.4636,0.8,0.2,0.7,0.5,0.5556,36,0.5833,0.3333,51,1525.9,1530.34,-4.44,0.0895,0.6,0.2,0.25,0.6078,1,0,1,1
1473502,2025-05-22,Lucknow Super Giants,Gujarat Titans,"Narendra Modi Stadium, Ahmedabad",Ahmedabad,2025,0.5273,0.6491,0.2,0.8,0.4,0.8,0.3333,6,0.0,0.619,29,1492.81,1610.09,-117.28,-0.1219,-0.6,-0.4,-0.619,0.5517,-1,0,1,1
1473503,2025-05-23,Sunrisers Hyderabad,Royal Challengers Bangalore,"Bharat Ratna Shri Atal Bihari Vajpayee Ekana Cricket Stadium, Lucknow",Lucknow,2025,0.4767,0.4981,0.4,0.8,0.3,0.7,0.5417,24,0.5,1.0,19,1471.16,1598.11,-126.95,-0.0214,-0.4,-0.4,-0.5,0.5789,0,0,1,1
1485779,2025-05-24,Punjab Kings,Delhi Capitals,"Sawai Mansingh Stadium, Jaipur",Jaipur,2025,0.4669,0.4618,0.8,0.2,0.7,0.4,0.5152,33,1.0,0.0,15,1548.53,1514.14,34.39,0.0051,0.6,0.3,1.0,0.4667,0,0,1,0
1473504,2025-05-25,Chennai Super Kings,Gujarat Titans,"Narendra Modi Stadium, Ahmedabad",Ahmedabad,2025,0.564,0.6379,0.2,0.6,0.2,0.7,0.4286,7,0.3333,0.5909,30,1446.63,1588.89,-142.26,-0.0739,-0.4,-0.5,-0.2576,0.5333,-1,1,0,1
1473505,2025-05-25,Sunrisers Hyderabad,Kolkata Knight Riders,"Arun Jaitley Stadium, Delhi",Delhi,2025,0.4794,0.5191,0.6,0.4,0.4,0.5,0.3103,29,0.5,0.5,22,1492.76,1553.89,-61.13,-0.0397,0.2,-0.1,0.0,0.4545,0,1,0,1
1473506,2025-05-26,Mumbai Indians,Punjab Kings,"Sawai Mansingh Stadium, Jaipur",Jaipur,2025,0.5547,0.4651,0.8,0.6,0.7,0.6,0.5312,32,0.5,0.5,16,1542.11,1530.95,11.16,0.0896,0.2,0.1,0.0,0.5,0,0,1,0
1473507,2025-05-27,Lucknow Super Giants,Royal Challengers Bangalore,"Bharat Ratna Shri Atal Bihari Vajpayee Ekana Cricket Stadium, Lucknow",Lucknow,2025,0.5357,0.4962,0.2,0.8,0.5,0.6,0.4,5,0.4737,0.5,20,1514.02,1576.51,-62.49,0.0395,-0.6,-0.1,-0.0263,0.55,1,0,1,0
1473508,2025-05-29,Punjab Kings,Royal Challengers Bangalore,"Maharaja Yadavindra Singh International Cricket Stadium, Mullanpur",New Chandigarh,2025,0.4672,0.4981,0.8,0.8,0.7,0.7,0.5143,35,0.3333,1.0,9,1547.46,1589.66,-42.2,-0.0309,0.0,0.0,-0.6667,0.4444,0,0,1,0
1473509,2025-05-30,Mumbai Indians,Gujarat Titans,"Maharaja Yadavindra Singh International Cricket Stadium, New Chandigarh",New Chandigarh,2025,0.5527,0.6271,0.6,0.6,0.7,0.6,0.2857,7,0.5,0.5,0,1525.59,1566.68,-41.09,-0.0744,0.0,0.1,0.0,0.5,0,1,0,1
1473510,2025-06-01,Mumbai Indians,Punjab Kings,"Narendra Modi Stadium, Ahmedabad",Ahmedabad,2025,0.5543,0.4654,0.6,0.6,0.8,0.6,0.5152,33,0.0,0.6,31,1543.48,1533.4,10.08,0.089,0.0,0.2,-0.6,0.5161,0,0,1,0
1473511,2025-06-03,Royal Challengers Bangalore,Punjab Kings,"Narendra Modi Stadium, Ahmedabad",Ahmedabad,2025,0.5,0.4674,0.8,0.6,0.7,0.7,0.5,36,0.4,0.6667,32,1603.73,1549.86,53.87,0.0326,0.2,0.0,-0.2667,0.5312,0,0,1,1
1527674,2026-03-28,Sunrisers Hyderabad,Royal Challengers Bangalore,"M Chinnaswamy Stadium, Bengaluru",Bengaluru,2026,0.4821,0.5019,0.8,0.8,0.5,0.8,0.56,25,1.0,0.4737,19,1511.55,1617.27,-105.72,-0.0198,0.0,-0.3,0.5263,0.4737,-1,0,1,0
1527675,2026-03-29,Kolkata Knight Riders,Mumbai Indians,"Wankhede Stadium, Mumbai",Mumbai,2026,0.5171,0.5523,0.4,0.4,0.4,0.7,0.3143,35,0.4444,0.6,52,1535.11,1527.01,8.09,-0.0352,0.0,-0.3,-0.1556,0.5962,-1,0,1,0
1527676,2026-03-30,Chennai Super Kings,Rajasthan Royals,"Barsapara Cricket Stadium, Guwahati",Guwahati,2026,0.5657,0.4979,0.4,0.4,0.3,0.2,0.5161,31,0.0,0.4,5,1468.84,1466.95,1.89,0.0679,0.0,0.1,-0.4,0.4,0,0,1,0
1527677,2026-03-31,Gujarat Titans,Punjab Kings,"Maharaja Yadavindra Singh International Cricket Stadium, New Chandigarh",New Chandigarh,2026,0.6167,0.4656,0.4,0.4,0.5,0.6,0.5,6,0.0,0.5,1,1548.8,1536.32,12.48,0.151,0.0,-0.1,-0.5,0.0,0,0,1,0
1527678,2026-04-01,Lucknow Super Giants,Delhi Capitals,"Bharat Ratna Shri Atal Bihari Vajpayee Ekana Cricket Stadium, Lucknow",Lucknow,2026,0.5263,0.4639,0.2,0.2,0.4,0.4,0.4286,7,0.45,0.6667,21,1500.86,1531.72,-30.85,0.0624,0.0,0.0,-0.2167,0.5714,1,0,1,0
1527679,2026-04-02,Sunrisers Hyderabad,Kolkata Knight Riders,"Eden Gardens, Kolkata",Kolkata,2026,0.4796,0.5152,0.6,0.4,0.5,0.4,0.3333,30,0.3333,0.45,22,1500.27,1518.73,-18.46,-0.0356,0.2,0.1,-0.1167,0.4545,-1,0,1,1
1527680,2026-04-03,Chennai Super Kings,Punjab Kings,"MA Chidambaram Stadium, Chepauk, Chennai",Chennai,2026,0.5635,0.4677,0.4,0.6,0.3,0.6,0.5,32,0.5238,0.8,34,1452.75,1552.89,-100.15,0.0958,-0.2,-0.3,-0.2762,0.5294,1,0,1,0
1527681,2026-04-04,Mumbai Indians,Delhi Capitals,"Arun Jaitley Stadium, Delhi",Delhi,2026,0.554,0.4659,0.6,0.4,0.7,0.4,0.5676,37,0.8,0.4118,23,1543.39,1546.3,-2.91,0.088,0.2,0.3,0.3882,0.4348,-1,0,1,0
1527682,2026-04-04,Rajasthan Royals,Gujarat Titans,"Narendra Modi Stadium, Ahmedabad",Ahmedabad,2026,0.5,0.6066,0.4,0.2,0.3,0.5,0.25,8,0.6,0.5652,33,1483.04,1532.22,-49.19,-0.1066,0.2,-0.2,0.0348,0.5152,-1,1,0,1
1527683,2026-04-05,Sunrisers Hyderabad,Lucknow Super Giants,"Rajiv Gandhi International Stadium, Uppal, Hyderabad",Hyderabad,2026,0.4822,0.5172,0.8,0.2,0.6,0.3,0.3333,6,0.4444,0.6667,18,1517.12,1486.28,30.84,-0.035,0.6,0.3,-0.2222,0.5556,1,0,1,0
1527684,2026-04-05,Royal Challengers Bangalore,Chennai Super Kings,"M Chinnaswamy Stadium, Bengaluru",Bengaluru,2026,0.5037,0.5613,0.8,0.4,0.8,0.3,0.3824,34,0.5,0.3333,20,1628.54,1441.24,187.31,-0.0575,0.4,0.5,0.1667,0.5,1,0,1,1
1527686,2026-04-07,Rajasthan Royals,Mumbai Indians,"Barsapara Cricket Stadium, Guwahati",Guwahati,2026,0.5021,0.552,0.6,0.4,0.4,0.6,0.4667,30,0.5,0.5,6,1501.29,1527.52,-26.23,-0.0498,0.2,-0.2,0.0,0.5,0,0,1,1
1527687,2026-04-08,Gujarat Titans,Delhi Capitals,"Arun Jaitley Stadium, Delhi",Delhi,2026,0.5968,0.4679,0.0,0.6,0.4,0.5,0.5714,7,0.6667,0.4444,24,1513.97,1562.17,-48.19,0.1288,-0.6,-0.1,0.2222,0.4583,-1,0,1,1
1527688,2026-04-09,Kolkata Knight Riders,Lucknow Super Giants,"Eden Gardens, Kolkata",Kolkata,2026,0.5132,0.5254,0.2,0.4,0.3,0.3,0.3333,6,0.4286,0.5,23,1501.88,1503.7,-1.81,-0.0122,-0.2,0.0,-0.0714,0.4348,1,0,1,0
1527689,2026-04-10,Royal Challengers Bangalore,Rajasthan Royals,"Barsapara Cricket Stadium, Guwahati",Guwahati,2026,0.5056,0.5042,1.0,0.8,0.9,0.5,0.5484,31,0.5,0.5714,7,1636.66,1518.49,118.17,0.0013,0.2,0.4,-0.0714,0.4286,0,0,1,0
1527690,2026-04-11,Sunrisers Hyderabad,Punjab Kings,"Maharaja Yadavindra Singh International Cricket Stadium, New Chandigarh",New Chandigarh,2026,0.4798,0.4697,0.6,0.6,0.5,0.7,0.7083,24,0.5,1.0,2,1499.7,1564.41,-64.7,0.0101,0.0,-0.2,-0.5,0.5,0,0,1,0
1527691,2026-04-11,Chennai Super Kings,Delhi Capitals,"MA Chidambaram Stadium, Chepauk, Chennai",Chennai,2026,0.5591,0.4662,0.2,0.6,0.2,0.4,0.6129,31,0.5,0.75,35,1433.11,1543.96,-110.85,0.0929,-0.4,-0.2,-0.25,0.5429,1,0,1,1
1527692,2026-04-12,Lucknow Super Giants,Gujarat Titans,"Bharat Ratna Shri Atal Bihari Vajpayee Ekana Cricket Stadium, Lucknow",Lucknow,2026,0.5333,0.6032,0.6,0.2,0.4,0.4,0.4286,7,0.4286,0.3333,22,1519.61,1532.18,-12.56,-0.0698,0.4,0.0,0.0952,0.5909,1,0,1,0
1527693,2026-04-12,Royal Challengers Bangalore,Mumbai Indians,"Wankhede Stadium, Mumbai",Mumbai,2026,0.5037,0.55,0.8,0.4,0.8,0.5,0.4412,34,0.6667,0.6154,53,1615.42,1510.31,105.11,-0.0463,0.4,0.3,0.0513,0.6038,-1,0,1,1
1529264,2026-04-13,Sunrisers Hyderabad,Rajasthan Royals,"Rajiv Gandhi International Stadium, Uppal, Hyderabad",Hyderabad,2026,0.4774,0.5063,0.4,1.0,0.5,0.6,0.5714,21,0.4211,0.3333,19,1486.65,1539.73,-53.08,-0.0289,-0.6,-0.1,0.0877,0.5789,1,0,1,1
1529265,2026-04-14,Chennai Super Kings,Kolkata Knight Riders,"MA Chidambaram Stadium, Chepauk, Chennai",Chennai,2026,0.5608,0.5113,0.4,0.0,0.3,0.3,0.6452,31,0.5217,0.5714,36,1454.05,1485.97,-31.91,0.0495,0.4,0.0,-0.0497,0.5278,1,0,1,1
1529266,2026-04-15,Lucknow Super Giants,Royal Challengers Bangalore,"M Chinnaswamy Stadium, Bengaluru",Bengaluru,2026,0.5246,0.5055,0.4,0.8,0.3,0.8,0.3333,6,1.0,0.5238,21,1504.19,1626.73,-122.53,0.0191,-0.4,-0.5,0.4762,0.4762,-1,0,1,0
1529267,2026-04-16,Mumbai Indians,Punjab Kings,"Wankhede Stadium, Mumbai",Mumbai,2026,0.548,0.4717,0.2,0.8,0.4,0.7,0.5,34,0.5926,0.5,54,1499.01,1577.46,-78.45,0.0763,-0.6,-0.3,0.0926,0.5926,1,0,1,0
1529268,2026-04-17,Kolkata Knight Riders,Gujarat Titans,"Narendra Modi Stadium, Ahmedabad",Ahmedabad,2026,0.5094,0.6094,0.0,0.4,0.2,0.5,0.25,4,0.75,0.5417,34,1468.5,1547.6,-79.1,-0.1,-0.4,-0.3,0.2083,0.5,-1,1,0,0
1529269,2026-04-18,Royal Challengers Bangalore,Delhi Capitals,"M Chinnaswamy Stadium, Bengaluru",Bengaluru,2026,0.5074,0.4644,0.8,0.6,0.8,0.4,0.625,32,0.5455,0.3333,22,1637.31,1523.02,114.28,0.0429,0.2,0.4,0.2121,0.5,1,0,1,0
1529270,2026-04-18,Sunrisers Hyderabad,Chennai Super Kings,"Rajiv Gandhi International Stadium, Uppal, Hyderabad",Hyderabad,2026,0.48,0.5625,0.4,0.4,0.6,0.4,0.3182,22,0.45,0.0,20,1505.07,1471.52,33.56,-0.0825,0.0,0.2,0.45,0.55,1,0,1,1
1529271,2026-04-19,Rajasthan Royals,Kolkata Knight Riders,"Eden Gardens, Kolkata",Kolkata,2026,0.5042,0.5075,0.8,0.0,0.6,0.2,0.4667,30,0.5,0.4091,24,1521.31,1456.08,65.22,-0.0033,0.8,0.4,0.0909,0.4583,-1,1,0,0
1529272,2026-04-19,Punjab Kings,Lucknow Super Giants,"Maharaja Yadavindra Singh International Cricket Stadium, New Chandigarh",New Chandigarh,2026,0.4737,0.5161,0.8,0.4,0.7,0.3,0.5,6,1.0,0.5,3,1589.91,1493.61,96.3,-0.0424,0.4,0.4,0.5,0.6667,0,0,1,1
1529273,2026-04-20,Mumbai Indians,Gujarat Titans,"Narendra Modi Stadium, Ahmedabad",Ahmedabad,2026,0.5461,0.6154,0.2,0.6,0.3,0.5,0.375,8,0.0,0.56,35,1486.56,1560.02,-73.45,-0.0693,-0.4,-0.2,-0.56,0.5143,-1,0,1,1
1529274,2026-04-21,Sunrisers Hyderabad,Delhi Capitals,"Rajiv Gandhi International Stadium, Uppal, Hyderabad",Hyderabad,2026,0.4826,0.4664,0.6,0.6,0.6,0.4,0.52,25,0.4762,1.0,21,1519.53,1544.1,-24.57,0.0162,0.0,0.2,-0.5238,0.5238,1,0,1,1
1529275,2026-04-22,Rajasthan Royals,Lucknow Super Giants,"Bharat Ratna Shri Atal Bihari Vajpayee Ekana Cricket Stadium, Lucknow",Lucknow,2026,0.5021,0.5079,0.6,0.4,0.5,0.3,0.6667,6,1.0,0.4091,23,1502.34,1481.94,20.4,-0.0058,0.2,0.2,0.5909,0.6087,-1,0,1,1
1529276,2026-04-23,Chennai Super Kings,Mumbai Indians,"Wankhede Stadium, Mumbai",Mumbai,2026,0.5603,0.5477,0.4,0.2,0.4,0.4,0.4615,39,0.5,0.5714,55,1457.06,1505.9,-48.84,0.0126,0.2,0.0,-0.0714,0.6,-1,0,1,1
1529277,2026-04-24,Gujarat Titans,Royal Challengers Bangalore,"M Chinnaswamy Stadium, Bengaluru",Bengaluru,2026,0.6061,0.5055,0.6,0.6,0.4,0.7,0.5,6,0.6667,0.5217,23,1540.68,1616.22,-75.54,0.1006,0.0,-0.3,0.1449,0.5217,-1,0,1,0
1529278,2026-04-25,Delhi Capitals,Punjab Kings,"Arun Jaitley Stadium, Delhi",Delhi,2026,0.4647,0.4757,0.4,1.0,0.4,0.7,0.5,34,0.4211,1.0,25,1526.97,1601.58,-74.61,-0.011,-0.6,-0.3,-0.5789,0.44,1,1,0,0
1529279,2026-04-25,Rajasthan Royals,Sunrisers Hyderabad,"Sawai Mansingh Stadium, Jaipur",Jaipur,2026,0.5042,0.4851,0.6,0.6,0.6,0.7,0.4091,22,0.4,1.0,17,1517.4,1536.66,-19.26,0.019,0.0,-0.1,-0.6,0.5294,1,0,1,0
1529280,2026-04-26,Chennai Super Kings,Gujarat Titans,"MA Chidambaram Stadium, Chepauk, Chennai",Chennai,2026,0.562,0.597,0.6,0.6,0.5,0.3,0.5,8,0.5417,0.0,37,1475.29,1528.11,-52.82,-0.035,0.0,0.2,0.5417,0.5135,1,0,1,0
1529281,2026-04-26,Kolkata Knight Riders,Lucknow Super Giants,"Bharat Ratna Shri Atal Bihari Vajpayee Ekana Cricket Stadium, Lucknow",Lucknow,2026,0.5093,0.5,0.2,0.2,0.3,0.3,0.2857,7,1.0,0.3913,24,1475.05,1466.87,8.18,0.0093,0.0,0.0,0.6087,0.5833,-1,0,1,1
1529282,2026-04-27,Delhi Capitals,Royal Challengers Bangalore,"Arun Jaitley Stadium, Delhi",Delhi,2026,0.463,0.5073,0.2,0.6,0.4,0.8,0.3939,33,0.4,0.5,26,1514.36,1628.8,-114.44,-0.0443,-0.4,-0.4,-0.1,0.4615,1,0,1,0
1529283,2026-04-28,Punjab Kings,Rajasthan Royals,"Maharaja Yadavindra Singh International Cricket Stadium, New Chandigarh",New Chandigarh,2026,0.4776,0.5021,1.0,0.4,0.8,0.6,0.4333,30,1.0,0.5,4,1614.2,1502.29,111.91,-0.0245,0.6,0.2,0.5,0.5,0,0,1,0
1529284,2026-04-29,Mumbai Indians,Sunrisers Hyderabad,"Wankhede Stadium, Mumbai",Mumbai,2026,0.5458,0.4877,0.2,0.8,0.3,0.7,0.6,25,0.5517,0.1429,56,1487.66,1551.78,-64.11,0.0581,-0.6,-0.4,0.4089,0.5893,1,1,0,0
1529285,2026-04-30,Royal Challengers Bangalore,Gujarat Titans,"Narendra Modi Stadium, Ahmedabad",Ahmedabad,2026,0.5091,0.6029,0.8,0.6,0.8,0.4,0.5714,7,0.5,0.5385,36,1639.71,1541.7,98.02,-0.0939,0.2,0.4,-0.0385,0.5,-1,0,1,0
1529286,2026-05-01,Rajasthan Royals,Delhi Capitals,"Sawai Mansingh Stadium, Jaipur",Jaipur,2026,0.5041,0.4613,0.4,0.2,0.7,0.4,0.5,30,0.375,0.5,18,1523.27,1503.45,19.82,0.0429,0.2,0.3,-0.125,0.5556,1,1,0,0
1529287,2026-05-02,Mumbai Indians,Chennai Super Kings,"MA Chidambaram Stadium, Chepauk, Chennai",Chennai,2026,0.5439,0.5598,0.2,0.6,0.3,0.4,0.525,40,0.375,0.52,38,1474.58,1461.71,12.88,-0.016,-0.4,-0.1,-0.145,0.5263,-1,1,0,0
1529288,2026-05-03,Sunrisers Hyderabad,Kolkata Knight Riders,"Rajiv Gandhi International Stadium, Uppal, Hyderabad",Hyderabad,2026,0.4902,0.5111,1.0,0.4,0.7,0.3,0.3548,31,0.5,1.0,22,1564.86,1490.67,74.18,-0.0209,0.6,0.4,-0.5,0.5,1,1,0,0
1529289,2026-05-03,Punjab Kings,Gujarat Titans,"Narendra Modi Stadium, Ahmedabad",Ahmedabad,2026,0.4758,0.6087,0.8,0.6,0.7,0.5,0.5714,7,0.5714,0.5556,37,1593.22,1562.09,31.12,-0.1329,0.2,0.2,0.0159,0.5135,-1,0,1,0
1529290,2026-05-04,Lucknow Super Giants,Mumbai Indians,"Wankhede Stadium, Mumbai",Mumbai,2026,0.4923,0.542,0.0,0.2,0.3,0.2,0.75,8,0.5,0.5333,57,1451.25,1457.99,-6.74,-0.0497,-0.2,0.1,-0.0333,0.5965,-1,0,1,0
1529291,2026-05-05,Delhi Capitals,Chennai Super Kings,"Arun Jaitley Stadium, Delhi",Delhi,2026,0.4632,0.5615,0.4,0.6,0.5,0.5,0.375,32,0.381,0.5,27,1520.36,1478.3,42.06,-0.0983,-0.2,0.0,-0.119,0.4815,1,1,0,0
1529292,2026-05-06,Sunrisers Hyderabad,Punjab Kings,"Rajiv Gandhi International Stadium, Uppal, Hyderabad",Hyderabad,2026,0.4878,0.4741,0.8,0.6,0.6,0.7,0.68,25,0.4783,0.0,23,1545.49,1575.79,-30.3,0.0137,0.2,-0.1,0.4783,0.5217,1,0,1,1
1529293,2026-05-07,Lucknow Super Giants,Royal Challengers Bangalore,"Bharat Ratna Shri Atal Bihari Vajpayee Ekana Cricket Stadium, Lucknow",Lucknow,2026,0.4848,0.5072,0.0,0.6,0.2,0.7,0.2857,7,0.375,0.6667,25,1435.56,1619.31,-183.75,-0.0224,-0.6,-0.5,-0.2917,0.56,1,0,1,1
1529294,2026-05-08,Delhi Capitals,Kolkata Knight Riders,"Arun Jaitley Stadium, Delhi",Delhi,2026,0.4615,0.5129,0.2,0.6,0.4,0.3,0.4412,34,0.3636,0.3333,28,1502.43,1510.04,-7.61,-0.0514,-0.4,0.1,0.0303,0.5,1,0,1,0
1529295,2026-05-09,Gujarat Titans,Rajasthan Royals,"Sawai Mansingh Stadium, Jaipur",Jaipur,2026,0.6143,0.5021,0.6,0.4,0.6,0.6,0.6667,9,0.6667,0.3529,19,1579.52,1506.36,73.17,0.1122,0.2,0.0,0.3137,0.5789,-1,0,1,1
1529296,2026-05-10,Lucknow Super Giants,Chennai Super Kings,"MA Chidambaram Stadium, Chepauk, Chennai",Chennai,2026,0.4925,0.5632,0.2,0.6,0.3,0.5,0.6,5,0.3333,0.5385,39,1459.31,1496.23,-36.91,-0.0707,-0.4,-0.2,-0.2051,0.5385,-1,0,1,0
1529297,2026-05-10,Mumbai Indians,Royal Challengers Bangalore,"Shaheed Veer Narayan Singh International Stadium, Raipur",Raipur,2026,0.5436,0.5054,0.4,0.4,0.3,0.6,0.5429,35,0.5,0.5,0,1473.68,1595.56,-121.88,0.0381,0.0,-0.3,0.0,0.5,0,0,1,0
1529298,2026-05-11,Punjab Kings,Delhi Capitals,"Himachal Pradesh Cricket Association Stadium, Dharamsala",Dharamsala,2026,0.4723,0.4599,0.4,0.2,0.6,0.3,0.5143,35,0.2,1.0,5,1558.4,1486.78,71.62,0.0125,0.2,0.3,-0.8,0.2,1,0,1,0
1529299,2026-05-12,Gujarat Titans,Sunrisers Hyderabad,"Narendra Modi Stadium, Ahmedabad",Ahmedabad,2026,0.6197,0.4903,0.8,0.8,0.7,0.7,0.8333,6,0.5714,0.0,38,1592.2,1562.88,29.32,0.1294,0.0,0.0,0.5714,0.5263,1,0,1,1
1529300,2026-05-13,Kolkata Knight Riders,Royal Challengers Bangalore,"Shaheed Veer Narayan Singh International Stadium, Raipur",Raipur,2026,0.5147,0.5072,0.8,0.6,0.4,0.6,0.5714,35,0.5,1.0,1,1525.69,1606.17,-80.48,0.0075,0.2,-0.2,-0.5,1.0,0,0,1,0
1529301,2026-05-14,Punjab Kings,Mumbai Indians,"Himachal Pradesh Cricket Association Stadium, Dharamsala",Dharamsala,2026,0.4706,0.5417,0.2,0.2,0.6,0.2,0.5143,35,0.1667,0.5,6,1539.14,1463.07,76.07,-0.0711,0.0,0.4,-0.3333,0.3333,1,0,1,0
1529302,2026-05-15,Chennai Super Kings,Lucknow Super Giants,"Bharat Ratna Shri Atal Bihari Vajpayee Ekana Cricket Stadium, Lucknow",Lucknow,2026,0.5649,0.4853,0.8,0.2,0.6,0.3,0.5,6,0.5,0.4,26,1510.53,1445.01,65.53,0.0796,0.6,0.3,0.1,0.5385,-1,0,1,0
1529303,2026-05-16,Kolkata Knight Riders,Gujarat Titans,"Eden Gardens, Kolkata",Kolkata,2026,0.5128,0.625,0.8,1.0,0.4,0.8,0.2,5,0.4348,1.0,25,1513.33,1606.86,-93.52,-0.1122,-0.2,-0.4,-0.5652,0.48,1,0,1,1
1529304,2026-05-17,Royal Challengers Bangalore,Punjab Kings,"Himachal Pradesh Cricket Association Stadium, Dharamsala",Dharamsala,2026,0.509,0.4689,0.6,0.0,0.6,0.5,0.5135,37,1.0,0.1429,7,1618.53,1519.7,98.83,0.0401,0.6,0.1,0.8571,0.4286,-1,0,1,1
1529305,2026-05-17,Rajasthan Royals,Delhi Capitals,"Arun Jaitley Stadium, Delhi",Delhi,2026,0.5,0.4618,0.4,0.4,0.5,0.3,0.4839,31,0.4,0.3478,29,1493.68,1506.03,-12.35,0.0382,0.0,0.2,0.0522,0.5172,-1,0,1,0
1529306,2026-05-18,Chennai Super Kings,Sunrisers Hyderabad,"MA Chidambaram Stadium, Chepauk, Chennai",Chennai,2026,0.5627,0.4879,0.6,0.6,0.6,0.6,0.6522,23,0.5556,0.3,40,1491.55,1548.23,-56.68,0.0748,0.0,0.0,0.2556,0.55,1,1,0,0
1529307,2026-05-19,Lucknow Super Giants,Rajasthan Royals,"Sawai Mansingh Stadium, Jaipur",Jaipur,2026,0.4928,0.498,0.4,0.2,0.3,0.4,0.2857,7,0.6667,0.3333,20,1463.99,1478.25,-14.26,-0.0052,0.2,-0.1,0.3333,0.55,-1,0,1,0
1529308,2026-05-20,Mumbai Indians,Kolkata Knight Riders,"Eden Gardens, Kolkata",Kolkata,2026,0.5433,0.5146,0.4,0.8,0.3,0.5,0.6944,36,0.0,0.4583,26,1482.52,1533.54,-51.02,0.0287,-0.4,-0.2,-0.4583,0.4615,-1,0,1,0
1529309,2026-05-21,Gujarat Titans,Chennai Super Kings,"Narendra Modi Stadium, Ahmedabad",Ahmedabad,2026,0.6164,0.5606,0.8,0.6,0.7,0.6,0.5556,9,0.5862,0.5,39,1586.65,1478.14,108.51,0.0558,0.2,0.1,0.0862,0.5128,1,0,1,1
1529310,2026-05-22,Sunrisers Hyderabad,Royal Challengers Bangalore,"Rajiv Gandhi International Stadium, Uppal, Hyderabad",Hyderabad,2026,0.4904,0.5107,0.6,0.6,0.7,0.7,0.5385,26,0.5,1.0,24,1561.64,1630.09,-68.45,-0.0203,0.0,0.0,-0.5,0.5,1,1,0,1
1529311,2026-05-23,Lucknow Super Giants,Punjab Kings,"Bharat Ratna Shri Atal Bihari Vajpayee Ekana Cricket Stadium, Lucknow",Lucknow,2026,0.4857,0.4672,0.4,0.0,0.2,0.4,0.4286,7,0.4231,0.6667,27,1448.65,1508.13,-59.48,0.0186,0.4,-0.2,-0.2436,0.5556,1,0,1,0
1529312,2026-05-24,Rajasthan Royals,Mumbai Indians,"Wankhede Stadium, Mumbai",Mumbai,2026,0.5,0.5414,0.4,0.4,0.4,0.3,0.4839,31,0.5,0.5484,58,1493.59,1468.85,24.74,-0.0414,0.0,0.1,-0.0484,0.6034,-1,0,1,1
1529313,2026-05-24,Delhi Capitals,Kolkata Knight Riders,"Eden Gardens, Kolkata",Kolkata,2026,0.4638,0.5164,0.6,0.8,0.4,0.6,0.4286,35,0.0,0.48,27,1521.46,1547.2,-25.74,-0.0526,-0.2,-0.2,-0.48,0.4815,-1,0,1,1
1535462,2026-05-26,Royal Challengers Bangalore,Gujarat Titans,"Himachal Pradesh Cricket Association Stadium, Dharamsala",Dharamsala,2026,0.5089,0.6216,0.6,0.8,0.6,0.7,0.5,8,1.0,0.5,8,1610.98,1597.81,13.17,-0.1127,-0.2,-0.1,0.5,0.375,0,0,1,1
1535463,2026-05-27,Rajasthan Royals,Sunrisers Hyderabad,"Maharaja Yadavindra Singh International Cricket Stadium, New Chandigarh",New Chandigarh,2026,0.502,0.4928,0.4,0.6,0.4,0.8,0.3913,23,1.0,0.0,5,1508.45,1580.76,-72.3,0.0092,-0.2,-0.4,1.0,0.6,0,0,1,1
1535464,2026-05-29,Rajasthan Royals,Gujarat Titans,"Maharaja Yadavindra Singh International Cricket Stadium, New Chandigarh",New Chandigarh,2026,0.504,0.6133,0.6,0.6,0.5,0.6,0.3,10,1.0,0.0,6,1527.73,1582.42,-54.68,-0.1093,0.0,-0.1,1.0,0.5,0,1,0,0
1535465,2026-05-31,Gujarat Titans,Royal Challengers Bangalore,"Narendra Modi Stadium, Ahmedabad",Ahmedabad,2026,0.6184,0.5106,0.6,0.8,0.7,0.6,0.4444,9,0.6,0.4286,40,1595.92,1626.38,-30.46,0.1078,-0.2,0.1,0.1714,0.5,1,0,1,0
